listing,year,reference,title,document_type,download_id,download_url
Chronological list by year,2026,No. 5 of 2026,Civil Division Act,amendment,123906,https://laws.gov.tt/ttdll-web/revision/download/123906?type=amendment
Chronological list by year,2026,No. 4 of 2026,Miscellaneous Provisions (FATF Compliance) Act,amendment,123766,https://laws.gov.tt/ttdll-web/revision/download/123766?type=amendment
Chronological list by year,2026,No. 3 of 2026,Copyright (Amendment) Act,amendment,123704,https://laws.gov.tt/ttdll-web/revision/download/123704?type=amendment
Chronological list by year,2026,No. 2 of 2026,Motor Vehicles and Road Traffic (Amendment) Act,amendment,123556,https://laws.gov.tt/ttdll-web/revision/download/123556?type=amendment
Chronological list by year,2026,No. 1 of 2026,Tobago House of Assembly (Amendment) Act,amendment,123534,https://laws.gov.tt/ttdll-web/revision/download/123534?type=amendment
Chronological list by year,2025,No. 14 of 2025,Finance Act,amendment,123246,https://laws.gov.tt/ttdll-web/revision/download/123246?type=amendment
Chronological list by year,2025,No. 13 of 2025,Summary Offences (Amendment) Act,amendment,123152,https://laws.gov.tt/ttdll-web/revision/download/123152?type=amendment
Chronological list by year,2025,No. 12 of 2025,Virtual Assets and Virtual Asset Service Providers Act,amendment,123244,https://laws.gov.tt/ttdll-web/revision/download/123244?type=amendment
Chronological list by year,2025,No. 11 of 2025,Home Invasion (Self-Defence and Defence of Property) Act,amendment,123150,https://laws.gov.tt/ttdll-web/revision/download/123150?type=amendment
Chronological list by year,2025,No. 10 of 2025,Administration of Justice (Indictable Proceedings) (Amendment) Act,amendment,123128,https://laws.gov.tt/ttdll-web/revision/download/123128?type=amendment
Chronological list by year,2025,No. 9 of 2025,Appropriation (Financial Year 2026) Act,amendment,122463,https://laws.gov.tt/ttdll-web/revision/download/122463?type=amendment
Chronological list by year,2025,No. 8 of 2025,Counter-Proliferation Financing Act,amendment,122449,https://laws.gov.tt/ttdll-web/revision/download/122449?type=amendment
Chronological list by year,2025,No. 7 of 2025,Miscellaneous Provisions (FATF Compliance) Act,amendment,122532,https://laws.gov.tt/ttdll-web/revision/download/122532?type=amendment
Chronological list by year,2025,No. 6 of 2025,Constitution (Amendment) Act,amendment,122381,https://laws.gov.tt/ttdll-web/revision/download/122381?type=amendment
Chronological list by year,2025,No. 5 of 2025,Finance (Supplementary Appropriation) (Financial Year 2025) Act,amendment,121972,https://laws.gov.tt/ttdll-web/revision/download/121972?type=amendment
Chronological list by year,2025,No. 4 of 2025,Prime Minister’s Pension (Amendment) Act,amendment,121979,https://laws.gov.tt/ttdll-web/revision/download/121979?type=amendment
Chronological list by year,2025,No. 3 of 2025,Trinidad and Tobago Revenue Authority (Repeal) Act,amendment,121977,https://laws.gov.tt/ttdll-web/revision/download/121977?type=amendment
Chronological list by year,2025,No. 2 of 2025,Children’s Life Fund (Amendment) Act,amendment,121975,https://laws.gov.tt/ttdll-web/revision/download/121975?type=amendment
Chronological list by year,2025,No. 1 of 2025,National Emblems of Trinidad and Tobago (Regulation) (Amendment) Act,amendment,120948,https://laws.gov.tt/ttdll-web/revision/download/120948?type=amendment
Chronological list by year,2024,No. 18 of 2024,Finance Act,amendment,120710,https://laws.gov.tt/ttdll-web/revision/download/120710?type=amendment
Chronological list by year,2024,No. 17 of 2024,"Miscellaneous Provisions [Proceeds of Crime, Anti-Terrorism, Financial Intelligence Unit of Trinidad and Tobago, Securities, Insurance ......(FATF Compliance)] Act",amendment,120726,https://laws.gov.tt/ttdll-web/revision/download/120726?type=amendment
Chronological list by year,2024,No. 16 of 2024,Appropriation (Financial Year 2025) Act,amendment,120341,https://laws.gov.tt/ttdll-web/revision/download/120341?type=amendment
Chronological list by year,2024,No. 15 of 2024,Miscellaneous Provisions (Global Forum) Act,amendment,119866,https://laws.gov.tt/ttdll-web/revision/download/119866?type=amendment
Chronological list by year,2024,No. 14 of 2024,Miscellaneous Provisions (Judicial and Legal Service) Act,amendment,119860,https://laws.gov.tt/ttdll-web/revision/download/119860?type=amendment
Chronological list by year,2024,No. 13 of 2024,National Musical Instrument Act,amendment,119392,https://laws.gov.tt/ttdll-web/revision/download/119392?type=amendment
Chronological list by year,2024,No. 12 of 2024,Administration of Justice (Indictable Proceedings) (Amendment) (No. 2) Act,amendment,119390,https://laws.gov.tt/ttdll-web/revision/download/119390?type=amendment
Chronological list by year,2024,No. 11 of 2024,Bail (Amendment) Act,amendment,119388,https://laws.gov.tt/ttdll-web/revision/download/119388?type=amendment
Chronological list by year,2024,No. 10 of 2024,Miscellaneous Provisions (Testing and Identification) Act,amendment,119386,https://laws.gov.tt/ttdll-web/revision/download/119386?type=amendment
Chronological list by year,2024,No. 9 of 2024,Whistleblower Protection Act,amendment,119384,https://laws.gov.tt/ttdll-web/revision/download/119384?type=amendment
Chronological list by year,2024,No. 8 of 2024,Finance (Supplementary Appropriation) (Financial Year 2024) Act,amendment,119317,https://laws.gov.tt/ttdll-web/revision/download/119317?type=amendment
Chronological list by year,2024,No. 7 of 2024,Miscellaneous Provisions (Administration of Justice) Act,amendment,119265,https://laws.gov.tt/ttdll-web/revision/download/119265?type=amendment
Chronological list by year,2024,No. 6 of 2024,Administration of Justice (Indictable Proceedings) (Amendment) Act,amendment,119342,https://laws.gov.tt/ttdll-web/revision/download/119342?type=amendment
Chronological list by year,2024,No. 5 of 2024,ICC Men’s T20 Cricket World Cup 2024 Act,amendment,119218,https://laws.gov.tt/ttdll-web/revision/download/119218?type=amendment
Chronological list by year,2024,No. 4 of 2024,"Miscellaneous Provisions (Registrar General, Companies, Registration of Business Names, and Non-Profit Organisations) Act",amendment,119170,https://laws.gov.tt/ttdll-web/revision/download/119170?type=amendment
Chronological list by year,2024,No. 3 of 2024,Property Tax (Amendment) Act,amendment,119063,https://laws.gov.tt/ttdll-web/revision/download/119063?type=amendment
Chronological list by year,2024,No. 2 of 2024,Base Erosion and Profit-Shifting Inclusive Framework (Country-by-Country) Reporting Act,amendment,119035,https://laws.gov.tt/ttdll-web/revision/download/119035?type=amendment
Chronological list by year,2024,No. 1 of 2024,"Miscellaneous Provisions (Trustees, ....... Mutual Administrative Assistance in Tax Matters) Act",amendment,118816,https://laws.gov.tt/ttdll-web/revision/download/118816?type=amendment
Chronological list by year,2023,No. 15 of 2023,Finance Act,amendment,118614,https://laws.gov.tt/ttdll-web/revision/download/118614?type=amendment
Chronological list by year,2023,No. 14 of 2023,Appropriation (Financial Year 2024) Act,amendment,118514,https://laws.gov.tt/ttdll-web/revision/download/118514?type=amendment
Chronological list by year,2023,No. 13 of 2023,Public Procurement and Disposal of Public Property (Amendment and Validation) Act,amendment,117534,https://laws.gov.tt/ttdll-web/revision/download/117534?type=amendment
Chronological list by year,2023,No. 12 of 2023,Administration of Justice (Indictable Proceedings) (Amendment) Act,amendment,117493,https://laws.gov.tt/ttdll-web/revision/download/117493?type=amendment
Chronological list by year,2023,No. 11 of 2023,Arbitration Act,amendment,117491,https://laws.gov.tt/ttdll-web/revision/download/117491?type=amendment
Chronological list by year,2023,No. 10 of 2023,Trinidad and Tobago National Council on Alcoholism (Incorporation) (Amendment) Act,amendment,117489,https://laws.gov.tt/ttdll-web/revision/download/117489?type=amendment
Chronological list by year,2023,No. 9 of 2023,Pentecostal Assemblies of the West Indies Incorporation (Amendment) Act,amendment,117487,https://laws.gov.tt/ttdll-web/revision/download/117487?type=amendment
Chronological list by year,2023,No. 8 of 2023,Trinidad and Tobago Netball Association (Incorporation) (Amendment) Act,amendment,117485,https://laws.gov.tt/ttdll-web/revision/download/117485?type=amendment
Chronological list by year,2023,No. 7 of 2023,Anti-Doping in Sport (Amendment) Act,amendment,117483,https://laws.gov.tt/ttdll-web/revision/download/117483?type=amendment
Chronological list by year,2023,No. 6 of 2023,Miscellaneous Provisions (Establishment of the Borough of Diego Martin and the Borough of Siparia) Act,amendment,117320,https://laws.gov.tt/ttdll-web/revision/download/117320?type=amendment
Chronological list by year,2023,No. 5 of 2023,Valuation of Land (Amendment) Act,amendment,117318,https://laws.gov.tt/ttdll-web/revision/download/117318?type=amendment
Chronological list by year,2023,No. 4 of 2023,Municipal Corporations (Extension of Terms of Office and Validation) Act,amendment,117316,https://laws.gov.tt/ttdll-web/revision/download/117316?type=amendment
Chronological list by year,2023,No. 3 of 2023,Finance (Supplementation and Variation of Appropriation) (Financial Year 2023) Act,amendment,116995,https://laws.gov.tt/ttdll-web/revision/download/116995?type=amendment
Chronological list by year,2023,No. 2 of 2023,Firearms (Amendment) Act,amendment,116525,https://laws.gov.tt/ttdll-web/revision/download/116525?type=amendment
Chronological list by year,2023,No. 1 of 2023,Finance (Supplementary Appropriation) (Financial Year 2022) Act,amendment,116331,https://laws.gov.tt/ttdll-web/revision/download/116331?type=amendment
Chronological list by year,2022,No. 24 of 2022,Scrap Metal Act,amendment,116139,https://laws.gov.tt/ttdll-web/revision/download/116139?type=amendment
Chronological list by year,2022,No. 23 of 2022,Finance (No. 2) Act,amendment,116137,https://laws.gov.tt/ttdll-web/revision/download/116137?type=amendment
Chronological list by year,2022,No. 22 of 2022,Civil Aviation (Amendment) Act,amendment,116079,https://laws.gov.tt/ttdll-web/revision/download/116079?type=amendment
Chronological list by year,2022,No. 21 of 2022,Finance Act,amendment,116017,https://laws.gov.tt/ttdll-web/revision/download/116017?type=amendment
Chronological list by year,2022,No. 20 of 2022,Appropriation (Financial Year 2023) Act,amendment,115997,https://laws.gov.tt/ttdll-web/revision/download/115997?type=amendment
Chronological list by year,2022,No. 19 of 2022,Tobago Council for Handicapped Children (Incorporation) (Amendment) Act,amendment,112939,https://laws.gov.tt/ttdll-web/revision/download/112939?type=amendment
Chronological list by year,2022,No. 18 of 2022,Sri Sathya Sai Baba Organisation of Trinidad and Tobago (Incorporation) (Amendment) Act,amendment,112937,https://laws.gov.tt/ttdll-web/revision/download/112937?type=amendment
Chronological list by year,2022,No. 17 of 2022,Trinidad and Tobago Association for Retarded Children (Incorporation) (Amendment) Act,amendment,112935,https://laws.gov.tt/ttdll-web/revision/download/112935?type=amendment
Chronological list by year,2022,No. 16 of 2022,Soroptimist Club of Port-of-Spain (Incorporation) (Amendment) Act,amendment,112931,https://laws.gov.tt/ttdll-web/revision/download/112931?type=amendment
Chronological list by year,2022,No. 15 of 2022,National Insurance (Amendment) Act,amendment,112923,https://laws.gov.tt/ttdll-web/revision/download/112923?type=amendment
Chronological list by year,2022,No. 14 of 2022,Sexual Offences (Amendment) Act,amendment,112921,https://laws.gov.tt/ttdll-web/revision/download/112921?type=amendment
Chronological list by year,2022,No. 13 of 2022,Insurance (Amendment) Act,amendment,112895,https://laws.gov.tt/ttdll-web/revision/download/112895?type=amendment
Chronological list by year,2022,No. 12 of 2022,Bills of Exchange (Amendment) Act,amendment,112919,https://laws.gov.tt/ttdll-web/revision/download/112919?type=amendment
Chronological list by year,2022,No. 11 of 2022,Miscellaneous Provisions (Local Government Reform) Act,amendment,112917,https://laws.gov.tt/ttdll-web/revision/download/112917?type=amendment
Chronological list by year,2022,No. 10 of 2022,Cannabis Control Act,amendment,112877,https://laws.gov.tt/ttdll-web/revision/download/112877?type=amendment
Chronological list by year,2022,No. 9 of 2022,Immigration (Caribbean Community Skilled Nationals) (Amendment) Act,amendment,112875,https://laws.gov.tt/ttdll-web/revision/download/112875?type=amendment
Chronological list by year,2022,No. 8 of 2022,Finance (Supplementary Appropriation) (Financial Year 2022) Act,amendment,112841,https://laws.gov.tt/ttdll-web/revision/download/112841?type=amendment
Chronological list by year,2022,No. 7 of 2022,Companies (Amendment) Act,amendment,112805,https://laws.gov.tt/ttdll-web/revision/download/112805?type=amendment
Chronological list by year,2022,No. 6 of 2022,Southern Academy for the Performing Arts Act,amendment,112664,https://laws.gov.tt/ttdll-web/revision/download/112664?type=amendment
Chronological list by year,2022,No. 5 of 2022,National Academy for the Performing Arts Act,amendment,112662,https://laws.gov.tt/ttdll-web/revision/download/112662?type=amendment
Chronological list by year,2022,No. 4 of 2022,Foreign Labour Contracts (Repeal) Act,amendment,112660,https://laws.gov.tt/ttdll-web/revision/download/112660?type=amendment
Chronological list by year,2022,No. 3 of 2022,Summary Courts (Amendment) Act,amendment,112645,https://laws.gov.tt/ttdll-web/revision/download/112645?type=amendment
Chronological list by year,2022,No. 2 of 2022,Finance (Variation of Appropriation) (Financial Year 2021) Act,amendment,112521,https://laws.gov.tt/ttdll-web/revision/download/112521?type=amendment
Chronological list by year,2022,No. 1 of 2022,Trinidad and Tobago Special Economic Zones Act,amendment,112530,https://laws.gov.tt/ttdll-web/revision/download/112530?type=amendment
Chronological list by year,2021,No. 17 of 2021,Trinidad and Tobago Revenue Authority Act,amendment,112473,https://laws.gov.tt/ttdll-web/revision/download/112473?type=amendment
Chronological list by year,2021,No. 16 of 2021,Finance (No. 2) Act,amendment,112467,https://laws.gov.tt/ttdll-web/revision/download/112467?type=amendment
Chronological list by year,2021,No. 15 of 2021,Miscellaneous Provisions (2019 Novel Coronavirus (2019-nCoV) Vaccination Personnel) Act,amendment,112414,https://laws.gov.tt/ttdll-web/revision/download/112414?type=amendment
Chronological list by year,2021,No. 14 of 2021,Appropriation (Financial Year 2022) Act,amendment,112369,https://laws.gov.tt/ttdll-web/revision/download/112369?type=amendment
Chronological list by year,2021,No. 13 of 2021,Sexual Offences (Amendment) Act,amendment,111990,https://laws.gov.tt/ttdll-web/revision/download/111990?type=amendment
Chronological list by year,2021,No. 12 of 2021,Quarantine (Amendment) Act,amendment,111988,https://laws.gov.tt/ttdll-web/revision/download/111988?type=amendment
Chronological list by year,2021,No. 11 of 2021,Miscellaneous Provisions (Special Reserve Police and Police Complaints Authority) Act,amendment,111986,https://laws.gov.tt/ttdll-web/revision/download/111986?type=amendment
Chronological list by year,2021,No. 10 of 2021,Finance Act,amendment,111976,https://laws.gov.tt/ttdll-web/revision/download/111976?type=amendment
Chronological list by year,2021,No. 9 of 2021,Mutual Assistance in Criminal Matters (Amendment) Act,amendment,111984,https://laws.gov.tt/ttdll-web/revision/download/111984?type=amendment
Chronological list by year,2021,No. 8 of 2021,Gambling (Gaming and Betting) Control Act,amendment,111974,https://laws.gov.tt/ttdll-web/revision/download/111974?type=amendment
Chronological list by year,2021,No. 7 of 2021,Firearms (Amendment) Act,amendment,111972,https://laws.gov.tt/ttdll-web/revision/download/111972?type=amendment
Chronological list by year,2021,No. 6 of 2021,Finance (Supplementation and Variation of Appropriation) (Financial Year 2021) Act,amendment,111940,https://laws.gov.tt/ttdll-web/revision/download/111940?type=amendment
Chronological list by year,2021,No. 5 of 2021,Electronic Payments into and out of Court (Amendment) Act,amendment,111733,https://laws.gov.tt/ttdll-web/revision/download/111733?type=amendment
Chronological list by year,2021,No. 4 of 2021,Anti-Gang Act,amendment,111731,https://laws.gov.tt/ttdll-web/revision/download/111731?type=amendment
Chronological list by year,2021,No. 3 of 2021,CARIFORUM States (the Caribbean Community and the Dominican Republic) and the United Kingdom of Great Britain and Northern Ireland Economic Partnership Agreement Act,amendment,111653,https://laws.gov.tt/ttdll-web/revision/download/111653?type=amendment
Chronological list by year,2021,No. 2 of 2021,Tobago House of Assembly (Amendment) Act,amendment,111504,https://laws.gov.tt/ttdll-web/revision/download/111504?type=amendment
Chronological list by year,2021,No. 1 of 2021,Evidence (Amendment) Act,amendment,111475,https://laws.gov.tt/ttdll-web/revision/download/111475?type=amendment
Chronological list by year,2020,No. 30 of 2020,Finance Act,amendment,111017,https://laws.gov.tt/ttdll-web/revision/download/111017?type=amendment
Chronological list by year,2020,No. 29 of 2020,Miscellaneous Provisions (Administration of Justice) Act,amendment,111015,https://laws.gov.tt/ttdll-web/revision/download/111015?type=amendment
Chronological list by year,2020,No. 28 of 2020,Miscellaneous Amendments (Powers of Statutory Authorities and Matters related to certain Boards) Act,amendment,111013,https://laws.gov.tt/ttdll-web/revision/download/111013?type=amendment
Chronological list by year,2020,No. 27 of 2020,Public Procurement and Disposal of Public Property (Amendment) Act,amendment,111019,https://laws.gov.tt/ttdll-web/revision/download/111019?type=amendment
Chronological list by year,2020,No. 26 of 2020,Miscellaneous Provisions [2019 Novel Coronavirus (2019-nCoV)] (No. 2) Act,amendment,110997,https://laws.gov.tt/ttdll-web/revision/download/110997?type=amendment
Chronological list by year,2020,No. 25 of 2020,Miscellaneous Provisions (FATF Compliance) Act,amendment,110995,https://laws.gov.tt/ttdll-web/revision/download/110995?type=amendment
Chronological list by year,2020,No. 24 of 2020,Appropriation (Financial Year 2021) Act,amendment,110878,https://laws.gov.tt/ttdll-web/revision/download/110878?type=amendment
Chronological list by year,2020,No. 23 of 2020,Public Health (Amendment) Act,amendment,110607,https://laws.gov.tt/ttdll-web/revision/download/110607?type=amendment
Chronological list by year,2020,No. 22 of 2020,Urban and Regional Planning Profession Act,amendment,110495,https://laws.gov.tt/ttdll-web/revision/download/110495?type=amendment
Chronological list by year,2020,No. 21 of 2020,Animals (Diseases and Importation) (Amendment) Act,amendment,110493,https://laws.gov.tt/ttdll-web/revision/download/110493?type=amendment
Chronological list by year,2020,No. 20 of 2020,Miscellaneous Amendments (No. 2) Act,amendment,110491,https://laws.gov.tt/ttdll-web/revision/download/110491?type=amendment
Chronological list by year,2020,No. 19 of 2020,Kabir Association of Trinidad (Incorporation) (Amendment) Act,amendment,110489,https://laws.gov.tt/ttdll-web/revision/download/110489?type=amendment
Chronological list by year,2020,No. 18 of 2020,Domestic Violence (Amendment) Act,amendment,110487,https://laws.gov.tt/ttdll-web/revision/download/110487?type=amendment
Chronological list by year,2020,No. 17 of 2020,"Miscellaneous Provisions (Registrar General, Registration of Deeds, Conveyancing and Law of Property, Real Property, Stamp Duty and Registration of Title to Land) Act",amendment,110485,https://laws.gov.tt/ttdll-web/revision/download/110485?type=amendment
Chronological list by year,2020,No. 16 of 2020,Finance (Supplementary Appropriation) (Financial Year 2020) Act,amendment,110483,https://laws.gov.tt/ttdll-web/revision/download/110483?type=amendment
Chronological list by year,2020,No. 15 of 2020,Motor Vehicles and Road Traffic (Amendment) Act,amendment,110481,https://laws.gov.tt/ttdll-web/revision/download/110481?type=amendment
Chronological list by year,2020,No. 14 of 2020,Copyright (Amendment) Act,amendment,110479,https://laws.gov.tt/ttdll-web/revision/download/110479?type=amendment
Chronological list by year,2020,No. 13 of 2020,Interception of Communications (Amendment) Act,amendment,110477,https://laws.gov.tt/ttdll-web/revision/download/110477?type=amendment
Chronological list by year,2020,No. 12 of 2020,Real Estate Agents Act,amendment,110164,https://laws.gov.tt/ttdll-web/revision/download/110164?type=amendment
Chronological list by year,2020,No. 11 of 2020,Administration of Justice (Electronic Monitoring) (Amendment) Act,amendment,110089,https://laws.gov.tt/ttdll-web/revision/download/110089?type=amendment
Chronological list by year,2020,No. 10 of 2020,Miscellaneous Amendments Act,amendment,110087,https://laws.gov.tt/ttdll-web/revision/download/110087?type=amendment
Chronological list by year,2020,No. 9 of 2020,"Miscellaneous Provisions (Heritage and Stabilisation Fund, Government Savings Bonds and Value Added Tax) Act",amendment,110024,https://laws.gov.tt/ttdll-web/revision/download/110024?type=amendment
Chronological list by year,2020,No. 8 of 2020,"Miscellaneous Provisions (Age of Retirement of Judges, and Chief Judicial Officers) Act",amendment,110022,https://laws.gov.tt/ttdll-web/revision/download/110022?type=amendment
Chronological list by year,2020,No. 7 of 2020,Mutual Administrative Assistance in Tax Matters Act,amendment,110020,https://laws.gov.tt/ttdll-web/revision/download/110020?type=amendment
Chronological list by year,2020,No. 6 of 2020,Income Tax (Amendment) Act,amendment,110018,https://laws.gov.tt/ttdll-web/revision/download/110018?type=amendment
Chronological list by year,2020,No. 5 of 2020,Tax Information Exchange Agreements Act,amendment,110016,https://laws.gov.tt/ttdll-web/revision/download/110016?type=amendment
Chronological list by year,2020,No. 4 of 2020,Miscellaneous Provisions [2019 Novel Coronavirus (2019-nCoV)] Act,amendment,110005,https://laws.gov.tt/ttdll-web/revision/download/110005?type=amendment
Chronological list by year,2020,No. 3 of 2020,Insurance (Amendment) Act,amendment,109978,https://laws.gov.tt/ttdll-web/revision/download/109978?type=amendment
Chronological list by year,2020,No. 2 of 2020,Finance (Variation of Appropriation) (Financial Year 2019) Act,amendment,109976,https://laws.gov.tt/ttdll-web/revision/download/109976?type=amendment
Chronological list by year,2020,No. 1 of 2020,Administration of Justice (Indictable Proceedings) (Amendment) Act,amendment,108763,https://laws.gov.tt/ttdll-web/revision/download/108763?type=amendment
Chronological list by year,2019,No. 25 of 2019,Miscellaneous Provisions (Law Enforcement Officers) Act,amendment,110590,https://laws.gov.tt/ttdll-web/revision/download/110590?type=amendment
Chronological list by year,2019,No. 24 of 2019,Dangerous Drugs (Amendment) Act,amendment,108733,https://laws.gov.tt/ttdll-web/revision/download/108733?type=amendment
Chronological list by year,2019,No. 23 of 2019,Finance Act,amendment,108731,https://laws.gov.tt/ttdll-web/revision/download/108731?type=amendment
Chronological list by year,2019,No. 22 of 2019,Miscellaneous Provisions (Proceeds of Crime and Central Bank) Act,amendment,108729,https://laws.gov.tt/ttdll-web/revision/download/108729?type=amendment
Chronological list by year,2019,No. 21 of 2019,Appropriation (Financial Year 2020) Act,amendment,108652,https://laws.gov.tt/ttdll-web/revision/download/108652?type=amendment
Chronological list by year,2019,No. 20 of 2019,Government Savings Bonds (Amendment) Act,amendment,110610,https://laws.gov.tt/ttdll-web/revision/download/110610?type=amendment
Chronological list by year,2019,No. 19 of 2019,Sexual Offences (Amendment) Act,amendment,108650,https://laws.gov.tt/ttdll-web/revision/download/108650?type=amendment
Chronological list by year,2019,No. 18 of 2019,Firearms (Amendment) Act,amendment,108648,https://laws.gov.tt/ttdll-web/revision/download/108648?type=amendment
Chronological list by year,2019,No. 17 of 2019,Bail (Amendment) Act,amendment,108206,https://laws.gov.tt/ttdll-web/revision/download/108206?type=amendment
Chronological list by year,2019,No. 16 of 2019,Miscellaneous Provisions (Pensions) Act,amendment,108164,https://laws.gov.tt/ttdll-web/revision/download/108164?type=amendment
Chronological list by year,2019,No. 15 of 2019,Miscellaneous Provisions (Petroleum and Petroleum Production Levy and Subsidy) Act,amendment,108162,https://laws.gov.tt/ttdll-web/revision/download/108162?type=amendment
Chronological list by year,2019,No. 14 of 2019,Licensing Committee (Validation) Act,amendment,108160,https://laws.gov.tt/ttdll-web/revision/download/108160?type=amendment
Chronological list by year,2019,No. 13 of 2019,"Miscellaneous Provisions (Tax Amnesty, Pensions, National Insurance, Central Bank, Companies and Non-Profit Organisations) Act",amendment,110539,https://laws.gov.tt/ttdll-web/revision/download/110539?type=amendment
Chronological list by year,2019,No. 12 of 2019,"Miscellaneous Provisions (Financial Institutions, Securities and Insurance) Act",amendment,108158,https://laws.gov.tt/ttdll-web/revision/download/108158?type=amendment
Chronological list by year,2019,No. 11 of 2019,Administration of Justice (Indictable Proceedings) (Amendment) (No. 2) Act,amendment,108156,https://laws.gov.tt/ttdll-web/revision/download/108156?type=amendment
Chronological list by year,2019,No. 10 of 2019,National Emblems of Trinidad and Tobago (Regulation) (Amendment) Act,amendment,108154,https://laws.gov.tt/ttdll-web/revision/download/108154?type=amendment
Chronological list by year,2019,No. 9 of 2019,Finance (Supplementary Appropriation) (Financial Year 2019) Act,amendment,108113,https://laws.gov.tt/ttdll-web/revision/download/108113?type=amendment
Chronological list by year,2019,No. 8 of 2019,Civil Asset Recovery and Management and Unexplained Wealth Act,amendment,108056,https://laws.gov.tt/ttdll-web/revision/download/108056?type=amendment
Chronological list by year,2019,No. 7 of 2019,Non-Profit Organisations Act,amendment,108054,https://laws.gov.tt/ttdll-web/revision/download/108054?type=amendment
Chronological list by year,2019,No. 6 of 2019,Companies (Amendment) Act,amendment,108040,https://laws.gov.tt/ttdll-web/revision/download/108040?type=amendment
Chronological list by year,2019,No. 5 of 2019,Trespass (Amendment) Act,amendment,108004,https://laws.gov.tt/ttdll-web/revision/download/108004?type=amendment
Chronological list by year,2019,No. 4 of 2019,Magistrates Protection (Amendment) Act,amendment,107992,https://laws.gov.tt/ttdll-web/revision/download/107992?type=amendment
Chronological list by year,2019,No. 3 of 2019,Administration of Justice (Indictable Proceedings) (Amendment) Act,amendment,107059,https://laws.gov.tt/ttdll-web/revision/download/107059?type=amendment
Chronological list by year,2019,No. 2 of 2019,Finance (Variation of Appropriation) (Financial Year 2018) Act,amendment,107038,https://laws.gov.tt/ttdll-web/revision/download/107038?type=amendment
Chronological list by year,2019,No. 1 of 2019,Planning and Facilitation of Development (Amendment) Act,amendment,107036,https://laws.gov.tt/ttdll-web/revision/download/107036?type=amendment
Chronological list by year,2018,No. 20 of 2018,"Miscellaneous Provisions (Proceeds of Crime, Anti-Terrorism and Financial Intelligence Unit of Trinidad and Tobago) Act",amendment,106846,https://laws.gov.tt/ttdll-web/revision/download/106846?type=amendment
Chronological list by year,2018,No. 19 of 2018,Finance Act,amendment,106825,https://laws.gov.tt/ttdll-web/revision/download/106825?type=amendment
Chronological list by year,2018,No. 18 of 2018,Income Tax (Amendment) Act,amendment,105730,https://laws.gov.tt/ttdll-web/revision/download/105730?type=amendment
Chronological list by year,2018,No. 17 of 2018,"Miscellaneous Provisions (Heritage Petroleum, Paria Fuel Trading and Guaracara Refining Vesting) Act",amendment,105728,https://laws.gov.tt/ttdll-web/revision/download/105728?type=amendment
Chronological list by year,2018,No. 16 of 2018,Appropriation (Financial Year 2019) Act,amendment,105726,https://laws.gov.tt/ttdll-web/revision/download/105726?type=amendment
Chronological list by year,2018,No. 15 of 2018,Miscellaneous Provisions (Supreme Court of Judicature and Children) Act,amendment,105732,https://laws.gov.tt/ttdll-web/revision/download/105732?type=amendment
Chronological list by year,2018,No. 14 of 2018,Electronic Payments into and out of Court Act,amendment,105724,https://laws.gov.tt/ttdll-web/revision/download/105724?type=amendment
Chronological list by year,2018,No. 13 of 2018,Anti-Terrorism (Amendment) Act,amendment,105722,https://laws.gov.tt/ttdll-web/revision/download/105722?type=amendment
Chronological list by year,2018,No. 12 of 2018,Criminal Division and District Criminal and Traffic Courts Act,amendment,103301,https://laws.gov.tt/ttdll-web/revision/download/103301?type=amendment
Chronological list by year,2018,No. 11 of 2018,Corporation Tax (Amendment) Act,amendment,106823,https://laws.gov.tt/ttdll-web/revision/download/106823?type=amendment
Chronological list by year,2018,No. 10 of 2018,Land Adjudication (Amendment) Act,amendment,103617,https://laws.gov.tt/ttdll-web/revision/download/103617?type=amendment
Chronological list by year,2018,No. 9 of 2018,Land Tribunal (Amendment) Act,amendment,103620,https://laws.gov.tt/ttdll-web/revision/download/103620?type=amendment
Chronological list by year,2018,No. 8 of 2018,State Suits Limitation Act,amendment,103298,https://laws.gov.tt/ttdll-web/revision/download/103298?type=amendment
Chronological list by year,2018,No. 7 of 2018,Registration of Titles to Land (Amendment) Act,amendment,103296,https://laws.gov.tt/ttdll-web/revision/download/103296?type=amendment
Chronological list by year,2018,No. 6 of 2018,Property Tax (Amendment) Act,amendment,106850,https://laws.gov.tt/ttdll-web/revision/download/106850?type=amendment
Chronological list by year,2018,No. 5 of 2018,Valuation of Land Act,amendment,105734,https://laws.gov.tt/ttdll-web/revision/download/105734?type=amendment
Chronological list by year,2018,No. 4 of 2018,Insurance Act,amendment,103294,https://laws.gov.tt/ttdll-web/revision/download/103294?type=amendment
Chronological list by year,2018,No. 3 of 2018,Finance (Supplementation and Variation of Appropriation) (Financial Year 2018) Act,amendment,103292,https://laws.gov.tt/ttdll-web/revision/download/103292?type=amendment
Chronological list by year,2018,No. 2 of 2018,"Miscellaneous Provisions (Mutual Assistance in Criminal Matters, Proceeds of Crime, Financial Intelligence Unit of Trinidad and Tobago, Customs and Exchange Control) Act",amendment,103290,https://laws.gov.tt/ttdll-web/revision/download/103290?type=amendment
Chronological list by year,2018,No. 1 of 2018,Anti-Gang Act,amendment,103288,https://laws.gov.tt/ttdll-web/revision/download/103288?type=amendment
Chronological list by year,2017,No. 15 of 2017,Finance Act,amendment,110588,https://laws.gov.tt/ttdll-web/revision/download/110588?type=amendment
Chronological list by year,2017,No. 14 of 2017,Motor Vehicles and Road Traffic (Amendment) (No. 2) Act,amendment,99072,https://laws.gov.tt/ttdll-web/revision/download/99072?type=amendment
Chronological list by year,2017,No. 13 of 2017,Appropriation (Financial Year 2018) Act,amendment,99070,https://laws.gov.tt/ttdll-web/revision/download/99070?type=amendment
Chronological list by year,2017,No. 12 of 2017,Criminal Procedure (Plea Discussion and Plea Agreement) Act,amendment,96491,https://laws.gov.tt/ttdll-web/revision/download/96491?type=amendment
Chronological list by year,2017,No. 11 of 2017,Bail (Access to Bail) (Amendment) Act,amendment,96489,https://laws.gov.tt/ttdll-web/revision/download/96489?type=amendment
Chronological list by year,2017,No. 10 of 2017,Miscellaneous Provisions (Trial By Judge Alone),amendment,93993,https://laws.gov.tt/ttdll-web/revision/download/93993?type=amendment
Chronological list by year,2017,No. 9 of 2017,Motor Vehicles and Road Traffic (Amendment),amendment,93975,https://laws.gov.tt/ttdll-web/revision/download/93975?type=amendment
Chronological list by year,2017,No. 8 of 2017,Miscellaneous Provisions (Marriage),amendment,93969,https://laws.gov.tt/ttdll-web/revision/download/93969?type=amendment
Chronological list by year,2017,No. 7 of 2017,Fire Service (Amendment),amendment,93962,https://laws.gov.tt/ttdll-web/revision/download/93962?type=amendment
Chronological list by year,2017,No. 6 of 2017,Finance (Variation of Appropriation) (Financial Year 2017),amendment,92138,https://laws.gov.tt/ttdll-web/revision/download/92138?type=amendment
Chronological list by year,2017,No. 5 of 2017,International Financial Organisations (Corporación Andina de Fomento),amendment,92136,https://laws.gov.tt/ttdll-web/revision/download/92136?type=amendment
Chronological list by year,2017,No. 4 of 2017,Tax Information Exchange Agreements (United States of America),amendment,91301,https://laws.gov.tt/ttdll-web/revision/download/91301?type=amendment
Chronological list by year,2017,No. 3 of 2017,Public Procurement and Disposal of Public Property (Amendment),amendment,91299,https://laws.gov.tt/ttdll-web/revision/download/91299?type=amendment
Chronological list by year,2017,No. 2 of 2017,Finance (Variation of Appropriation) (Financial Year 2016),amendment,91296,https://laws.gov.tt/ttdll-web/revision/download/91296?type=amendment
Chronological list by year,2017,No. 1 of 2017,Tobago House of Assembly Election (Validation),amendment,91293,https://laws.gov.tt/ttdll-web/revision/download/91293?type=amendment
Chronological list by year,2016,No. 10 of 2016,Finance (No. 3),amendment,90587,https://laws.gov.tt/ttdll-web/revision/download/90587?type=amendment
Chronological list by year,2016,No. 9 of 2016,Appropriation (Financial Year 2017),amendment,90585,https://laws.gov.tt/ttdll-web/revision/download/90585?type=amendment
Chronological list by year,2016,No. 8 of 2016,Remedies of Creditors (Amendment),amendment,90583,https://laws.gov.tt/ttdll-web/revision/download/90583?type=amendment
Chronological list by year,2016,No. 7 of 2016,Finance (No. 2),amendment,90581,https://laws.gov.tt/ttdll-web/revision/download/90581?type=amendment
Chronological list by year,2016,No. 6 of 2016,Family and Children Division,amendment,90579,https://laws.gov.tt/ttdll-web/revision/download/90579?type=amendment
Chronological list by year,2016,No. 5 of 2016,Public Procurement and Disposal of Public Property (Amendment),amendment,90577,https://laws.gov.tt/ttdll-web/revision/download/90577?type=amendment
Chronological list by year,2016,No. 4 of 2016,Strategic Services Agency (Amendment),amendment,90575,https://laws.gov.tt/ttdll-web/revision/download/90575?type=amendment
Chronological list by year,2016,No. 3 of 2016,Finance (Variation of Appropriation) (Financial Year 2016),amendment,87611,https://laws.gov.tt/ttdll-web/revision/download/87611?type=amendment
Chronological list by year,2016,No. 2 of 2016,Finance (Variation of Appropriation) (Financial Year 2015),amendment,87609,https://laws.gov.tt/ttdll-web/revision/download/87609?type=amendment
Chronological list by year,2016,No. 1 of 2016,Finance,amendment,87605,https://laws.gov.tt/ttdll-web/revision/download/87605?type=amendment
Chronological list by year,2015,No. 10 of 2015,Appropriation (Financial Year 2016),amendment,84723,https://laws.gov.tt/ttdll-web/revision/download/84723?type=amendment
Chronological list by year,2015,No. 9 of 2015,Finance (Variation of Appropriation) (Financial Year 2015),amendment,80532,https://laws.gov.tt/ttdll-web/revision/download/80532?type=amendment
Chronological list by year,2015,No. 7 of 2015,Bail (Amendment),amendment,80516,https://laws.gov.tt/ttdll-web/revision/download/80516?type=amendment
Chronological list by year,2015,No. 6 of 2015,National Trust of Trinidad and Tobago (Amendment),amendment,80528,https://laws.gov.tt/ttdll-web/revision/download/80528?type=amendment
Chronological list by year,2015,No. 4 of 2015,Adoption of Children (Amendment),amendment,80524,https://laws.gov.tt/ttdll-web/revision/download/80524?type=amendment
Chronological list by year,2015,No. 3 of 2015,Finance (Supplementation and Variation of Appropriation) (Financial Year 2014),amendment,80522,https://laws.gov.tt/ttdll-web/revision/download/80522?type=amendment
Chronological list by year,2015,No. 2 of 2015,Finance,amendment,80520,https://laws.gov.tt/ttdll-web/revision/download/80520?type=amendment
Chronological list by year,2014,No. 16 of 2014,Appropriation (Financial Year 2015),amendment,77906,https://laws.gov.tt/ttdll-web/revision/download/77906?type=amendment
Chronological list by year,2014,No. 15 of 2014,"Miscellaneous Provisions (Proceeds of Crime, Anti-Terrorism and Financial Intelligence Unit of Trinidad and Tobago)",amendment,77904,https://laws.gov.tt/ttdll-web/revision/download/77904?type=amendment
Chronological list by year,2014,No. 14 of 2014,Indictable Offences (Committal Proceedings),amendment,77902,https://laws.gov.tt/ttdll-web/revision/download/77902?type=amendment
Chronological list by year,2014,No. 13 of 2014,Miscellaneous Provisions (Prisons),amendment,77900,https://laws.gov.tt/ttdll-web/revision/download/77900?type=amendment
Chronological list by year,2014,No. 12 of 2014,Motor Vehicles and Road Traffic (Amendment),amendment,77898,https://laws.gov.tt/ttdll-web/revision/download/77898?type=amendment
Chronological list by year,2014,No. 11 of 2014,Miscellaneous Provisions (Administration of Justice),amendment,77896,https://laws.gov.tt/ttdll-web/revision/download/77896?type=amendment
Chronological list by year,2014,No. 10 of 2014,Planning and Facilitation of Development (Partial Proclamation),amendment,77894,https://laws.gov.tt/ttdll-web/revision/download/77894?type=amendment
Chronological list by year,2014,No. 9 of 2014,Securities (Amendment),amendment,77892,https://laws.gov.tt/ttdll-web/revision/download/77892?type=amendment
Chronological list by year,2014,No. 8 of 2014,Nurses and Midwives Registration (Amendment),amendment,77847,https://laws.gov.tt/ttdll-web/revision/download/77847?type=amendment
Chronological list by year,2014,No. 7 of 2014,Purchase of Certain Rights (HCU),amendment,77890,https://laws.gov.tt/ttdll-web/revision/download/77890?type=amendment
Chronological list by year,2014,No. 6 of 2014,Miscellaneous Provisions (LicensingCommittee),amendment,77888,https://laws.gov.tt/ttdll-web/revision/download/77888?type=amendment
Chronological list by year,2014,No. 5 of 2014,Finance (Supplementation andVariation of Appropriation) (Financial Year 2014),amendment,77883,https://laws.gov.tt/ttdll-web/revision/download/77883?type=amendment
Chronological list by year,2014,No. 4 of 2014,Finance,amendment,77881,https://laws.gov.tt/ttdll-web/revision/download/77881?type=amendment
Chronological list by year,2014,No. 3 of 2014,Dog Control,amendment,60328,https://laws.gov.tt/ttdll-web/revision/download/60328?type=amendment
Chronological list by year,2014,No. 2 of 2014,Libel and Defamation(Amendment),amendment,77876,https://laws.gov.tt/ttdll-web/revision/download/77876?type=amendment
Chronological list by year,2014,No. 1 of 2014,Bail (Amendment),amendment,77874,https://laws.gov.tt/ttdll-web/revision/download/77874?type=amendment
Chronological list by year,2013,No. 14 of 2013,Appropriation (Financial Year 2014),amendment,70407,https://laws.gov.tt/ttdll-web/revision/download/70407?type=amendment
Chronological list by year,2013,No. 13 of 2013,Municipal Corporations (Amendment),amendment,70405,https://laws.gov.tt/ttdll-web/revision/download/70405?type=amendment
Chronological list by year,2013,No. 12 of 2013,Sugar Industry Control Board (Repeal) (Validation),amendment,70336,https://laws.gov.tt/ttdll-web/revision/download/70336?type=amendment
Chronological list by year,2013,No. 11 of 2013,Dog Control,amendment,70334,https://laws.gov.tt/ttdll-web/revision/download/70334?type=amendment
Chronological list by year,2013,No. 10 of 2013,Anti-Doping in Sport (proclaimed in 2015),amendment,70332,https://laws.gov.tt/ttdll-web/revision/download/70332?type=amendment
Chronological list by year,2013,No. 8 of 2013,University of the Southern Caribbean (Incorporation),amendment,70328,https://laws.gov.tt/ttdll-web/revision/download/70328?type=amendment
Chronological list by year,2013,No. 7 of 2013,Finance (Supplementary Appropriation) (Financial Year 2013),amendment,70326,https://laws.gov.tt/ttdll-web/revision/download/70326?type=amendment
Chronological list by year,2013,No. 6 of 2013,Customs,amendment,70324,https://laws.gov.tt/ttdll-web/revision/download/70324?type=amendment
Chronological list by year,2013,No. 5 of 2013,Motor Vehicles and Road Traffic (Amendment),amendment,70322,https://laws.gov.tt/ttdll-web/revision/download/70322?type=amendment
Chronological list by year,2013,No. 4 of 2013,Marriage (Amendment),amendment,70320,https://laws.gov.tt/ttdll-web/revision/download/70320?type=amendment
Chronological list by year,2013,No. 3 of 2013,Births and Deaths Registration (Amendment),amendment,70318,https://laws.gov.tt/ttdll-web/revision/download/70318?type=amendment
Chronological list by year,2013,No. 2 of 2013,"Finance Act, 2013",amendment,70316,https://laws.gov.tt/ttdll-web/revision/download/70316?type=amendment
Chronological list by year,2013,No. 1 of 2013,Finance (Supplementation and Variation of Appropriation) (Financial Year 2012),amendment,70314,https://laws.gov.tt/ttdll-web/revision/download/70314?type=amendment
Chronological list by year,2012,No. 17 of 2012,Securities,amendment,62911,https://laws.gov.tt/ttdll-web/revision/download/62911?type=amendment
Chronological list by year,2012,No. 16 of 2012,Appropriation (Financial Year 2013),amendment,62913,https://laws.gov.tt/ttdll-web/revision/download/62913?type=amendment
Chronological list by year,2012,No. 15 of 2012,Administration of Justice (Indictable Proceedings) (Amendment),amendment,62915,https://laws.gov.tt/ttdll-web/revision/download/62915?type=amendment
Chronological list by year,2012,No. 14 of 2012,Financial Intelligence Unit of Trinidad and Tobago (Amendment) and Anti-Terrorism (Amendment),amendment,11341,https://laws.gov.tt/ttdll-web/revision/download/11341?type=amendment
Chronological list by year,2012,No. 13 of 2012,Incorporation of the National Ramleela Council of Trinidad and Tobago,amendment,62917,https://laws.gov.tt/ttdll-web/revision/download/62917?type=amendment
Chronological list by year,2012,No. 12 of 2012,Children (Partial Proclamation),amendment,62919,https://laws.gov.tt/ttdll-web/revision/download/62919?type=amendment
Chronological list by year,2012,No. 10 of 2012,Association of Real Estate Agents (Incorporation),amendment,62923,https://laws.gov.tt/ttdll-web/revision/download/62923?type=amendment
Chronological list by year,2012,No. 9 of 2012,Supplementary Appropriation (Financial Year 2012),amendment,62925,https://laws.gov.tt/ttdll-web/revision/download/62925?type=amendment
Chronological list by year,2012,No. 8 of 2012,Regional Health Authorities (Amendment),amendment,62927,https://laws.gov.tt/ttdll-web/revision/download/62927?type=amendment
Chronological list by year,2012,No. 7 of 2012,Maternity Protection,amendment,25968,https://laws.gov.tt/ttdll-web/revision/download/25968?type=amendment
Chronological list by year,2012,No. 6 of 2012,Trinidad and Tobago Postal Corporation (Amendment),amendment,62929,https://laws.gov.tt/ttdll-web/revision/download/62929?type=amendment
Chronological list by year,2012,No. 5 of 2012,Administration of Justice (Deoxyribonucleic Acid),amendment,62931,https://laws.gov.tt/ttdll-web/revision/download/62931?type=amendment
Chronological list by year,2012,No. 4 of 2012,"Convention on the Prohibition of the Development, Production and Stockpiling of the Bacteriological and Toxin Weapons",amendment,62933,https://laws.gov.tt/ttdll-web/revision/download/62933?type=amendment
Chronological list by year,2012,No. 3 of 2012,Legal Aid and Advice,amendment,58909,https://laws.gov.tt/ttdll-web/revision/download/58909?type=amendment
Chronological list by year,2012,No. 2 of 2012,Finance (Supplementation and Variation of Appropriation) (Financial Year 2011),amendment,13379,https://laws.gov.tt/ttdll-web/revision/download/13379?type=amendment
Chronological list by year,2012,No. 1 of 2012,Finance (Supplementation and Variation of Appropriation) (Financial Year 2011),amendment,62935,https://laws.gov.tt/ttdll-web/revision/download/62935?type=amendment
Chronological list by year,2011,No. 19 of 2011,Appropriation (Financial Year 2012),amendment,70441,https://laws.gov.tt/ttdll-web/revision/download/70441?type=amendment
Chronological list by year,2011,No. 18 of 2011,Central Bank (Amendment),amendment,70439,https://laws.gov.tt/ttdll-web/revision/download/70439?type=amendment
Chronological list by year,2011,No. 17 of 2011,Purchase of Certain Rights and Validation,amendment,70437,https://laws.gov.tt/ttdll-web/revision/download/70437?type=amendment
Chronological list by year,2011,No. 16 of 2011,Anti-Terrorism (Amendment),amendment,15898,https://laws.gov.tt/ttdll-web/revision/download/15898?type=amendment
Chronological list by year,2011,No. 15 of 2011,Finance (Supplementary Appropriation),amendment,70434,https://laws.gov.tt/ttdll-web/revision/download/70434?type=amendment
Chronological list by year,2011,No. 14 of 2011,Trafficking in Persons,amendment,56131,https://laws.gov.tt/ttdll-web/revision/download/56131?type=amendment
Chronological list by year,2011,No. 13 of 2011,Data Protection,amendment,70429,https://laws.gov.tt/ttdll-web/revision/download/70429?type=amendment
Chronological list by year,2011,No. 12 of 2011,Miscellaneous Provisions (Ministry of Justice),amendment,11347,https://laws.gov.tt/ttdll-web/revision/download/11347?type=amendment
Chronological list by year,2011,No. 11 of 2011,Bail (Amendment),amendment,70427,https://laws.gov.tt/ttdll-web/revision/download/70427?type=amendment
Chronological list by year,2011,No. 10 of 2011,Anti-Gang,amendment,70417,https://laws.gov.tt/ttdll-web/revision/download/70417?type=amendment
Chronological list by year,2011,No. 9 of 2011,Miscellaneous Provisions (Bail and Kidnapping),amendment,16511,https://laws.gov.tt/ttdll-web/revision/download/16511?type=amendment
Chronological list by year,2011,No. 8 of 2011,Financial Intelligence Unit of Trinidad and Tobago (Amendment) (No. 2),amendment,11337,https://laws.gov.tt/ttdll-web/revision/download/11337?type=amendment
Chronological list by year,2011,No. 7 of 2011,Census (2011) (Extension and Validation),amendment,73747,https://laws.gov.tt/ttdll-web/revision/download/73747?type=amendment
Chronological list by year,2011,No. 6 of 2011,Electronic Transactions,amendment,62937,https://laws.gov.tt/ttdll-web/revision/download/62937?type=amendment
Chronological list by year,2011,No. 5 of 2011,Statutory Authorities (Amendment),amendment,33905,https://laws.gov.tt/ttdll-web/revision/download/33905?type=amendment
Chronological list by year,2011,No. 4 of 2011,Miscellaneous Provisions (Remand),amendment,35799,https://laws.gov.tt/ttdll-web/revision/download/35799?type=amendment
Chronological list by year,2011,No. 3 of 2011,Financial Intelligence Unit of Trinidad and Tobago (Amendment),amendment,11339,https://laws.gov.tt/ttdll-web/revision/download/11339?type=amendment
Chronological list by year,2011,No. 2 of 2011,Firearms (Amendment),amendment,11390,https://laws.gov.tt/ttdll-web/revision/download/11390?type=amendment
Chronological list by year,2011,No. 1 of 2011,Finance (Supplementation and Variation of Appropriation) (Financial Year 2010),amendment,70415,https://laws.gov.tt/ttdll-web/revision/download/70415?type=amendment
Chronological list by year,2010,No. 14 of 2010,Interception of Communications (Amendment),amendment,13878,https://laws.gov.tt/ttdll-web/revision/download/13878?type=amendment
Chronological list by year,2010,No. 13 of 2010,Finance (No. 2),amendment,12290,https://laws.gov.tt/ttdll-web/revision/download/12290?type=amendment
Chronological list by year,2010,No. 12 of 2010,Children's Life Fund,amendment,73749,https://laws.gov.tt/ttdll-web/revision/download/73749?type=amendment
Chronological list by year,2010,No. 11 of 2010,Interception of Communications,amendment,73751,https://laws.gov.tt/ttdll-web/revision/download/73751?type=amendment
Chronological list by year,2010,No. 10 of 2010,Land Tenants (Security of Tenure) (Amendment),amendment,18174,https://laws.gov.tt/ttdll-web/revision/download/18174?type=amendment
Chronological list by year,2010,No. 9 of 2010,Petrotrin Pensions,amendment,73753,https://laws.gov.tt/ttdll-web/revision/download/73753?type=amendment
Chronological list by year,2010,No. 8 of 2010,Elections and Boundaries Commission (Local Government and Tobago House of Assembly) (Validation of the Ninth Report of the Elections and Boundaries Commission),amendment,6406,https://laws.gov.tt/ttdll-web/revision/download/6406?type=amendment
Chronological list by year,2010,No. 7 of 2010,Appropriation (Financial Year 2011),amendment,73755,https://laws.gov.tt/ttdll-web/revision/download/73755?type=amendment
Chronological list by year,2010,No. 6 of 2010,Senior Citizens' Grant (Amendment and Validation),amendment,62939,https://laws.gov.tt/ttdll-web/revision/download/62939?type=amendment
Chronological list by year,2010,No. 5 of 2010,Motor Vehicles and Road Traffic (Miscellaneous Provisions),amendment,20828,https://laws.gov.tt/ttdll-web/revision/download/20828?type=amendment
Chronological list by year,2010,No. 4 of 2010,Supreme Court of Judicature (Amendment),amendment,36098,https://laws.gov.tt/ttdll-web/revision/download/36098?type=amendment
Chronological list by year,2010,No. 3 of 2010,Prisons (Amendment),amendment,28122,https://laws.gov.tt/ttdll-web/revision/download/28122?type=amendment
Chronological list by year,2010,No. 2 of 2010,Anti-Terrorism (Amendment),amendment,73757,https://laws.gov.tt/ttdll-web/revision/download/73757?type=amendment
Chronological list by year,2010,No. 1 of 2010,Integrity in Public Life (Amendment),amendment,13857,https://laws.gov.tt/ttdll-web/revision/download/13857?type=amendment
Chronological list by year,2009,No. 18 of 2009,Property Tax,amendment,18004,https://laws.gov.tt/ttdll-web/revision/download/18004?type=amendment
Chronological list by year,2009,No. 17 of 2009,Valuation of Land (Amendment),amendment,31157,https://laws.gov.tt/ttdll-web/revision/download/31157?type=amendment
Chronological list by year,2009,No. 16 of 2009,Evidence (Amendment),amendment,5733,https://laws.gov.tt/ttdll-web/revision/download/5733?type=amendment
Chronological list by year,2009,No. 15 of 2009,Tobacco Control,amendment,73731,https://laws.gov.tt/ttdll-web/revision/download/73731?type=amendment
Chronological list by year,2009,No. 14 of 2009,Metrology (Amendment),amendment,73733,https://laws.gov.tt/ttdll-web/revision/download/73733?type=amendment
Chronological list by year,2009,No. 13 of 2009,Commission of Enquiry (Validation and Immunity from Proceedings),amendment,73735,https://laws.gov.tt/ttdll-web/revision/download/73735?type=amendment
Chronological list by year,2009,No. 12 of 2009,President's Emoluments (Amendment),amendment,26888,https://laws.gov.tt/ttdll-web/revision/download/26888?type=amendment
Chronological list by year,2009,No. 11 of 2009,Financial Intelligence Unit of Trinidad and Tobago,amendment,73737,https://laws.gov.tt/ttdll-web/revision/download/73737?type=amendment
Chronological list by year,2009,No. 10 of 2009,Proceeds of Crime (Amendment),amendment,27936,https://laws.gov.tt/ttdll-web/revision/download/27936?type=amendment
Chronological list by year,2009,No. 9 of 2009,Appropriation (Financial Year 2010),amendment,73739,https://laws.gov.tt/ttdll-web/revision/download/73739?type=amendment
Chronological list by year,2009,No. 8 of 2009,Emergency Ambulance Services and Emergency Medical Personnel,amendment,73741,https://laws.gov.tt/ttdll-web/revision/download/73741?type=amendment
Chronological list by year,2009,No. 7 of 2009,Medical Board (Amendment),amendment,26273,https://laws.gov.tt/ttdll-web/revision/download/26273?type=amendment
Chronological list by year,2009,No. 6 of 2009,Trinidad and Tobago Electricity Commission (Amendment),amendment,34719,https://laws.gov.tt/ttdll-web/revision/download/34719?type=amendment
Chronological list by year,2009,No. 5 of 2009,Municipal Corporations (Amendment),amendment,44428,https://laws.gov.tt/ttdll-web/revision/download/44428?type=amendment
Chronological list by year,2009,No. 4 of 2009,Central Bank,amendment,3357,https://laws.gov.tt/ttdll-web/revision/download/3357?type=amendment
Chronological list by year,2009,No. 3 of 2009,Insurance,amendment,13715,https://laws.gov.tt/ttdll-web/revision/download/13715?type=amendment
Chronological list by year,2009,No. 2 of 2009,Finance (Supplementary Appropriation),amendment,73743,https://laws.gov.tt/ttdll-web/revision/download/73743?type=amendment
Chronological list by year,2009,No. 1 of 2009,Finance,amendment,31296,https://laws.gov.tt/ttdll-web/revision/download/31296?type=amendment
Chronological list by year,2008,No. 27 of 2008,Elections and Boundaries Commission (Local Government and Tobago House of Assembly) (Amendment and Validation),amendment,6396,https://laws.gov.tt/ttdll-web/revision/download/6396?type=amendment
Chronological list by year,2008,No. 26 of 2008,Financial Institutions,amendment,3347,https://laws.gov.tt/ttdll-web/revision/download/3347?type=amendment
Chronological list by year,2008,No. 25 of 2008,Geneva Conventions,amendment,73745,https://laws.gov.tt/ttdll-web/revision/download/73745?type=amendment
Chronological list by year,2008,No. 24 of 2008,Income Tax (Amendment),amendment,12286,https://laws.gov.tt/ttdll-web/revision/download/12286?type=amendment
Chronological list by year,2008,No. 23 of 2008,Prison Service Act (Amendment),amendment,57902,https://laws.gov.tt/ttdll-web/revision/download/57902?type=amendment
Chronological list by year,2008,No. 22 of 2008,Assisted Secondary School Teachers’ Pensions (Amendment),amendment,9165,https://laws.gov.tt/ttdll-web/revision/download/9165?type=amendment
Chronological list by year,2008,No. 21 of 2008,Teachers' Pensions (Amendment),amendment,33845,https://laws.gov.tt/ttdll-web/revision/download/33845?type=amendment
Chronological list by year,2008,No. 20 of 2008,Pensions (Amendment) (No. 2),amendment,25606,https://laws.gov.tt/ttdll-web/revision/download/25606?type=amendment
Chronological list by year,2008,No. 19 of 2008,Appropriation,amendment,73721,https://laws.gov.tt/ttdll-web/revision/download/73721?type=amendment
Chronological list by year,2008,No. 18 of 2008,Finance (Supplementary Appropriation),amendment,73719,https://laws.gov.tt/ttdll-web/revision/download/73719?type=amendment
Chronological list by year,2008,No. 17 of 2008,Bail (Amendment),amendment,7008,https://laws.gov.tt/ttdll-web/revision/download/7008?type=amendment
Chronological list by year,2008,No. 16 of 2008,Teaching Service (Compensation),amendment,73717,https://laws.gov.tt/ttdll-web/revision/download/73717?type=amendment
Chronological list by year,2008,No. 15 of 2008,"Children's Community Residences, Foster Homes and Nurseries",amendment,73715,https://laws.gov.tt/ttdll-web/revision/download/73715?type=amendment
Chronological list by year,2008,No. 14 of 2008,Children's Authority (Amendment) (Partial Proclamation),amendment,3277,https://laws.gov.tt/ttdll-web/revision/download/3277?type=amendment
Chronological list by year,2008,No. 13 of 2008,Pensions (Amendment),amendment,25600,https://laws.gov.tt/ttdll-web/revision/download/25600?type=amendment
Chronological list by year,2008,No. 12 of 2008,Treasury Bonds,amendment,73729,https://laws.gov.tt/ttdll-web/revision/download/73729?type=amendment
Chronological list by year,2008,No. 11 of 2008,Municipal Corporations (Amendment),amendment,44424,https://laws.gov.tt/ttdll-web/revision/download/44424?type=amendment
Chronological list by year,2008,No. 10 of 2008,Accreditation Council of Trinidad and Tobago (Amendment),amendment,14687,https://laws.gov.tt/ttdll-web/revision/download/14687?type=amendment
Chronological list by year,2008,No. 9 of 2008,Immigration (Advance Passenger Information),amendment,62941,https://laws.gov.tt/ttdll-web/revision/download/62941?type=amendment
Chronological list by year,2008,No. 8 of 2008,"International Child Abduction Act, 2008",amendment,62949,https://laws.gov.tt/ttdll-web/revision/download/62949?type=amendment
Chronological list by year,2008,No. 7 of 2008,Finance (Supplementation and Variation of Appropriation),amendment,62947,https://laws.gov.tt/ttdll-web/revision/download/62947?type=amendment
Chronological list by year,2008,No. 6 of 2008,Caribbean Court of Justice (Headquarters),amendment,2859,https://laws.gov.tt/ttdll-web/revision/download/2859?type=amendment
Chronological list by year,2008,No. 5 of 2008,Copyright (Amendment),amendment,41854,https://laws.gov.tt/ttdll-web/revision/download/41854?type=amendment
Chronological list by year,2008,No. 4 of 2008,Retiring Allowances (Legislative Service) (Amendment),amendment,29141,https://laws.gov.tt/ttdll-web/revision/download/29141?type=amendment
Chronological list by year,2008,No. 3 of 2008,Legal Profession (Amendment),amendment,19006,https://laws.gov.tt/ttdll-web/revision/download/19006?type=amendment
Chronological list by year,2008,No. 2 of 2008,Basel Convention (Regional Centre for Training and Technology Transfer),amendment,70298,https://laws.gov.tt/ttdll-web/revision/download/70298?type=amendment
Chronological list by year,2008,No. 1 of 2008,Finance (Supplementary Appropriation),amendment,70296,https://laws.gov.tt/ttdll-web/revision/download/70296?type=amendment
Chronological list by year,2007,No. 31 of 2007,Medical Board (Amendment),amendment,26271,https://laws.gov.tt/ttdll-web/revision/download/26271?type=amendment
Chronological list by year,2007,No. 30 of 2007,Finance (No. 2),amendment,24108,https://laws.gov.tt/ttdll-web/revision/download/24108?type=amendment
Chronological list by year,2007,No. 29 of 2007,Presbyterian Church of Trinidad and Tobago (Incorporation),amendment,73727,https://laws.gov.tt/ttdll-web/revision/download/73727?type=amendment
Chronological list by year,2007,No. 28 of 2007,Freedom House (Incorporation),amendment,62945,https://laws.gov.tt/ttdll-web/revision/download/62945?type=amendment
Chronological list by year,2007,No. 27 of 2007,National Carnival Bands Association of Trinidad and Tobago (Incorporation),amendment,73725,https://laws.gov.tt/ttdll-web/revision/download/73725?type=amendment
Chronological list by year,2007,No. 26 of 2007,Bankruptcy and Insolvency,amendment,73723,https://laws.gov.tt/ttdll-web/revision/download/73723?type=amendment
Chronological list by year,2007,No. 25 of 2007,Bail (Amendment) (No.3),amendment,6996,https://laws.gov.tt/ttdll-web/revision/download/6996?type=amendment
Chronological list by year,2007,No. 24 of 2007,Deoxyribonucleic Acid (DNA),amendment,5731,https://laws.gov.tt/ttdll-web/revision/download/5731?type=amendment
Chronological list by year,2007,No. 23 of 2007,Appropriation,amendment,62943,https://laws.gov.tt/ttdll-web/revision/download/62943?type=amendment
Chronological list by year,2007,No. 22 of 2007,Insurance (Amendment),amendment,13659,https://laws.gov.tt/ttdll-web/revision/download/13659?type=amendment
Chronological list by year,2007,No. 21 of 2007,Finance (Amendment),amendment,29139,https://laws.gov.tt/ttdll-web/revision/download/29139?type=amendment
Chronological list by year,2007,No. 20 of 2007,Homes for Older Persons,amendment,73705,https://laws.gov.tt/ttdll-web/revision/download/73705?type=amendment
Chronological list by year,2007,No. 19 of 2007,Motor Vehicles and Road Traffic,amendment,21737,https://laws.gov.tt/ttdll-web/revision/download/21737?type=amendment
Chronological list by year,2007,No. 18 of 2007,Municipal Corporations (Amendment),amendment,44420,https://laws.gov.tt/ttdll-web/revision/download/44420?type=amendment
Chronological list by year,2007,No. 17 of 2007,Finance,amendment,13189,https://laws.gov.tt/ttdll-web/revision/download/13189?type=amendment
Chronological list by year,2007,No. 16 of 2007,Accreditation Council of Trinidad and Tobago (Amendment),amendment,14677,https://laws.gov.tt/ttdll-web/revision/download/14677?type=amendment
Chronological list by year,2007,No. 15 of 2007,Bail (Amendment) (No.2),amendment,6994,https://laws.gov.tt/ttdll-web/revision/download/6994?type=amendment
Chronological list by year,2007,No. 14 of 2007,Finance (Supplementary Appropriation),amendment,62957,https://laws.gov.tt/ttdll-web/revision/download/62957?type=amendment
Chronological list by year,2007,No. 13 of 2007,Police Service,amendment,26707,https://laws.gov.tt/ttdll-web/revision/download/26707?type=amendment
Chronological list by year,2007,No. 12 of 2007,Constitution (Amendment),amendment,47810,https://laws.gov.tt/ttdll-web/revision/download/47810?type=amendment
Chronological list by year,2007,No. 11 of 2007,National Library and Information Systems,amendment,18597,https://laws.gov.tt/ttdll-web/revision/download/18597?type=amendment
Chronological list by year,2007,No. 10 of 2007,Bail (Amendment),amendment,6992,https://laws.gov.tt/ttdll-web/revision/download/6992?type=amendment
Chronological list by year,2007,No. 9 of 2007,Visiting Police Forces,amendment,62955,https://laws.gov.tt/ttdll-web/revision/download/62955?type=amendment
Chronological list by year,2007,No. 8 of 2007,Visiting Forces,amendment,73703,https://laws.gov.tt/ttdll-web/revision/download/73703?type=amendment
Chronological list by year,2007,No. 7 of 2007,Security Assistance (CARICOM),amendment,62953,https://laws.gov.tt/ttdll-web/revision/download/62953?type=amendment
Chronological list by year,2007,No. 6 of 2007,Heritage and Stabilisation Fund,amendment,73701,https://laws.gov.tt/ttdll-web/revision/download/73701?type=amendment
Chronological list by year,2007,No. 5 of 2007,Evidence (Amendment),amendment,5729,https://laws.gov.tt/ttdll-web/revision/download/5729?type=amendment
Chronological list by year,2007,No. 4 of 2007,Airports Authority of Trinidad and Tobago (Amendment),amendment,15474,https://laws.gov.tt/ttdll-web/revision/download/15474?type=amendment
Chronological list by year,2007,No. 3 of 2007,"Miscellaneous Provisions (Minimum Age for Admission to Employment) Act, 2007.",amendment,28253,https://laws.gov.tt/ttdll-web/revision/download/28253?type=amendment
Chronological list by year,2007,No. 2 of 2007,Finance (Variation of Appropriation),amendment,73699,https://laws.gov.tt/ttdll-web/revision/download/73699?type=amendment
Chronological list by year,2007,No. 1 of 2007,Home Mortgage Bank,amendment,12162,https://laws.gov.tt/ttdll-web/revision/download/12162?type=amendment
Chronological list by year,2006,No. 30 of 2006,Bail (Amendment),amendment,41213,https://laws.gov.tt/ttdll-web/revision/download/41213?type=amendment
Chronological list by year,2006,No. 29 of 2006,Immigration (Advance Passenger Information),amendment,73713,https://laws.gov.tt/ttdll-web/revision/download/73713?type=amendment
Chronological list by year,2006,No. 28 of 2006,ICC Cricket World Cup West Indies 2007,amendment,73711,https://laws.gov.tt/ttdll-web/revision/download/73711?type=amendment
Chronological list by year,2006,No. 27 of 2006,Appropriation,amendment,73709,https://laws.gov.tt/ttdll-web/revision/download/73709?type=amendment
Chronological list by year,2006,No. 26 of 2006,Firearms (Amendment),amendment,11388,https://laws.gov.tt/ttdll-web/revision/download/11388?type=amendment
Chronological list by year,2006,No. 25 of 2006,State Lands (Amendment),amendment,35392,https://laws.gov.tt/ttdll-web/revision/download/35392?type=amendment
Chronological list by year,2006,No. 24 of 2006,Pilotage (Amendent),amendment,26319,https://laws.gov.tt/ttdll-web/revision/download/26319?type=amendment
Chronological list by year,2006,No. 23 of 2006,Law Revision (Amendment),amendment,18419,https://laws.gov.tt/ttdll-web/revision/download/18419?type=amendment
Chronological list by year,2006,No. 22 of 2006,Fire Service (Amendment),amendment,11452,https://laws.gov.tt/ttdll-web/revision/download/11452?type=amendment
Chronological list by year,2006,No. 21 of 2006,Caribbean Examinations Council (Privileges and Immunities),amendment,2895,https://laws.gov.tt/ttdll-web/revision/download/2895?type=amendment
Chronological list by year,2006,No. 20 of 2006,Finance (Supplementary Appropriation),amendment,73707,https://laws.gov.tt/ttdll-web/revision/download/73707?type=amendment
Chronological list by year,2006,No. 19 of 2006,Caribbean Court of Justice Trust Fund,amendment,73687,https://laws.gov.tt/ttdll-web/revision/download/73687?type=amendment
Chronological list by year,2006,No. 18 of 2006,Pharmacy Board (Amendment),amendment,24379,https://laws.gov.tt/ttdll-web/revision/download/24379?type=amendment
Chronological list by year,2006,No. 17 of 2006,Tobago House of Assembly (Amendment),amendment,34440,https://laws.gov.tt/ttdll-web/revision/download/34440?type=amendment
Chronological list by year,2006,No. 16 of 2006,Tourism Development (Amendment),amendment,34013,https://laws.gov.tt/ttdll-web/revision/download/34013?type=amendment
Chronological list by year,2006,No. 15 of 2006,Financial Institutions (Amendment),amendment,11086,https://laws.gov.tt/ttdll-web/revision/download/11086?type=amendment
Chronological list by year,2006,No. 14 of 2006,Municipal Corporations (Amendment),amendment,44416,https://laws.gov.tt/ttdll-web/revision/download/44416?type=amendment
Chronological list by year,2006,No. 13 of 2006,Fair Trading,amendment,73689,https://laws.gov.tt/ttdll-web/revision/download/73689?type=amendment
Chronological list by year,2006,No. 12 of 2006,Students’ Revolving Loan Fund (Amendment),amendment,33370,https://laws.gov.tt/ttdll-web/revision/download/33370?type=amendment
Chronological list by year,2006,No. 11 of 2006,Finance (Supplementation and Variation of Appropriation),amendment,73683,https://laws.gov.tt/ttdll-web/revision/download/73683?type=amendment
Chronological list by year,2006,No. 10 of 2006,Validation of the Fifth Report of the Elections and Boundaries Commission (Local Government),amendment,6388,https://laws.gov.tt/ttdll-web/revision/download/6388?type=amendment
Chronological list by year,2006,No. 9 of 2006,National Lotteries (Amendment),amendment,18728,https://laws.gov.tt/ttdll-web/revision/download/18728?type=amendment
Chronological list by year,2006,No. 8 of 2006,Police Complaints Authority,amendment,5280,https://laws.gov.tt/ttdll-web/revision/download/5280?type=amendment
Chronological list by year,2006,No. 7 of 2006,Police Service,amendment,73685,https://laws.gov.tt/ttdll-web/revision/download/73685?type=amendment
Chronological list by year,2006,No. 6 of 2006,Constitution (Amendment),amendment,47808,https://laws.gov.tt/ttdll-web/revision/download/47808?type=amendment
Chronological list by year,2006,No. 5 of 2006,Caribbean Community (CARICOM) Cuba Trade and Economic Co-operation,amendment,2815,https://laws.gov.tt/ttdll-web/revision/download/2815?type=amendment
Chronological list by year,2006,No. 4 of 2006,International Criminal Court,amendment,10821,https://laws.gov.tt/ttdll-web/revision/download/10821?type=amendment
Chronological list by year,2006,No. 3 of 2006,Occupational Safety and Health (Amendment),amendment,27661,https://laws.gov.tt/ttdll-web/revision/download/27661?type=amendment
Chronological list by year,2006,No. 2 of 2006,Finance,amendment,7818,https://laws.gov.tt/ttdll-web/revision/download/7818?type=amendment
Chronological list by year,2006,No. 1 of 2006,Finance (Variation of Appropriation),amendment,73695,https://laws.gov.tt/ttdll-web/revision/download/73695?type=amendment
Chronological list by year,2005,No. 32 of 2005,Bail (Amendment),amendment,6982,https://laws.gov.tt/ttdll-web/revision/download/6982?type=amendment
Chronological list by year,2005,No. 31 of 2005,Family Proceedings (Amendment),amendment,10984,https://laws.gov.tt/ttdll-web/revision/download/10984?type=amendment
Chronological list by year,2005,No. 30 of 2005,Supreme Court of Judicature (Amendment),amendment,36094,https://laws.gov.tt/ttdll-web/revision/download/36094?type=amendment
Chronological list by year,2005,No. 29 of 2005,Appropriation,amendment,62965,https://laws.gov.tt/ttdll-web/revision/download/62965?type=amendment
Chronological list by year,2005,No. 28 of 2005,Finance (Supplementary Appropriation),amendment,62963,https://laws.gov.tt/ttdll-web/revision/download/62963?type=amendment
Chronological list by year,2005,No. 27 of 2005,Child Welfare League of Trinidad and Tobago (Incorporation),amendment,62961,https://laws.gov.tt/ttdll-web/revision/download/62961?type=amendment
Chronological list by year,2005,No. 26 of 2005,Anti-Terrorism,amendment,23085,https://laws.gov.tt/ttdll-web/revision/download/23085?type=amendment
Chronological list by year,2005,No. 25 of 2005,Caroni (1975) Limited and Orange Grove National Company Limited (Divestment),amendment,33060,https://laws.gov.tt/ttdll-web/revision/download/33060?type=amendment
Chronological list by year,2005,No. 24 of 2005,Trinidad and Tobago Housing Development Corporation,amendment,31361,https://laws.gov.tt/ttdll-web/revision/download/31361?type=amendment
Chronological list by year,2005,No. 23 of 2005,Indictable Offences (Preliminary Enquiry) (Amendment),amendment,35795,https://laws.gov.tt/ttdll-web/revision/download/35795?type=amendment
Chronological list by year,2005,No. 22 of 2005,Education (Amendment),amendment,8706,https://laws.gov.tt/ttdll-web/revision/download/8706?type=amendment
Chronological list by year,2005,No. 21 of 2005,Finance,amendment,25596,https://laws.gov.tt/ttdll-web/revision/download/25596?type=amendment
Chronological list by year,2005,No. 20 of 2005,Tourism Development (Amendment),amendment,34009,https://laws.gov.tt/ttdll-web/revision/download/34009?type=amendment
Chronological list by year,2005,No. 19 of 2005,Administration of Justice (Miscellaneous Provisions),amendment,11917,https://laws.gov.tt/ttdll-web/revision/download/11917?type=amendment
Chronological list by year,2005,No. 18 of 2005,Corporal Punishment (Offenders Over Eighteen) (Amendment),amendment,6191,https://laws.gov.tt/ttdll-web/revision/download/6191?type=amendment
Chronological list by year,2005,No. 17 of 2005,Home Mortgage Bank (Amendment),amendment,12160,https://laws.gov.tt/ttdll-web/revision/download/12160?type=amendment
Chronological list by year,2005,No. 16 of 2005,Criminal Procedure (Amendment),amendment,3835,https://laws.gov.tt/ttdll-web/revision/download/3835?type=amendment
Chronological list by year,2005,No. 15 of 2005,Summary Courts (Amendment),amendment,35791,https://laws.gov.tt/ttdll-web/revision/download/35791?type=amendment
Chronological list by year,2005,No. 14 of 2005,Association of Caribbean States (Headquarters),amendment,11197,https://laws.gov.tt/ttdll-web/revision/download/11197?type=amendment
Chronological list by year,2005,No. 13 of 2005,Venture Capital (Amendment),amendment,31107,https://laws.gov.tt/ttdll-web/revision/download/31107?type=amendment
Chronological list by year,2005,No. 12 of 2005,Finance (Supplementation and Variation of Appropriation),amendment,73697,https://laws.gov.tt/ttdll-web/revision/download/73697?type=amendment
Chronological list by year,2005,No. 11 of 2005,Offences Against the Person (Amendment) (Harassment),amendment,44388,https://laws.gov.tt/ttdll-web/revision/download/44388?type=amendment
Chronological list by year,2005,No. 10 of 2005,Caribbean Community (CARICOM) Regional Organisation for Standards and Quality,amendment,73691,https://laws.gov.tt/ttdll-web/revision/download/73691?type=amendment
Chronological list by year,2005,No. 9 of 2005,Functions of the Director of Surveys (Validation),amendment,35388,https://laws.gov.tt/ttdll-web/revision/download/35388?type=amendment
Chronological list by year,2005,No. 8 of 2005,Caribbean Court of Justice,amendment,73693,https://laws.gov.tt/ttdll-web/revision/download/73693?type=amendment
Chronological list by year,2005,No. 7 of 2005,Pesticides and Toxic Chemicals (Amendment),amendment,23177,https://laws.gov.tt/ttdll-web/revision/download/23177?type=amendment
Chronological list by year,2005,No. 6 of 2005,Food and Drugs (Amendment),amendment,21878,https://laws.gov.tt/ttdll-web/revision/download/21878?type=amendment
Chronological list by year,2005,No. 5 of 2005,Finance (Variation of Appropriation),amendment,73671,https://laws.gov.tt/ttdll-web/revision/download/73671?type=amendment
Chronological list by year,2005,No. 4 of 2005,Caribbean Community (CARICOM) Costa Rica Free Trade,amendment,2803,https://laws.gov.tt/ttdll-web/revision/download/2803?type=amendment
Chronological list by year,2005,No. 3 of 2005,Caribbean Community,amendment,73673,https://laws.gov.tt/ttdll-web/revision/download/73673?type=amendment
Chronological list by year,2005,No. 2 of 2005,Caribbean Community (Removal of Restrictions),amendment,11778,https://laws.gov.tt/ttdll-web/revision/download/11778?type=amendment
Chronological list by year,2005,No. 1 of 2005,Births and Deaths (Amendment),amendment,73667,https://laws.gov.tt/ttdll-web/revision/download/73667?type=amendment
Chronological list by year,2004,No. 21 of 2004,Appropriation,amendment,73669,https://laws.gov.tt/ttdll-web/revision/download/73669?type=amendment
Chronological list by year,2004,No. 20 of 2004,Finance (Supplementary Appropriation),amendment,62959,https://laws.gov.tt/ttdll-web/revision/download/62959?type=amendment
Chronological list by year,2004,No. 19 of 2004,Finance (Supplementation of Appropriation),amendment,73679,https://laws.gov.tt/ttdll-web/revision/download/73679?type=amendment
Chronological list by year,2004,No. 18 of 2004,*Metrology (Partial Proclamation)),amendment,73681,https://laws.gov.tt/ttdll-web/revision/download/73681?type=amendment
Chronological list by year,2004,No. 17 of 2004,Telecommunication (Amendment),amendment,34919,https://laws.gov.tt/ttdll-web/revision/download/34919?type=amendment
Chronological list by year,2004,No. 16 of 2004,Accreditation Council of Trinidad and Tobago,amendment,62973,https://laws.gov.tt/ttdll-web/revision/download/62973?type=amendment
Chronological list by year,2004,No. 15 of 2004,Insurance (Amendment),amendment,36293,https://laws.gov.tt/ttdll-web/revision/download/36293?type=amendment
Chronological list by year,2004,No. 14 of 2004,Mutual Assistance in Criminal Matters (Amendment),amendment,23083,https://laws.gov.tt/ttdll-web/revision/download/23083?type=amendment
Chronological list by year,2004,No. 13 of 2004,Trinidad and Tobago Postal Corporation (Amendment),amendment,33356,https://laws.gov.tt/ttdll-web/revision/download/33356?type=amendment
Chronological list by year,2004,No. 12 of 2004,Extradition (Commonwealth and Foreign Territories),amendment,5452,https://laws.gov.tt/ttdll-web/revision/download/5452?type=amendment
Chronological list by year,2004,No. 11 of 2004,National Lotteries (Amendment),amendment,18726,https://laws.gov.tt/ttdll-web/revision/download/18726?type=amendment
Chronological list by year,2004,No. 10 of 2004,Trinidad and Tobago Housing Development Corporation (Vesting),amendment,73675,https://laws.gov.tt/ttdll-web/revision/download/73675?type=amendment
Chronological list by year,2004,No. 9 of 2004,National Insurance (Amendment),amendment,19361,https://laws.gov.tt/ttdll-web/revision/download/19361?type=amendment
Chronological list by year,2004,No. 8 of 2004,Mediation,amendment,73677,https://laws.gov.tt/ttdll-web/revision/download/73677?type=amendment
Chronological list by year,2004,No. 7 of 2004,Public Assistance (Amendment and Validation),amendment,28008,https://laws.gov.tt/ttdll-web/revision/download/28008?type=amendment
Chronological list by year,2004,No. 6 of 2004,Summary Courts (Amendment),amendment,35787,https://laws.gov.tt/ttdll-web/revision/download/35787?type=amendment
Chronological list by year,2004,No. 5 of 2004,Finance,amendment,12275,https://laws.gov.tt/ttdll-web/revision/download/12275?type=amendment
Chronological list by year,2004,No. 4 of 2004,Finance (Supplementation of Appropriation),amendment,62971,https://laws.gov.tt/ttdll-web/revision/download/62971?type=amendment
Chronological list by year,2004,No. 3 of 2004,Firearms (Amendment),amendment,11386,https://laws.gov.tt/ttdll-web/revision/download/11386?type=amendment
Chronological list by year,2004,No. 2 of 2004,Family Proceedings,amendment,73881,https://laws.gov.tt/ttdll-web/revision/download/73881?type=amendment
Chronological list by year,2004,No. 1 of 2004,Occupational Safety and Health,amendment,73879,https://laws.gov.tt/ttdll-web/revision/download/73879?type=amendment
Chronological list by year,2003,No. 27 of 2003,Appropriation,amendment,73885,https://laws.gov.tt/ttdll-web/revision/download/73885?type=amendment
Chronological list by year,2003,No. 26 of 2003,Finance (Supplementary Appropriation),amendment,73883,https://laws.gov.tt/ttdll-web/revision/download/73883?type=amendment
Chronological list by year,2003,No. 25 of 2003,Pharmacy Board (Amendment),amendment,24377,https://laws.gov.tt/ttdll-web/revision/download/24377?type=amendment
Chronological list by year,2003,No. 24 of 2003,Customs (Amendment and Validation),amendment,9440,https://laws.gov.tt/ttdll-web/revision/download/9440?type=amendment
Chronological list by year,2003,No. 23 of 2003,Supreme Court of Judicature (Amendment),amendment,36090,https://laws.gov.tt/ttdll-web/revision/download/36090?type=amendment
Chronological list by year,2003,No. 22 of 2003,Medical Board (Amendment),amendment,73873,https://laws.gov.tt/ttdll-web/revision/download/73873?type=amendment
Chronological list by year,2003,No. 21 of 2003,Kidnapping,amendment,14162,https://laws.gov.tt/ttdll-web/revision/download/14162?type=amendment
Chronological list by year,2003,No. 20 of 2003,Income Tax (Amendment),amendment,12273,https://laws.gov.tt/ttdll-web/revision/download/12273?type=amendment
Chronological list by year,2003,No. 19 of 2003,Finance (Supplementation and Variation),amendment,73871,https://laws.gov.tt/ttdll-web/revision/download/73871?type=amendment
Chronological list by year,2003,No. 18 of 2003,Immigration (Skilled Nationals Amendment),amendment,11776,https://laws.gov.tt/ttdll-web/revision/download/11776?type=amendment
Chronological list by year,2003,No. 17 of 2003,Civil Aviation (Amendment),amendment,49588,https://laws.gov.tt/ttdll-web/revision/download/49588?type=amendment
Chronological list by year,2003,No. 16 of 2003,Validation of Elections and Boundaries (Local Government),amendment,6381,https://laws.gov.tt/ttdll-web/revision/download/6381?type=amendment
Chronological list by year,2003,No. 15 of 2003,Income Tax (Amendment),amendment,12271,https://laws.gov.tt/ttdll-web/revision/download/12271?type=amendment
Chronological list by year,2003,No. 14 of 2003,Freedom of Information (Amendment),amendment,13095,https://laws.gov.tt/ttdll-web/revision/download/13095?type=amendment
Chronological list by year,2003,No. 13 of 2003,Municipal Corporations (Amendment),amendment,44412,https://laws.gov.tt/ttdll-web/revision/download/44412?type=amendment
Chronological list by year,2003,No. 12 of 2003,Companies (Former-Act Companies) (Validation),amendment,49596,https://laws.gov.tt/ttdll-web/revision/download/49596?type=amendment
Chronological list by year,2003,No. 11 of 2003,Leases of State Lands (Validation),amendment,28929,https://laws.gov.tt/ttdll-web/revision/download/28929?type=amendment
Chronological list by year,2003,No. 10 of 2003,State Lands (Amendment),amendment,35384,https://laws.gov.tt/ttdll-web/revision/download/35384?type=amendment
Chronological list by year,2003,No. 9 of 2003,Adoption of Children (Amendment),amendment,73877,https://laws.gov.tt/ttdll-web/revision/download/73877?type=amendment
Chronological list by year,2003,No. 8 of 2003,Children’s Authority (Amendment),amendment,3275,https://laws.gov.tt/ttdll-web/revision/download/3275?type=amendment
Chronological list by year,2003,No. 7 of 2003,Registrar General (Amendment),amendment,29424,https://laws.gov.tt/ttdll-web/revision/download/29424?type=amendment
Chronological list by year,2003,No. 6 of 2003,Pilotage (Amendment),amendment,26317,https://laws.gov.tt/ttdll-web/revision/download/26317?type=amendment
Chronological list by year,2003,No. 5 of 2003,Stamp Duty (Validation),amendment,35144,https://laws.gov.tt/ttdll-web/revision/download/35144?type=amendment
Chronological list by year,2003,No. 4 of 2003,Finance (Variation of Appropriation),amendment,62969,https://laws.gov.tt/ttdll-web/revision/download/62969?type=amendment
Chronological list by year,2003,No. 3 of 2003,Public Assistance (Amendment and Validation),amendment,28004,https://laws.gov.tt/ttdll-web/revision/download/28004?type=amendment
Chronological list by year,2003,No. 2 of 2003,Old Age Pensions (Amendment and Validation),amendment,31758,https://laws.gov.tt/ttdll-web/revision/download/31758?type=amendment
Chronological list by year,2003,No. 1 of 2003,Constitution (Election of President),amendment,62967,https://laws.gov.tt/ttdll-web/revision/download/62967?type=amendment
Chronological list by year,2002,No. 2 of 2002,Finance (Miscellaneous Provisions),amendment,4253,https://laws.gov.tt/ttdll-web/revision/download/4253?type=amendment
Chronological list by year,2002,No. 1 of 2002,Appropriation,amendment,73875,https://laws.gov.tt/ttdll-web/revision/download/73875?type=amendment
Chronological list by year,2001,No. 14 of 2001,Bailiffs (Amendment),amendment,6970,https://laws.gov.tt/ttdll-web/revision/download/6970?type=amendment
Chronological list by year,2001,No. 13 of 2001,Trinidad and Tobago Cricket Board (Incorporation) (Amendment),amendment,73865,https://laws.gov.tt/ttdll-web/revision/download/73865?type=amendment
Chronological list by year,2001,No. 12 of 2001,Appropriation,amendment,62979,https://laws.gov.tt/ttdll-web/revision/download/62979?type=amendment
Chronological list by year,2001,No. 11 of 2001,Civil Aviation,amendment,73863,https://laws.gov.tt/ttdll-web/revision/download/73863?type=amendment
Chronological list by year,2001,No. 10 of 2001,Caribbean Community (CARICOM) Dominican Republic Free Trade,amendment,73869,https://laws.gov.tt/ttdll-web/revision/download/73869?type=amendment
Chronological list by year,2001,No. 9 of 2001,Motor Vehicles and Road Traffic (Amendment),amendment,73867,https://laws.gov.tt/ttdll-web/revision/download/73867?type=amendment
Chronological list by year,2001,No. 8 of 2001,Finance (Supplementary Appropriation),amendment,73857,https://laws.gov.tt/ttdll-web/revision/download/73857?type=amendment
Chronological list by year,2001,No. 7 of 2001,Mutual Assistance in Criminal Matters (Amendment),amendment,23081,https://laws.gov.tt/ttdll-web/revision/download/23081?type=amendment
Chronological list by year,2001,No. 6 of 2001,Immigration (Caribbean Community) (Amendment),amendment,11772,https://laws.gov.tt/ttdll-web/revision/download/11772?type=amendment
Chronological list by year,2001,No. 5 of 2001,Equal Opportunity (Amendment),amendment,5170,https://laws.gov.tt/ttdll-web/revision/download/5170?type=amendment
Chronological list by year,2001,No. 4 of 2001,Telecommunications,amendment,29035,https://laws.gov.tt/ttdll-web/revision/download/29035?type=amendment
Chronological list by year,2001,No. 3 of 2001,Finance (Supplementation and Variation of Appropriation),amendment,73855,https://laws.gov.tt/ttdll-web/revision/download/73855?type=amendment
Chronological list by year,2001,No. 2 of 2001,Plant Protection (Amendment),amendment,26596,https://laws.gov.tt/ttdll-web/revision/download/26596?type=amendment
Chronological list by year,2001,No. 1 of 2001,Finance (Variation of Appropriation),amendment,62981,https://laws.gov.tt/ttdll-web/revision/download/62981?type=amendment
Chronological list by year,2000,No. 92 of 2000,Freedom of Information (Amendment),amendment,13093,https://laws.gov.tt/ttdll-web/revision/download/13093?type=amendment
Chronological list by year,2000,No. 91 of 2000,Finance,amendment,31756,https://laws.gov.tt/ttdll-web/revision/download/31756?type=amendment
Chronological list by year,2000,No. 90 of 2000,Offences Against the Person (Amendment),amendment,44378,https://laws.gov.tt/ttdll-web/revision/download/44378?type=amendment
Chronological list by year,2000,No. 89 of 2000,Constitution (Amendment),amendment,47796,https://laws.gov.tt/ttdll-web/revision/download/47796?type=amendment
Chronological list by year,2000,No. 88 of 2000,Integrity in Public Life (Amendment),amendment,13859,https://laws.gov.tt/ttdll-web/revision/download/13859?type=amendment
Chronological list by year,2000,No. 87 of 2000,Electronic Transfer of Funds Crime,amendment,73861,https://laws.gov.tt/ttdll-web/revision/download/73861?type=amendment
Chronological list by year,2000,No. 86 of 2000,Computer Misuse,amendment,62975,https://laws.gov.tt/ttdll-web/revision/download/62975?type=amendment
Chronological list by year,2000,No. 85 of 2000,Miscellaneous Laws,amendment,35783,https://laws.gov.tt/ttdll-web/revision/download/35783?type=amendment
Chronological list by year,2000,No. 84 of 2000,Trinidad and Tobago Professional Psychologists (Incorporation),amendment,62977,https://laws.gov.tt/ttdll-web/revision/download/62977?type=amendment
Chronological list by year,2000,No. 83 of 2000,Integrity in Public Life,amendment,62987,https://laws.gov.tt/ttdll-web/revision/download/62987?type=amendment
Chronological list by year,2000,No. 82 of 2000,Constitution (Amendment),amendment,47794,https://laws.gov.tt/ttdll-web/revision/download/47794?type=amendment
Chronological list by year,2000,No. 81 of 2000,Constitution (Amendment),amendment,47792,https://laws.gov.tt/ttdll-web/revision/download/47792?type=amendment
Chronological list by year,2000,No. 80 of 2000,Sentencing Commission,amendment,62989,https://laws.gov.tt/ttdll-web/revision/download/62989?type=amendment
Chronological list by year,2000,No. 79 of 2000,Petroleum (Amendment),amendment,23286,https://laws.gov.tt/ttdll-web/revision/download/23286?type=amendment
Chronological list by year,2000,No. 78 of 2000,Justice Protection,amendment,62983,https://laws.gov.tt/ttdll-web/revision/download/62983?type=amendment
Chronological list by year,2000,No. 77 of 2000,"College of Science, Technology and Applied Arts of Trinidad and Tobago",amendment,18150,https://laws.gov.tt/ttdll-web/revision/download/18150?type=amendment
Chronological list by year,2000,No. 76 of 2000,Legal Profession (Amendment),amendment,19002,https://laws.gov.tt/ttdll-web/revision/download/19002?type=amendment
Chronological list by year,2000,No. 75 of 2000,Registration of Deeds (Amendment),amendment,28927,https://laws.gov.tt/ttdll-web/revision/download/28927?type=amendment
Chronological list by year,2000,No. 74 of 2000,State Lands (Amendment),amendment,35382,https://laws.gov.tt/ttdll-web/revision/download/35382?type=amendment
Chronological list by year,2000,No. 73 of 2000,Land Acquisition (Amendment),amendment,16603,https://laws.gov.tt/ttdll-web/revision/download/16603?type=amendment
Chronological list by year,2000,No. 72 of 2000,Conveyancing and Law of Property (Amendment),amendment,8203,https://laws.gov.tt/ttdll-web/revision/download/8203?type=amendment
Chronological list by year,2000,No. 71 of 2000,Real Property (Amendment),amendment,62985,https://laws.gov.tt/ttdll-web/revision/download/62985?type=amendment
Chronological list by year,2000,No. 70 of 2000,Registrar General (Amendment),amendment,29422,https://laws.gov.tt/ttdll-web/revision/download/29422?type=amendment
Chronological list by year,2000,No. 69 of 2000,Equal Opportunity,amendment,73859,https://laws.gov.tt/ttdll-web/revision/download/73859?type=amendment
Chronological list by year,2000,No. 68 of 2000,Children (Amendment),amendment,4243,https://laws.gov.tt/ttdll-web/revision/download/4243?type=amendment
Chronological list by year,2000,No. 67 of 2000,Adoption of Children,amendment,15276,https://laws.gov.tt/ttdll-web/revision/download/15276?type=amendment
Chronological list by year,2000,No. 66 of 2000,Miscellaneous Provisions (Children),amendment,8521,https://laws.gov.tt/ttdll-web/revision/download/8521?type=amendment
Chronological list by year,2000,No. 65 of 2000,Children's Community Foster Homes and Nurseries (Partial Proclamation),amendment,62997,https://laws.gov.tt/ttdll-web/revision/download/62997?type=amendment
Chronological list by year,2000,No. 64 of 2000,Children's Authority (Partial Proclamation),amendment,73847,https://laws.gov.tt/ttdll-web/revision/download/73847?type=amendment
Chronological list by year,2000,No. 63 of 2000,Citizenship of the Republic of Trinidad and Tobago (Amendment),amendment,4508,https://laws.gov.tt/ttdll-web/revision/download/4508?type=amendment
Chronological list by year,2000,No. 62 of 2000,Finance (Supplementary Appropriation),amendment,73849,https://laws.gov.tt/ttdll-web/revision/download/73849?type=amendment
Chronological list by year,2000,No. 61 of 2000,Minerals,amendment,73851,https://laws.gov.tt/ttdll-web/revision/download/73851?type=amendment
Chronological list by year,2000,No. 60 of 2000,Judicial Review,amendment,73853,https://laws.gov.tt/ttdll-web/revision/download/73853?type=amendment
Chronological list by year,2000,No. 59 of 2000,Socially Displaced Persons,amendment,35779,https://laws.gov.tt/ttdll-web/revision/download/35779?type=amendment
Chronological list by year,2000,No. 58 of 2000,Bailiffs,amendment,73839,https://laws.gov.tt/ttdll-web/revision/download/73839?type=amendment
Chronological list by year,2000,No. 57 of 2000,Summary Offences (Amendment),amendment,35567,https://laws.gov.tt/ttdll-web/revision/download/35567?type=amendment
Chronological list by year,2000,No. 56 of 2000,Praedial Larceny Prevention (Amendment),amendment,14160,https://laws.gov.tt/ttdll-web/revision/download/14160?type=amendment
Chronological list by year,2000,No. 55 of 2000,Proceeds of Crime,amendment,36086,https://laws.gov.tt/ttdll-web/revision/download/36086?type=amendment
Chronological list by year,2000,No. 54 of 2000,Patents (Amendment),amendment,25188,https://laws.gov.tt/ttdll-web/revision/download/25188?type=amendment
Chronological list by year,2000,No. 53 of 2000,Trinidad and Tobago Association for the Hearing-Impaired (Incorporation),amendment,73841,https://laws.gov.tt/ttdll-web/revision/download/73841?type=amendment
Chronological list by year,2000,No. 52 of 2000,Friends of Mr. Biswas (Incorporation),amendment,62991,https://laws.gov.tt/ttdll-web/revision/download/62991?type=amendment
Chronological list by year,2000,No. 51 of 2000,Representation of the People (Amendment),amendment,29728,https://laws.gov.tt/ttdll-web/revision/download/29728?type=amendment
Chronological list by year,2000,No. 50 of 2000,Tourism Development (Miscellaneous Provisions),amendment,20969,https://laws.gov.tt/ttdll-web/revision/download/20969?type=amendment
Chronological list by year,2000,No. 49 of 2000,Appropriation,amendment,62993,https://laws.gov.tt/ttdll-web/revision/download/62993?type=amendment
Chronological list by year,2000,No. 48 of 2000,Anti-Personnel Mines,amendment,73843,https://laws.gov.tt/ttdll-web/revision/download/73843?type=amendment
Chronological list by year,2000,No. 47 of 2000,Petty Civil Courts (Amendment),amendment,24254,https://laws.gov.tt/ttdll-web/revision/download/24254?type=amendment
Chronological list by year,2000,No. 46 of 2000,Supreme Court of Judicature (Amendment),amendment,36082,https://laws.gov.tt/ttdll-web/revision/download/36082?type=amendment
Chronological list by year,2000,No. 45 of 2000,Community Mediation (Amendment),amendment,73845,https://laws.gov.tt/ttdll-web/revision/download/73845?type=amendment
Chronological list by year,2000,No. 44 of 2000,Dangerous Drugs (Amendment),amendment,8433,https://laws.gov.tt/ttdll-web/revision/download/8433?type=amendment
Chronological list by year,2000,No. 43 of 2000,Constitution (Amendment),amendment,47788,https://laws.gov.tt/ttdll-web/revision/download/47788?type=amendment
Chronological list by year,2000,No. 42 of 2000,Ashtang Yoga Association of Trinidad and Tobago,amendment,63003,https://laws.gov.tt/ttdll-web/revision/download/63003?type=amendment
Chronological list by year,2000,No. 41 of 2000,Stamp Duty (Special Provisions),amendment,73831,https://laws.gov.tt/ttdll-web/revision/download/73831?type=amendment
Chronological list by year,2000,No. 40 of 2000,Rent Restriction (Re-enactment and Validation),amendment,73833,https://laws.gov.tt/ttdll-web/revision/download/73833?type=amendment
Chronological list by year,2000,No. 39 of 2000,Finance (Miscellaneous Provisions),amendment,13641,https://laws.gov.tt/ttdll-web/revision/download/13641?type=amendment
Chronological list by year,2000,No. 38 of 2000,Homes for Older Persons,amendment,63005,https://laws.gov.tt/ttdll-web/revision/download/63005?type=amendment
Chronological list by year,2000,No. 37 of 2000,Corporation Tax (Amendment),amendment,7782,https://laws.gov.tt/ttdll-web/revision/download/7782?type=amendment
Chronological list by year,2000,No. 36 of 2000,Income Tax (Amendment),amendment,12232,https://laws.gov.tt/ttdll-web/revision/download/12232?type=amendment
Chronological list by year,2000,No. 35 of 2000,Stamp Duty (Amendment),amendment,35136,https://laws.gov.tt/ttdll-web/revision/download/35136?type=amendment
Chronological list by year,2000,No. 34 of 2000,Miscellaneous Taxes (Amendment),amendment,20967,https://laws.gov.tt/ttdll-web/revision/download/20967?type=amendment
Chronological list by year,2000,No. 33 of 2000,Trinidad and Tobago Civil Aviation Authority,amendment,73835,https://laws.gov.tt/ttdll-web/revision/download/73835?type=amendment
Chronological list by year,2000,No. 32 of 2000,Dangerous Dogs,amendment,15136,https://laws.gov.tt/ttdll-web/revision/download/15136?type=amendment
Chronological list by year,2000,No. 31 of 2000,Sexual Offences (Amendment),amendment,31091,https://laws.gov.tt/ttdll-web/revision/download/31091?type=amendment
Chronological list by year,2000,No. 30 of 2000,Finance (Supplementation of Appropriation),amendment,73837,https://laws.gov.tt/ttdll-web/revision/download/73837?type=amendment
Chronological list by year,2000,No. 29 of 2000,Regional Health Authorities (Amendment),amendment,56679,https://laws.gov.tt/ttdll-web/revision/download/56679?type=amendment
Chronological list by year,2000,No. 28 of 2000,Distribution of Estates,amendment,17056,https://laws.gov.tt/ttdll-web/revision/download/17056?type=amendment
Chronological list by year,2000,No. 27 of 2000,Deoxyribonucleic Acid (DNA) Identification,amendment,73823,https://laws.gov.tt/ttdll-web/revision/download/73823?type=amendment
Chronological list by year,2000,No. 26 of 2000,Education (Amendment),amendment,8700,https://laws.gov.tt/ttdll-web/revision/download/8700?type=amendment
Chronological list by year,2000,No. 25 of 2000,Defence (Amendment),amendment,8519,https://laws.gov.tt/ttdll-web/revision/download/8519?type=amendment
Chronological list by year,2000,No. 24 of 2000,Trinidad and Tobago National Steel Orchestra (Amendment),amendment,32196,https://laws.gov.tt/ttdll-web/revision/download/32196?type=amendment
Chronological list by year,2000,No. 23 of 2000,Regional Health Authorities (Amendment),amendment,56677,https://laws.gov.tt/ttdll-web/revision/download/56677?type=amendment
Chronological list by year,2000,No. 22 of 2000,Motor Vehicles and Road Traffic (Amendment),amendment,21733,https://laws.gov.tt/ttdll-web/revision/download/21733?type=amendment
Chronological list by year,2000,No. 21 of 2000,Motor Vehicles and Road Traffic (Amendment),amendment,21731,https://laws.gov.tt/ttdll-web/revision/download/21731?type=amendment
Chronological list by year,2000,No. 20 of 2000,Motor Vehicles and Road Traffic Enforcement and Administration (Amendment),amendment,22797,https://laws.gov.tt/ttdll-web/revision/download/22797?type=amendment
Chronological list by year,2000,No. 19 of 2000,Law Reform (Miscellaneous Amendment),amendment,18417,https://laws.gov.tt/ttdll-web/revision/download/18417?type=amendment
Chronological list by year,2000,No. 18 of 2000,Intellectual Property (Miscellaneous Amendment),amendment,10826,https://laws.gov.tt/ttdll-web/revision/download/10826?type=amendment
Chronological list by year,2000,No. 17 of 2000,Prison Service (Amendment),amendment,57900,https://laws.gov.tt/ttdll-web/revision/download/57900?type=amendment
Chronological list by year,2000,No. 16 of 2000,Registration of Titles of Land,amendment,28925,https://laws.gov.tt/ttdll-web/revision/download/28925?type=amendment
Chronological list by year,2000,No. 15 of 2000,Land Tribunal,amendment,34135,https://laws.gov.tt/ttdll-web/revision/download/34135?type=amendment
Chronological list by year,2000,No. 14 of 2000,Land Adjudication,amendment,62999,https://laws.gov.tt/ttdll-web/revision/download/62999?type=amendment
Chronological list by year,2000,No. 13 of 2000,Human Tissue Transplant,amendment,73825,https://laws.gov.tt/ttdll-web/revision/download/73825?type=amendment
Chronological list by year,2000,No. 12 of 2000,Maintenance Orders (Facilities for Enforcement),amendment,26423,https://laws.gov.tt/ttdll-web/revision/download/26423?type=amendment
Chronological list by year,2000,No. 11 of 2000,Minimum Wages (Amendment),amendment,20735,https://laws.gov.tt/ttdll-web/revision/download/20735?type=amendment
Chronological list by year,2000,No. 9 of 2000,Tourism Development,amendment,63001,https://laws.gov.tt/ttdll-web/revision/download/63001?type=amendment
Chronological list by year,2000,No. 8 of 2000,Trinidad & Tobago Emergency Mutual Aid (Incorporation),amendment,73829,https://laws.gov.tt/ttdll-web/revision/download/73829?type=amendment
Chronological list by year,2000,No. 7 of 2000,United Islamic Organisations,amendment,73821,https://laws.gov.tt/ttdll-web/revision/download/73821?type=amendment
Chronological list by year,2000,No. 6 of 2000,National Chutney (Incorporation),amendment,73819,https://laws.gov.tt/ttdll-web/revision/download/73819?type=amendment
Chronological list by year,2000,No. 5 of 2000,National Museum and Art Gallery,amendment,73817,https://laws.gov.tt/ttdll-web/revision/download/73817?type=amendment
Chronological list by year,2000,No. 4 of 2000,Finance (Variation of Appropriation),amendment,73815,https://laws.gov.tt/ttdll-web/revision/download/73815?type=amendment
Chronological list by year,2000,No. 3 of 2000,Environmental Management,amendment,62679,https://laws.gov.tt/ttdll-web/revision/download/62679?type=amendment
Chronological list by year,2000,No. 2 of 2000,Limitation of Certain Actions (Amendment),amendment,18875,https://laws.gov.tt/ttdll-web/revision/download/18875?type=amendment
Chronological list by year,1999,No. 31 of 1999,National Trust of Trinidad and Tobago (Amendment),amendment,18172,https://laws.gov.tt/ttdll-web/revision/download/18172?type=amendment
Chronological list by year,1999,No. 30 of 1999,Appropriation,amendment,62681,https://laws.gov.tt/ttdll-web/revision/download/62681?type=amendment
Chronological list by year,1999,No. 29 of 1999,Constitution (Amendment),amendment,47784,https://laws.gov.tt/ttdll-web/revision/download/47784?type=amendment
Chronological list by year,1999,No. 28 of 1999,Safety Council of Trinidad and Tobago (Incorporation),amendment,73813,https://laws.gov.tt/ttdll-web/revision/download/73813?type=amendment
Chronological list by year,1999,No. 27 of 1999,Domestic Violence,amendment,62683,https://laws.gov.tt/ttdll-web/revision/download/62683?type=amendment
Chronological list by year,1999,No. 26 of 1999,Freedom of Information,amendment,62685,https://laws.gov.tt/ttdll-web/revision/download/62685?type=amendment
Chronological list by year,1999,No. 25 of 1999,Finance (Supplementation of Appropriation),amendment,62671,https://laws.gov.tt/ttdll-web/revision/download/62671?type=amendment
Chronological list by year,1999,No. 24 of 1999,Sawmills (Amendment),amendment,30328,https://laws.gov.tt/ttdll-web/revision/download/30328?type=amendment
Chronological list by year,1999,No. 23 of 1999,Forests (Amendment),amendment,13554,https://laws.gov.tt/ttdll-web/revision/download/13554?type=amendment
Chronological list by year,1999,No. 22 of 1999,Orisa Marriage,amendment,62673,https://laws.gov.tt/ttdll-web/revision/download/62673?type=amendment
Chronological list by year,1999,No. 21 of 1999,Criminal Injuries Compensation,amendment,73811,https://laws.gov.tt/ttdll-web/revision/download/73811?type=amendment
Chronological list by year,1999,No. 20 of 1999,Project Excel (Incorporation),amendment,73809,https://laws.gov.tt/ttdll-web/revision/download/73809?type=amendment
Chronological list by year,1999,No. 19 of 1999,Trinidad and Tobago National Steel Orchestra,amendment,62675,https://laws.gov.tt/ttdll-web/revision/download/62675?type=amendment
Chronological list by year,1999,No. 18 of 1999,Legal Aid and Advice (Amendment),amendment,18700,https://laws.gov.tt/ttdll-web/revision/download/18700?type=amendment
Chronological list by year,1999,No. 17 of 1999,Regional Health Authority (Amendment),amendment,56673,https://laws.gov.tt/ttdll-web/revision/download/56673?type=amendment
Chronological list by year,1999,No. 16 of 1999,Horticultural Society of Trinidad and Tobago,amendment,73807,https://laws.gov.tt/ttdll-web/revision/download/73807?type=amendment
Chronological list by year,1999,No. 15 of 1999,Little Flock Christian Mission (Incorporation),amendment,73805,https://laws.gov.tt/ttdll-web/revision/download/73805?type=amendment
Chronological list by year,1999,No. 14 of 1999,Mental Health (Amendment),amendment,26233,https://laws.gov.tt/ttdll-web/revision/download/26233?type=amendment
Chronological list by year,1999,No. 13 of 1999,Caribbean Investment Fund,amendment,73803,https://laws.gov.tt/ttdll-web/revision/download/73803?type=amendment
Chronological list by year,1999,No. 12 of 1999,Evidence (Amendment),amendment,5725,https://laws.gov.tt/ttdll-web/revision/download/5725?type=amendment
Chronological list by year,1999,No. 11 of 1999,Criminal Procedure (Plea Discussion and Plea Agreement),amendment,18698,https://laws.gov.tt/ttdll-web/revision/download/18698?type=amendment
Chronological list by year,1999,No. 10 of 1999,Public Assistance (Amendment),amendment,28000,https://laws.gov.tt/ttdll-web/revision/download/28000?type=amendment
Chronological list by year,1999,No. 9 of 1999,National Insurance (Amendment),amendment,19357,https://laws.gov.tt/ttdll-web/revision/download/19357?type=amendment
Chronological list by year,1999,No. 8 of 1999,Old Age Pensions (Amendment),amendment,31750,https://laws.gov.tt/ttdll-web/revision/download/31750?type=amendment
Chronological list by year,1999,No. 7 of 1999,Venture Capital (Amendment),amendment,31105,https://laws.gov.tt/ttdll-web/revision/download/31105?type=amendment
Chronological list by year,1999,No. 6 of 1999,Companies (Amendment),amendment,49592,https://laws.gov.tt/ttdll-web/revision/download/49592?type=amendment
Chronological list by year,1999,No. 5 of 1999,Patents (Validation of International Applications),amendment,25182,https://laws.gov.tt/ttdll-web/revision/download/25182?type=amendment
Chronological list by year,1999,No. 4 of 1999,Validation of the Elections & Boundaries (Local Government),amendment,62677,https://laws.gov.tt/ttdll-web/revision/download/62677?type=amendment
Chronological list by year,1999,No. 3 of 1999,Dental Profession (Amendment),amendment,5100,https://laws.gov.tt/ttdll-web/revision/download/5100?type=amendment
Chronological list by year,1999,No. 2 of 1999,Finance (Variation of Appropriation),amendment,73801,https://laws.gov.tt/ttdll-web/revision/download/73801?type=amendment
Chronological list by year,1999,No. 1 of 1999,Trinidad and Tobago Postal Corporation,amendment,34598,https://laws.gov.tt/ttdll-web/revision/download/34598?type=amendment
Chronological list by year,1998,No. 35 of 1998,Finance,amendment,21719,https://laws.gov.tt/ttdll-web/revision/download/21719?type=amendment
Chronological list by year,1998,No. 34 of 1998,Appropriation,amendment,62663,https://laws.gov.tt/ttdll-web/revision/download/62663?type=amendment
Chronological list by year,1998,No. 33 of 1998,Trinbago Unified Calypsonians' Organisation (Incorporation),amendment,73799,https://laws.gov.tt/ttdll-web/revision/download/73799?type=amendment
Chronological list by year,1998,No. 32 of 1998,Indictable Offences (Preliminary Enquiry) (Amendment) (No. 2),amendment,13091,https://laws.gov.tt/ttdll-web/revision/download/13091?type=amendment
Chronological list by year,1998,No. 31 of 1998,Dental Profession (Amendment),amendment,5096,https://laws.gov.tt/ttdll-web/revision/download/5096?type=amendment
Chronological list by year,1998,No. 30 of 1998,Cohabitational Relationships,amendment,73797,https://laws.gov.tt/ttdll-web/revision/download/73797?type=amendment
Chronological list by year,1998,No. 29 of 1998,Abundant Life Ministries (Incorporation),amendment,73795,https://laws.gov.tt/ttdll-web/revision/download/73795?type=amendment
Chronological list by year,1998,No. 28 of 1998,Unity of Trinidad and Tobago (Incorporation),amendment,73793,https://laws.gov.tt/ttdll-web/revision/download/73793?type=amendment
Chronological list by year,1998,No. 27 of 1998,International Society for Krishna Consciousness (ISKCON) (Incorporation),amendment,73791,https://laws.gov.tt/ttdll-web/revision/download/73791?type=amendment
Chronological list by year,1998,No. 26 of 1998,Regulated Industries Commission,amendment,73787,https://laws.gov.tt/ttdll-web/revision/download/73787?type=amendment
Chronological list by year,1998,No. 25 of 1998,State Land (Regularisation of Tenure),amendment,73789,https://laws.gov.tt/ttdll-web/revision/download/73789?type=amendment
Chronological list by year,1998,No. 24 of 1998,International War Crimes Tribunal,amendment,73783,https://laws.gov.tt/ttdll-web/revision/download/73783?type=amendment
Chronological list by year,1998,No. 23 of 1998,Financial Year (Constitution Amendment—sec.3),amendment,14138,https://laws.gov.tt/ttdll-web/revision/download/14138?type=amendment
Chronological list by year,1998,No. 22 of 1998,Consumer Protection and Safety (Amendment),amendment,7330,https://laws.gov.tt/ttdll-web/revision/download/7330?type=amendment
Chronological list by year,1998,No. 21 of 1998,Finance (Supplementation and Variation of Appropriation),amendment,73785,https://laws.gov.tt/ttdll-web/revision/download/73785?type=amendment
Chronological list by year,1998,No. 20 of 1998,Prisons (Amendment),amendment,28120,https://laws.gov.tt/ttdll-web/revision/download/28120?type=amendment
Chronological list by year,1998,No. 19 of 1998,Indictable Offences (Preliminary Enquiry) (Amendment),amendment,13089,https://laws.gov.tt/ttdll-web/revision/download/13089?type=amendment
Chronological list by year,1998,No. 18 of 1998,National Library and Information Systems,amendment,44408,https://laws.gov.tt/ttdll-web/revision/download/44408?type=amendment
Chronological list by year,1998,No. 17 of 1998,Summary Offences (Amendment),amendment,35563,https://laws.gov.tt/ttdll-web/revision/download/35563?type=amendment
Chronological list by year,1998,No. 16 of 1998,Food and Drugs (Amendment),amendment,21876,https://laws.gov.tt/ttdll-web/revision/download/21876?type=amendment
Chronological list by year,1998,No. 15 of 1998,Sugar Industry Special Funds (Amendment),amendment,33202,https://laws.gov.tt/ttdll-web/revision/download/33202?type=amendment
Chronological list by year,1998,No. 14 of 1998,Sugar Industry labour Welfare Committee (Incorporation) (Amendment),amendment,33146,https://laws.gov.tt/ttdll-web/revision/download/33146?type=amendment
Chronological list by year,1998,No. 13 of 1998,Community Mediation,amendment,24252,https://laws.gov.tt/ttdll-web/revision/download/24252?type=amendment
Chronological list by year,1998,No. 12 of 1998,Pharmacy Board (Amendment),amendment,24375,https://laws.gov.tt/ttdll-web/revision/download/24375?type=amendment
Chronological list by year,1998,No. 11 of 1998,Interpretation (Amendment),amendment,14136,https://laws.gov.tt/ttdll-web/revision/download/14136?type=amendment
Chronological list by year,1998,No. 10 of 1998,Waterworks and Water Conservation (Amendment),amendment,29874,https://laws.gov.tt/ttdll-web/revision/download/29874?type=amendment
Chronological list by year,1998,No. 9 of 1998,Negotiable Instruments (Dishonoured Cheques),amendment,62665,https://laws.gov.tt/ttdll-web/revision/download/62665?type=amendment
Chronological list by year,1998,No. 8 of 1998,Massage Therapy Association of Trinidad and Tobago (Incorporation),amendment,62667,https://laws.gov.tt/ttdll-web/revision/download/62667?type=amendment
Chronological list by year,1998,No. 6 of 1998,State Liability and Proceedings (Amendment),amendment,73781,https://laws.gov.tt/ttdll-web/revision/download/73781?type=amendment
Chronological list by year,1998,No. 5 of 1998,Public Sector (Arrears of Emoluments) (Amendment),amendment,62669,https://laws.gov.tt/ttdll-web/revision/download/62669?type=amendment
Chronological list by year,1998,No. 4 of 1998,Maternity Protection,amendment,12226,https://laws.gov.tt/ttdll-web/revision/download/12226?type=amendment
Chronological list by year,1998,No. 3 of 1998,Liquor Licences (Amendment),amendment,19691,https://laws.gov.tt/ttdll-web/revision/download/19691?type=amendment
Chronological list by year,1998,No. 2 of 1998,Appropriation,amendment,73775,https://laws.gov.tt/ttdll-web/revision/download/73775?type=amendment
Chronological list by year,1998,No. 1 of 1998,Cane Farmers Incorporation and Cess (Amendment),amendment,73777,https://laws.gov.tt/ttdll-web/revision/download/73777?type=amendment
Chronological list by year,1997,No. 44 of 1997,Finance (Supplementation and Variation of Appropriation ),amendment,73771,https://laws.gov.tt/ttdll-web/revision/download/73771?type=amendment
Chronological list by year,1997,No. 43 of 1997,Caribbean Union College (Incorporation),amendment,73773,https://laws.gov.tt/ttdll-web/revision/download/73773?type=amendment
Chronological list by year,1997,No. 42 of 1997,Pentecostal Assemblies of the West Indies (Amendment),amendment,73767,https://laws.gov.tt/ttdll-web/revision/download/73767?type=amendment
Chronological list by year,1997,No. 41 of 1997,Catholic Religious Education Development Institute (Incorporation),amendment,73769,https://laws.gov.tt/ttdll-web/revision/download/73769?type=amendment
Chronological list by year,1997,No. 40 of 1997,Livestock and Livestock Products Board,amendment,73763,https://laws.gov.tt/ttdll-web/revision/download/73763?type=amendment
Chronological list by year,1997,No. 39 of 1997,Mutual Assistance in Criminal Matters,amendment,33225,https://laws.gov.tt/ttdll-web/revision/download/33225?type=amendment
Chronological list by year,1997,No. 38 of 1997,Venture Capital (Amendment),amendment,31103,https://laws.gov.tt/ttdll-web/revision/download/31103?type=amendment
Chronological list by year,1997,No. 37 of 1997,Summary Courts (Amendment) (No. 2),amendment,35767,https://laws.gov.tt/ttdll-web/revision/download/35767?type=amendment
Chronological list by year,1997,No. 36 of 1997,Limitation of Certain Actions,amendment,3447,https://laws.gov.tt/ttdll-web/revision/download/3447?type=amendment
Chronological list by year,1997,No. 35 of 1997,Dharma Prakash Sabha (Incorporation),amendment,73765,https://laws.gov.tt/ttdll-web/revision/download/73765?type=amendment
Chronological list by year,1997,No. 34 of 1997,Quarry Superstars Sport and Cultural Club,amendment,73759,https://laws.gov.tt/ttdll-web/revision/download/73759?type=amendment
Chronological list by year,1997,No. 33 of 1997,Premier Vesting,amendment,12212,https://laws.gov.tt/ttdll-web/revision/download/12212?type=amendment
Chronological list by year,1997,No. 32 of 1997,Statutes (Amendment),amendment,33291,https://laws.gov.tt/ttdll-web/revision/download/33291?type=amendment
Chronological list by year,1997,No. 31 of 1997,Trade Marks (Amendment),amendment,34753,https://laws.gov.tt/ttdll-web/revision/download/34753?type=amendment
Chronological list by year,1997,No. 30 of 1997,Rotary Club of Port-of-Spain West (Incorporation),amendment,73761,https://laws.gov.tt/ttdll-web/revision/download/73761?type=amendment
Chronological list by year,1997,No. 29 of 1997,Mt. Beulah Evangelical Baptist Church (Incorporation),amendment,73507,https://laws.gov.tt/ttdll-web/revision/download/73507?type=amendment
Chronological list by year,1997,No. 28 of 1997,National Dance Association of Trinidad and Tobago (Incorporation),amendment,62655,https://laws.gov.tt/ttdll-web/revision/download/62655?type=amendment
Chronological list by year,1997,No. 27 of 1997,Sukyo Mahikari Association (Trinidad and Tobago) (Incorporation),amendment,62657,https://laws.gov.tt/ttdll-web/revision/download/62657?type=amendment
Chronological list by year,1997,No. 26 of 1997,Saraswati Mandiram (Incorporation),amendment,73509,https://laws.gov.tt/ttdll-web/revision/download/73509?type=amendment
Chronological list by year,1997,No. 25 of 1997,Motor Vehicles and Road Traffic (Amendment),amendment,21717,https://laws.gov.tt/ttdll-web/revision/download/21717?type=amendment
Chronological list by year,1997,No. 24 of 1997,Finance (Supplementation and Variation of Appropriation),amendment,73511,https://laws.gov.tt/ttdll-web/revision/download/73511?type=amendment
Chronological list by year,1997,No. 23 of 1997,Pounds (Amendment),amendment,26828,https://laws.gov.tt/ttdll-web/revision/download/26828?type=amendment
Chronological list by year,1997,No. 22 of 1997,Summary Courts (Amendment),amendment,35763,https://laws.gov.tt/ttdll-web/revision/download/35763?type=amendment
Chronological list by year,1997,No. 21 of 1997,Cipriani Labour College (Amendment),amendment,4479,https://laws.gov.tt/ttdll-web/revision/download/4479?type=amendment
Chronological list by year,1997,No. 20 of 1997,Law Reform (Pensions),amendment,8523,https://laws.gov.tt/ttdll-web/revision/download/8523?type=amendment
Chronological list by year,1997,No. 19 of 1997,Community Services Orders,amendment,62659,https://laws.gov.tt/ttdll-web/revision/download/62659?type=amendment
Chronological list by year,1997,No. 18 of 1997,Standards,amendment,75418,https://laws.gov.tt/ttdll-web/revision/download/75418?type=amendment
Chronological list by year,1997,No. 17 of 1997,Animals (Diseases and Importation) (Amendment),amendment,9187,https://laws.gov.tt/ttdll-web/revision/download/9187?type=amendment
Chronological list by year,1997,No. 16 of 1997,Criminal Law (Amendment),amendment,4721,https://laws.gov.tt/ttdll-web/revision/download/4721?type=amendment
Chronological list by year,1997,No. 15 of 1997,Theatres and Dance Halls (Amendment),amendment,33514,https://laws.gov.tt/ttdll-web/revision/download/33514?type=amendment
Chronological list by year,1997,No. 14 of 1997,Registration of Clubs (Amendment),amendment,28974,https://laws.gov.tt/ttdll-web/revision/download/28974?type=amendment
Chronological list by year,1997,No. 13 of 1997,Liquor Licences (Amendment),amendment,19681,https://laws.gov.tt/ttdll-web/revision/download/19681?type=amendment
Chronological list by year,1997,No. 12 of 1997,Public Officials (Extension of Service),amendment,15122,https://laws.gov.tt/ttdll-web/revision/download/15122?type=amendment
Chronological list by year,1997,No. 11 of 1997,Elections and Boundaries Commission (Local Government and Tobago House of Assembly),amendment,6369,https://laws.gov.tt/ttdll-web/revision/download/6369?type=amendment
Chronological list by year,1997,No. 10 of 1997,Fire Service (Amendment),amendment,11446,https://laws.gov.tt/ttdll-web/revision/download/11446?type=amendment
Chronological list by year,1997,No. 9 of 1997,Finance (Supplementation and Variation of Appropriation),amendment,24100,https://laws.gov.tt/ttdll-web/revision/download/24100?type=amendment
Chronological list by year,1997,No. 8 of 1997,Copyright,amendment,41848,https://laws.gov.tt/ttdll-web/revision/download/41848?type=amendment
Chronological list by year,1997,No. 7 of 1997,Protection of New Plant Varieties,amendment,73513,https://laws.gov.tt/ttdll-web/revision/download/73513?type=amendment
Chronological list by year,1997,No. 6 of 1997,Finance (Supplementation and Variation of Appropriation),amendment,73515,https://laws.gov.tt/ttdll-web/revision/download/73515?type=amendment
Chronological list by year,1997,No. 5 of 1997,Companies (Amendment),amendment,49378,https://laws.gov.tt/ttdll-web/revision/download/49378?type=amendment
Chronological list by year,1997,No. 4 of 1997,Trinidad and Tobago Free Zones (Amendment),amendment,36289,https://laws.gov.tt/ttdll-web/revision/download/36289?type=amendment
Chronological list by year,1997,No. 3 of 1997,Sugar Industry Labour Welfare Committee (Incorporation) (Amendment and Validation),amendment,33138,https://laws.gov.tt/ttdll-web/revision/download/33138?type=amendment
Chronological list by year,1997,No. 2 of 1997,Sugar Industry Special Funds (Amendment),amendment,33198,https://laws.gov.tt/ttdll-web/revision/download/33198?type=amendment
Chronological list by year,1997,No. 1 of 1997,Gambling and Betting (Amendment),amendment,13373,https://laws.gov.tt/ttdll-web/revision/download/13373?type=amendment
Chronological list by year,1996,No. 41 of 1996,Appropriation,amendment,62661,https://laws.gov.tt/ttdll-web/revision/download/62661?type=amendment
Chronological list by year,1996,No. 40 of 1996,Tobago House of Assembly,amendment,34436,https://laws.gov.tt/ttdll-web/revision/download/34436?type=amendment
Chronological list by year,1996,No. 39 of 1996,Constitution (Amendment),amendment,47776,https://laws.gov.tt/ttdll-web/revision/download/47776?type=amendment
Chronological list by year,1996,No. 38 of 1996,Motor Vehicles Insurance (Third-Party Risks),amendment,22914,https://laws.gov.tt/ttdll-web/revision/download/22914?type=amendment
Chronological list by year,1996,No. 37 of 1996,Repeal of Scheduled Laws,amendment,73517,https://laws.gov.tt/ttdll-web/revision/download/73517?type=amendment
Chronological list by year,1996,No. 36 of 1996,Finance (Supplementation and Variation of Appropriation),amendment,73519,https://laws.gov.tt/ttdll-web/revision/download/73519?type=amendment
Chronological list by year,1996,No. 35 of 1996,Arbitration (Foreign Arbitral Awards),amendment,62713,https://laws.gov.tt/ttdll-web/revision/download/62713?type=amendment
Chronological list by year,1996,No. 34 of 1996,Customs (Amendment),amendment,9432,https://laws.gov.tt/ttdll-web/revision/download/9432?type=amendment
Chronological list by year,1996,No. 33 of 1996,Land Surveyors,amendment,62711,https://laws.gov.tt/ttdll-web/revision/download/62711?type=amendment
Chronological list by year,1996,No. 32 of 1996,Marriage (Amendment),amendment,26622,https://laws.gov.tt/ttdll-web/revision/download/26622?type=amendment
Chronological list by year,1996,No. 31 of 1996,Validation of the Sixth Report of the Elections and Boundaries Commission (Tobago),amendment,62717,https://laws.gov.tt/ttdll-web/revision/download/62717?type=amendment
Chronological list by year,1996,No. 30 of 1996,Girl Guides Association of Trinidad and Tobago (Incorporation),amendment,73521,https://laws.gov.tt/ttdll-web/revision/download/73521?type=amendment
Chronological list by year,1996,No. 29 of 1996,Counting Unremunerated Work,amendment,62715,https://laws.gov.tt/ttdll-web/revision/download/62715?type=amendment
Chronological list by year,1996,No. 28 of 1996,Administration of Justice (Miscellaneous Provisions),amendment,4239,https://laws.gov.tt/ttdll-web/revision/download/4239?type=amendment
Chronological list by year,1996,No. 27 of 1996,Protection Against Unfair Competition,amendment,73523,https://laws.gov.tt/ttdll-web/revision/download/73523?type=amendment
Chronological list by year,1996,No. 26 of 1996,Immigration (Caribbean Community Skilled Nationals),amendment,73525,https://laws.gov.tt/ttdll-web/revision/download/73525?type=amendment
Chronological list by year,1996,No. 25 of 1996,Trade Marks (Amendment),amendment,34751,https://laws.gov.tt/ttdll-web/revision/download/34751?type=amendment
Chronological list by year,1996,No. 24 of 1996,Old Age Pensions (Amendment),amendment,31743,https://laws.gov.tt/ttdll-web/revision/download/31743?type=amendment
Chronological list by year,1996,No. 23 of 1996,Public Assistance (Amendment),amendment,62705,https://laws.gov.tt/ttdll-web/revision/download/62705?type=amendment
Chronological list by year,1996,No. 22 of 1996,Protective Services (Compensation),amendment,73527,https://laws.gov.tt/ttdll-web/revision/download/73527?type=amendment
Chronological list by year,1996,No. 21 of 1996,Patents and Designs,amendment,25310,https://laws.gov.tt/ttdll-web/revision/download/25310?type=amendment
Chronological list by year,1996,No. 20 of 1996,Geographical Indications,amendment,73529,https://laws.gov.tt/ttdll-web/revision/download/73529?type=amendment
Chronological list by year,1996,No. 19 of 1996,Layout Designs (Topographies) of Integrated Circuits,amendment,73531,https://laws.gov.tt/ttdll-web/revision/download/73531?type=amendment
Chronological list by year,1996,No. 18 of 1996,Industrial Designs,amendment,25303,https://laws.gov.tt/ttdll-web/revision/download/25303?type=amendment
Chronological list by year,1996,No. 17 of 1996,Coroners (Amendment),amendment,6315,https://laws.gov.tt/ttdll-web/revision/download/6315?type=amendment
Chronological list by year,1996,No. 16 of 1996,Commonwealth Development Corporation (Privileges and Immunities),amendment,62703,https://laws.gov.tt/ttdll-web/revision/download/62703?type=amendment
Chronological list by year,1996,No. 15 of 1996,Legal Profession (Amendment),amendment,18998,https://laws.gov.tt/ttdll-web/revision/download/18998?type=amendment
Chronological list by year,1996,No. 14 of 1996,Military Training (Prohibition),amendment,8517,https://laws.gov.tt/ttdll-web/revision/download/8517?type=amendment
Chronological list by year,1996,No. 13 of 1996,Rent Restriction (Re-enactment and Validation),amendment,73533,https://laws.gov.tt/ttdll-web/revision/download/73533?type=amendment
Chronological list by year,1996,No. 12 of 1996,Association of Independent Ministers (Incorporation),amendment,62709,https://laws.gov.tt/ttdll-web/revision/download/62709?type=amendment
Chronological list by year,1996,No. 11 of 1996,Evidence (Amendment),amendment,5721,https://laws.gov.tt/ttdll-web/revision/download/5721?type=amendment
Chronological list by year,1996,No. 10 of 1996,Jury (Amendment),amendment,14924,https://laws.gov.tt/ttdll-web/revision/download/14924?type=amendment
Chronological list by year,1996,No. 9 of 1996,Habeas Corpus,amendment,13077,https://laws.gov.tt/ttdll-web/revision/download/13077?type=amendment
Chronological list by year,1996,No. 8 of 1996,Finance,amendment,12202,https://laws.gov.tt/ttdll-web/revision/download/12202?type=amendment
Chronological list by year,1996,No. 7 of 1996,Finance (Variation of Appropriation) (1995),amendment,75523,https://laws.gov.tt/ttdll-web/revision/download/75523?type=amendment
Chronological list by year,1996,No. 6 of 1996,Indictable Offences (Preliminary Enquiry) (Amendment),amendment,13085,https://laws.gov.tt/ttdll-web/revision/download/13085?type=amendment
Chronological list by year,1996,No. 5 of 1996,Supreme Court of Judicature (Amendment) (No. 2),amendment,36074,https://laws.gov.tt/ttdll-web/revision/download/36074?type=amendment
Chronological list by year,1996,No. 4 of 1996,Municipal Councils 1996 Elections (Special Provisions),amendment,73535,https://laws.gov.tt/ttdll-web/revision/download/73535?type=amendment
Chronological list by year,1996,No. 3 of 1996,Supreme Court of Judicature (Amendment),amendment,36070,https://laws.gov.tt/ttdll-web/revision/download/36070?type=amendment
Chronological list by year,1996,No. 2 of 1996,Institute of Marine Affairs (Amendment),amendment,13599,https://laws.gov.tt/ttdll-web/revision/download/13599?type=amendment
Chronological list by year,1996,No. 1 of 1996,Appropriation,amendment,62697,https://laws.gov.tt/ttdll-web/revision/download/62697?type=amendment
Chronological list by year,1995,No. 38 of 1995,Finance (Variation of Appropriation),amendment,62695,https://laws.gov.tt/ttdll-web/revision/download/62695?type=amendment
Chronological list by year,1995,No. 37 of 1995,Immigration (Amendment),amendment,11191,https://laws.gov.tt/ttdll-web/revision/download/11191?type=amendment
Chronological list by year,1995,No. 36 of 1995,Municipal Corporations (Amendment),amendment,44404,https://laws.gov.tt/ttdll-web/revision/download/44404?type=amendment
Chronological list by year,1995,No. 35 of 1995,Companies,amendment,62701,https://laws.gov.tt/ttdll-web/revision/download/62701?type=amendment
Chronological list by year,1995,No. 34 of 1995,Petroleum (Amendment),amendment,23278,https://laws.gov.tt/ttdll-web/revision/download/23278?type=amendment
Chronological list by year,1995,No. 33 of 1995,Trinidad and Tobago Free Zones (Amendment),amendment,13182,https://laws.gov.tt/ttdll-web/revision/download/13182?type=amendment
Chronological list by year,1995,No. 32 of 1995,Securities Industry,amendment,62699,https://laws.gov.tt/ttdll-web/revision/download/62699?type=amendment
Chronological list by year,1995,No. 31 of 1995,Greater Malabar Christian Centre (Incorporation),amendment,73537,https://laws.gov.tt/ttdll-web/revision/download/73537?type=amendment
Chronological list by year,1995,No. 30 of 1995,Universal African Improvement Association (Incorporation),amendment,62689,https://laws.gov.tt/ttdll-web/revision/download/62689?type=amendment
Chronological list by year,1995,No. 29 of 1995,Trinidad and Tobago Olympic Committee (Incorporation),amendment,62687,https://laws.gov.tt/ttdll-web/revision/download/62687?type=amendment
Chronological list by year,1995,No. 28 of 1995,Attachments of Earnings (Maintenance) (Amendment),amendment,7599,https://laws.gov.tt/ttdll-web/revision/download/7599?type=amendment
Chronological list by year,1995,No. 27 of 1995,Faith Intl. Baptist Convention of Trinidad and Tobago (Incorporation),amendment,62693,https://laws.gov.tt/ttdll-web/revision/download/62693?type=amendment
Chronological list by year,1995,No. 26 of 1995,Glory Church (Incorporation),amendment,62691,https://laws.gov.tt/ttdll-web/revision/download/62691?type=amendment
Chronological list by year,1995,No. 25 of 1995,Kala Bhairava Foundation (Incorporation),amendment,73477,https://laws.gov.tt/ttdll-web/revision/download/73477?type=amendment
Chronological list by year,1995,No. 24 of 1995,Strategic Services Agency,amendment,62747,https://laws.gov.tt/ttdll-web/revision/download/62747?type=amendment
Chronological list by year,1995,No. 23 of 1995,Anti-dumping and Countervailing Duties (Amendment),amendment,74756,https://laws.gov.tt/ttdll-web/revision/download/74756?type=amendment
Chronological list by year,1995,No. 22 of 1995,Firearms (Amendment),amendment,11384,https://laws.gov.tt/ttdll-web/revision/download/11384?type=amendment
Chronological list by year,1995,No. 21 of 1995,Port-of-Spain Chapter (AMORC) Incorporation (Amendment),amendment,73475,https://laws.gov.tt/ttdll-web/revision/download/73475?type=amendment
Chronological list by year,1995,No. 20 of 1995,Congregation of Sisters of St. Joseph of Cluny (Incorporation),amendment,73481,https://laws.gov.tt/ttdll-web/revision/download/73481?type=amendment
Chronological list by year,1995,No. 19 of 1995,Trinidad and Tobago Secondary Schools Football League (Incorporation),amendment,73479,https://laws.gov.tt/ttdll-web/revision/download/73479?type=amendment
Chronological list by year,1995,No. 18 of 1995,"San Francique Sports, Educational and Cultural Council of Trinidad and Tobago (Incorporation)",amendment,73485,https://laws.gov.tt/ttdll-web/revision/download/73485?type=amendment
Chronological list by year,1995,No. 17 of 1995,Constitution (Amendment) (No.2),amendment,47772,https://laws.gov.tt/ttdll-web/revision/download/47772?type=amendment
Chronological list by year,1995,No. 16 of 1995,Opus Dei Prelature (Trinidad and Tobago) (Incorporation),amendment,62749,https://laws.gov.tt/ttdll-web/revision/download/62749?type=amendment
Chronological list by year,1995,No. 15 of 1995,Sugar Industry Control Board (Repeal),amendment,62743,https://laws.gov.tt/ttdll-web/revision/download/62743?type=amendment
Chronological list by year,1995,No. 14 of 1995,Treasury Notes,amendment,5084,https://laws.gov.tt/ttdll-web/revision/download/5084?type=amendment
Chronological list by year,1995,No. 13 of 1995,Miscellaneous Taxes (Amendment),amendment,20961,https://laws.gov.tt/ttdll-web/revision/download/20961?type=amendment
Chronological list by year,1995,No. 12 of 1995,Vishwanath Hindu Social and Cultural Organisation (Incorporation),amendment,73483,https://laws.gov.tt/ttdll-web/revision/download/73483?type=amendment
Chronological list by year,1995,No. 11 of 1995,Calvary Revival Centre (Incorporation),amendment,62745,https://laws.gov.tt/ttdll-web/revision/download/62745?type=amendment
Chronological list by year,1995,No. 10 of 1995,Constitution (Amendment),amendment,73489,https://laws.gov.tt/ttdll-web/revision/download/73489?type=amendment
Chronological list by year,1995,No. 9 of 1995,Flaming Word Ministry (Incorporation),amendment,62739,https://laws.gov.tt/ttdll-web/revision/download/62739?type=amendment
Chronological list by year,1995,No. 8 of 1995,Agricultural Development Bank (Amendment),amendment,7894,https://laws.gov.tt/ttdll-web/revision/download/7894?type=amendment
Chronological list by year,1995,No. 7 of 1995,Public Sector (Arrears of Emoluments),amendment,73487,https://laws.gov.tt/ttdll-web/revision/download/73487?type=amendment
Chronological list by year,1995,No. 6 of 1995,Finance (Variation of Appropriation) (1994),amendment,73493,https://laws.gov.tt/ttdll-web/revision/download/73493?type=amendment
Chronological list by year,1995,No. 5 of 1995,Finance,amendment,7754,https://laws.gov.tt/ttdll-web/revision/download/7754?type=amendment
Chronological list by year,1995,No. 4 of 1995,Tourism and Industrial Development Company of Trinidad and Tobago Limited Vesting,amendment,9450,https://laws.gov.tt/ttdll-web/revision/download/9450?type=amendment
Chronological list by year,1995,No. 3 of 1995,Environmental Management,amendment,9340,https://laws.gov.tt/ttdll-web/revision/download/9340?type=amendment
Chronological list by year,1995,No. 2 of 1995,BWIA International Airways Limited (Vesting),amendment,35156,https://laws.gov.tt/ttdll-web/revision/download/35156?type=amendment
Chronological list by year,1995,No. 1 of 1995,Rescue Mission (Incorporation),amendment,47768,https://laws.gov.tt/ttdll-web/revision/download/47768?type=amendment
Chronological list by year,1994,No. 32 of 1994,Trinidad and Tobago Electricity Commission (Amendment),amendment,34715,https://laws.gov.tt/ttdll-web/revision/download/34715?type=amendment
Chronological list by year,1994,No. 31 of 1994,Regional Health Authorities,amendment,56669,https://laws.gov.tt/ttdll-web/revision/download/56669?type=amendment
Chronological list by year,1994,No. 30 of 1994,Constitution (Amendment),amendment,73491,https://laws.gov.tt/ttdll-web/revision/download/73491?type=amendment
Chronological list by year,1994,No. 29 of 1994,Developmental Loans,amendment,5080,https://laws.gov.tt/ttdll-web/revision/download/5080?type=amendment
Chronological list by year,1994,No. 28 of 1994,Slum Clearance and Housing,amendment,31359,https://laws.gov.tt/ttdll-web/revision/download/31359?type=amendment
Chronological list by year,1994,No. 27 of 1994,Dangerous Drugs (Amendment),amendment,5450,https://laws.gov.tt/ttdll-web/revision/download/5450?type=amendment
Chronological list by year,1994,No. 26 of 1994,Appropriation,amendment,73497,https://laws.gov.tt/ttdll-web/revision/download/73497?type=amendment
Chronological list by year,1994,No. 25 of 1994,Central Bank,amendment,3323,https://laws.gov.tt/ttdll-web/revision/download/3323?type=amendment
Chronological list by year,1994,No. 24 of 1994,Corporation Tax,amendment,7728,https://laws.gov.tt/ttdll-web/revision/download/7728?type=amendment
Chronological list by year,1994,No. 23 of 1994,Central Bank (Amendment),amendment,3479,https://laws.gov.tt/ttdll-web/revision/download/3479?type=amendment
Chronological list by year,1994,No. 22 of 1994,Venture Capital,amendment,5440,https://laws.gov.tt/ttdll-web/revision/download/5440?type=amendment
Chronological list by year,1994,No. 21 of 1994,Supreme Court of Judicature,amendment,36064,https://laws.gov.tt/ttdll-web/revision/download/36064?type=amendment
Chronological list by year,1994,No. 20 of 1994,Indictable Offences (Preliminary Enquiry) (Amendment),amendment,13083,https://laws.gov.tt/ttdll-web/revision/download/13083?type=amendment
Chronological list by year,1994,No. 19 of 1994,Children (Amendment),amendment,4237,https://laws.gov.tt/ttdll-web/revision/download/4237?type=amendment
Chronological list by year,1994,No. 18 of 1994,Bail,amendment,4841,https://laws.gov.tt/ttdll-web/revision/download/4841?type=amendment
Chronological list by year,1994,No. 17 of 1994,Trade Marks,amendment,34749,https://laws.gov.tt/ttdll-web/revision/download/34749?type=amendment
Chronological list by year,1994,No. 15 of 1994,Economic Sanctions,amendment,62735,https://laws.gov.tt/ttdll-web/revision/download/62735?type=amendment
Chronological list by year,1994,No. 14 of 1994,Fiscal Incentives,amendment,15268,https://laws.gov.tt/ttdll-web/revision/download/15268?type=amendment
Chronological list by year,1994,No. 13 of 1994,Protection of Wrecks,amendment,62737,https://laws.gov.tt/ttdll-web/revision/download/62737?type=amendment
Chronological list by year,1994,No. 12 of 1994,University Students (Guarantee Fund),amendment,62731,https://laws.gov.tt/ttdll-web/revision/download/62731?type=amendment
Chronological list by year,1994,No. 11 of 1994,Nrityanjali Theatre Institute for Indo-Caribbean Arts and Culture (Incorporation),amendment,62733,https://laws.gov.tt/ttdll-web/revision/download/62733?type=amendment
Chronological list by year,1994,No. 10 of 1994,Corporal Punishment (Offenders Not Over Sixteen) (Amendment),amendment,62727,https://laws.gov.tt/ttdll-web/revision/download/62727?type=amendment
Chronological list by year,1994,No. 9 of 1994,Corporal Punishment (Offenders Over Eighteen),amendment,6117,https://laws.gov.tt/ttdll-web/revision/download/6117?type=amendment
Chronological list by year,1994,No. 8 of 1994,"Privileges and Immunities (Diplomatic, Consular and International Organisations)",amendment,29477,https://laws.gov.tt/ttdll-web/revision/download/29477?type=amendment
Chronological list by year,1994,No. 7 of 1994,Islamic Home for Children (Incorporation),amendment,73495,https://laws.gov.tt/ttdll-web/revision/download/73495?type=amendment
Chronological list by year,1994,No. 6 of 1994,Maxi-Taxi (Amendment),amendment,26478,https://laws.gov.tt/ttdll-web/revision/download/26478?type=amendment
Chronological list by year,1994,No. 5 of 1994,Regional Health Authorities,amendment,13267,https://laws.gov.tt/ttdll-web/revision/download/13267?type=amendment
Chronological list by year,1994,No. 4 of 1994,Finance (Variation of Appropriation) (1993),amendment,73501,https://laws.gov.tt/ttdll-web/revision/download/73501?type=amendment
Chronological list by year,1994,No. 3 of 1994,Finance,amendment,26476,https://laws.gov.tt/ttdll-web/revision/download/26476?type=amendment
Chronological list by year,1994,No. 2 of 1994,Mount Bethel National Spiritual Baptist Assembly of Trinidad and Tobago (Incorporation),amendment,62729,https://laws.gov.tt/ttdll-web/revision/download/62729?type=amendment
Chronological list by year,1994,No. 1 of 1994,Cipriani Labour College (Amendment),amendment,75715,https://laws.gov.tt/ttdll-web/revision/download/75715?type=amendment
Chronological list by year,1993,No. 29 of 1993,Appropriation,amendment,62723,https://laws.gov.tt/ttdll-web/revision/download/62723?type=amendment
Chronological list by year,1993,No. 28 of 1993,Airports Authority of Trinidad and Tobago (Amendment),amendment,15468,https://laws.gov.tt/ttdll-web/revision/download/15468?type=amendment
Chronological list by year,1993,No. 27 of 1993,Petrotrin Vesting,amendment,62725,https://laws.gov.tt/ttdll-web/revision/download/62725?type=amendment
Chronological list by year,1993,No. 26 of 1993,Supplementary Appropriation,amendment,62719,https://laws.gov.tt/ttdll-web/revision/download/62719?type=amendment
Chronological list by year,1993,No. 25 of 1993,Sport and Culture Fund (Amendment),amendment,31053,https://laws.gov.tt/ttdll-web/revision/download/31053?type=amendment
Chronological list by year,1993,No. 24 of 1993,Guarantee of Loans (University of the West Indies),amendment,62721,https://laws.gov.tt/ttdll-web/revision/download/62721?type=amendment
Chronological list by year,1993,No. 23 of 1993,Trade (Amendment),amendment,62781,https://laws.gov.tt/ttdll-web/revision/download/62781?type=amendment
Chronological list by year,1993,No. 22 of 1993,Finance (No. 2),amendment,5428,https://laws.gov.tt/ttdll-web/revision/download/5428?type=amendment
Chronological list by year,1993,No. 21 of 1993,Foundation for the Environment of Trinidad and Tobago,amendment,62779,https://laws.gov.tt/ttdll-web/revision/download/62779?type=amendment
Chronological list by year,1993,No. 20 of 1993,Taking of Hostages,amendment,5438,https://laws.gov.tt/ttdll-web/revision/download/5438?type=amendment
Chronological list by year,1993,No. 19 of 1993,"St. Joseph's Convent, Port-of-Spain Past Pupils Association (Incorporation)",amendment,62777,https://laws.gov.tt/ttdll-web/revision/download/62777?type=amendment
Chronological list by year,1993,No. 18 of 1993,Financial Institutions,amendment,3618,https://laws.gov.tt/ttdll-web/revision/download/3618?type=amendment
Chronological list by year,1993,No. 17 of 1993,Police Complaints Authority,amendment,62775,https://laws.gov.tt/ttdll-web/revision/download/62775?type=amendment
Chronological list by year,1993,No. 16 of 1993,Sri Sathya Sai Baba Organisation of Trinidad and Tobago (Incorporation),amendment,62773,https://laws.gov.tt/ttdll-web/revision/download/62773?type=amendment
Chronological list by year,1993,No. 15 of 1993,Caribbean Organisation of Supreme Institutions (Incorporation),amendment,73499,https://laws.gov.tt/ttdll-web/revision/download/73499?type=amendment
Chronological list by year,1993,No. 14 of 1993,Hindu Seva Sangh of Trinidad and Tobago (Incorporation) (Amendment),amendment,73505,https://laws.gov.tt/ttdll-web/revision/download/73505?type=amendment
Chronological list by year,1993,No. 13 of 1993,Young Offenders Detention (Amendment),amendment,29958,https://laws.gov.tt/ttdll-web/revision/download/29958?type=amendment
Chronological list by year,1993,No. 12 of 1993,Transfer of Prisoners,amendment,62771,https://laws.gov.tt/ttdll-web/revision/download/62771?type=amendment
Chronological list by year,1993,No. 11 of 1993,Finance (Supplementation and Variation of Appropriation) (1992),amendment,62769,https://laws.gov.tt/ttdll-web/revision/download/62769?type=amendment
Chronological list by year,1993,No. 10 of 1993,Central Bank (Amendment),amendment,3315,https://laws.gov.tt/ttdll-web/revision/download/3315?type=amendment
Chronological list by year,1993,No. 9 of 1993,Customs (Amendment) (No. 2),amendment,9409,https://laws.gov.tt/ttdll-web/revision/download/9409?type=amendment
Chronological list by year,1993,No. 8 of 1993,Rotary Club of St. Augustine (Incorporation),amendment,62767,https://laws.gov.tt/ttdll-web/revision/download/62767?type=amendment
Chronological list by year,1993,No. 7 of 1993,SWAHA (Incorporation),amendment,73503,https://laws.gov.tt/ttdll-web/revision/download/73503?type=amendment
Chronological list by year,1993,No. 6 of 1993,Finance,amendment,45328,https://laws.gov.tt/ttdll-web/revision/download/45328?type=amendment
Chronological list by year,1993,No. 5 of 1993,Customs (Amendment),amendment,9405,https://laws.gov.tt/ttdll-web/revision/download/9405?type=amendment
Chronological list by year,1993,No. 4 of 1993,Amarjyoth Sabha (Incorporation),amendment,62765,https://laws.gov.tt/ttdll-web/revision/download/62765?type=amendment
Chronological list by year,1993,No. 3 of 1993,Central Tenders Board (Amendment),amendment,55848,https://laws.gov.tt/ttdll-web/revision/download/55848?type=amendment
Chronological list by year,1993,No. 2 of 1993,Maingot Village Sumatee Sabha (Incorporation),amendment,62763,https://laws.gov.tt/ttdll-web/revision/download/62763?type=amendment
Chronological list by year,1993,No. 1 of 1993,Stamp Duty (Amendment),amendment,44657,https://laws.gov.tt/ttdll-web/revision/download/44657?type=amendment
Chronological list by year,1992,No. 25 of 1992,Income Tax (Amendment),amendment,12164,https://laws.gov.tt/ttdll-web/revision/download/12164?type=amendment
Chronological list by year,1992,No. 24 of 1992,Tax Appeal Board (Amendment),amendment,34562,https://laws.gov.tt/ttdll-web/revision/download/34562?type=amendment
Chronological list by year,1992,No. 23 of 1992,Supreme Court of Judicature (Amendment),amendment,36056,https://laws.gov.tt/ttdll-web/revision/download/36056?type=amendment
Chronological list by year,1992,No. 22 of 1992,Appropriation,amendment,62761,https://laws.gov.tt/ttdll-web/revision/download/62761?type=amendment
Chronological list by year,1992,No. 21 of 1992,Validation of the Fifth Report of the Elections and Boundaries Commission (Tobago),amendment,6365,https://laws.gov.tt/ttdll-web/revision/download/6365?type=amendment
Chronological list by year,1992,No. 20 of 1992,Firearms (Amendment),amendment,11380,https://laws.gov.tt/ttdll-web/revision/download/11380?type=amendment
Chronological list by year,1992,No. 19 of 1992,Architecture Profession,amendment,62759,https://laws.gov.tt/ttdll-web/revision/download/62759?type=amendment
Chronological list by year,1992,No. 18 of 1992,Supplementary Appropriation,amendment,62757,https://laws.gov.tt/ttdll-web/revision/download/62757?type=amendment
Chronological list by year,1992,No. 16 of 1992,Petroleum Production Levy and Subsidy (Amendment),amendment,73447,https://laws.gov.tt/ttdll-web/revision/download/73447?type=amendment
Chronological list by year,1992,No. 15 of 1992,Petroleum Taxes (Amendment),amendment,24078,https://laws.gov.tt/ttdll-web/revision/download/24078?type=amendment
Chronological list by year,1992,No. 14 of 1992,Customs (Caribbean Common Market) (Origin of Goods) (Validation),amendment,62755,https://laws.gov.tt/ttdll-web/revision/download/62755?type=amendment
Chronological list by year,1992,No. 13 of 1992,Judicial and Legal Service (Amendment),amendment,15040,https://laws.gov.tt/ttdll-web/revision/download/15040?type=amendment
Chronological list by year,1992,No. 12 of 1992,Students Cess (Amendment),amendment,6063,https://laws.gov.tt/ttdll-web/revision/download/6063?type=amendment
Chronological list by year,1992,No. 11 of 1992,Anti-dumping and Countervailing Duties,amendment,62753,https://laws.gov.tt/ttdll-web/revision/download/62753?type=amendment
Chronological list by year,1992,No. 10 of 1992,Order of the Caribbean Community,amendment,73449,https://laws.gov.tt/ttdll-web/revision/download/73449?type=amendment
Chronological list by year,1992,No. 9 of 1992,"Polo Ground Hindu Organisation, Preysal, (Incorporation)",amendment,73443,https://laws.gov.tt/ttdll-web/revision/download/73443?type=amendment
Chronological list by year,1992,No. 8 of 1992,Municipal Corporations (Amendment),amendment,11378,https://laws.gov.tt/ttdll-web/revision/download/11378?type=amendment
Chronological list by year,1992,No. 7 of 1992,Municipal Councils 1992 Elections (Special Provisions),amendment,6357,https://laws.gov.tt/ttdll-web/revision/download/6357?type=amendment
Chronological list by year,1992,No. 6 of 1992,Maxi-Taxi,amendment,21689,https://laws.gov.tt/ttdll-web/revision/download/21689?type=amendment
Chronological list by year,1992,No. 5 of 1992,Customs (Amendment),amendment,9401,https://laws.gov.tt/ttdll-web/revision/download/9401?type=amendment
Chronological list by year,1992,No. 4 of 1992,Finance,amendment,3588,https://laws.gov.tt/ttdll-web/revision/download/3588?type=amendment
Chronological list by year,1992,No. 3 of 1992,Sakina Juman (Pension),amendment,62751,https://laws.gov.tt/ttdll-web/revision/download/62751?type=amendment
Chronological list by year,1992,No. 2 of 1992,Finance (Supplementation),amendment,62799,https://laws.gov.tt/ttdll-web/revision/download/62799?type=amendment
Chronological list by year,1992,No. 1 of 1992,Appropriation,amendment,62801,https://laws.gov.tt/ttdll-web/revision/download/62801?type=amendment
Chronological list by year,1991,No. 42 of 1991,Faith Revival Ministries World Outreach (Incorporation),amendment,73445,https://laws.gov.tt/ttdll-web/revision/download/73445?type=amendment
Chronological list by year,1991,No. 41 of 1991,Caricom Enterprises,amendment,2964,https://laws.gov.tt/ttdll-web/revision/download/2964?type=amendment
Chronological list by year,1991,No. 40 of 1991,Telecommunications Authority,amendment,62803,https://laws.gov.tt/ttdll-web/revision/download/62803?type=amendment
Chronological list by year,1991,No. 39 of 1991,Central Tenders Board (amendment),amendment,75108,https://laws.gov.tt/ttdll-web/revision/download/75108?type=amendment
Chronological list by year,1991,No. 38 of 1991,Dangerous Drugs,amendment,35743,https://laws.gov.tt/ttdll-web/revision/download/35743?type=amendment
Chronological list by year,1991,No. 37 of 1991,Hindu Women's Organisation of Trinidad and Tobago (Incorporation),amendment,73455,https://laws.gov.tt/ttdll-web/revision/download/73455?type=amendment
Chronological list by year,1991,No. 36 of 1991,Rent Restriction (Re-enactment and Validation),amendment,59063,https://laws.gov.tt/ttdll-web/revision/download/59063?type=amendment
Chronological list by year,1991,No. 35 of 1991,Church of Spiritual Metaphysics (Incorporation),amendment,73457,https://laws.gov.tt/ttdll-web/revision/download/73457?type=amendment
Chronological list by year,1991,No. 34 of 1991,Rebirth House (Incorporation),amendment,73451,https://laws.gov.tt/ttdll-web/revision/download/73451?type=amendment
Chronological list by year,1991,No. 33 of 1991,Shiva Dharam Sabha of Trinidad and Tobago,amendment,73453,https://laws.gov.tt/ttdll-web/revision/download/73453?type=amendment
Chronological list by year,1991,No. 32 of 1991,James and Zamore (Compensation for Loss),amendment,62805,https://laws.gov.tt/ttdll-web/revision/download/62805?type=amendment
Chronological list by year,1991,No. 31 of 1991,Secondary Schools Sanskritik Sangam (Incorporation),amendment,73463,https://laws.gov.tt/ttdll-web/revision/download/73463?type=amendment
Chronological list by year,1991,No. 30 of 1991,Lions Club of Diego Martin West (Incorporation),amendment,73465,https://laws.gov.tt/ttdll-web/revision/download/73465?type=amendment
Chronological list by year,1991,No. 29 of 1991,Lions Club of Valsayn (Incorporation),amendment,73459,https://laws.gov.tt/ttdll-web/revision/download/73459?type=amendment
Chronological list by year,1991,No. 28 of 1991,Elections and Boundaries Commission (Local Government and Tobago House of Assembly),amendment,6353,https://laws.gov.tt/ttdll-web/revision/download/6353?type=amendment
Chronological list by year,1991,No. 27 of 1991,Opa Orisha (Shango) of Trinidad and Tobago (Incorporation),amendment,73461,https://laws.gov.tt/ttdll-web/revision/download/73461?type=amendment
Chronological list by year,1991,No. 26 of 1991,Global Encounter Ministries (Incorporation),amendment,62807,https://laws.gov.tt/ttdll-web/revision/download/62807?type=amendment
Chronological list by year,1991,No. 25 of 1991,Edinburgh Dharmic Sabha (Incorporation),amendment,62809,https://laws.gov.tt/ttdll-web/revision/download/62809?type=amendment
Chronological list by year,1991,No. 24 of 1991,General Service Board of Alcoholics (Incorporation),amendment,62811,https://laws.gov.tt/ttdll-web/revision/download/62811?type=amendment
Chronological list by year,1991,No. 23 of 1991,School of Philosophy (Incorporation),amendment,62813,https://laws.gov.tt/ttdll-web/revision/download/62813?type=amendment
Chronological list by year,1991,No. 22 of 1991,Caribbean Forest Conservation (Incorporation),amendment,62783,https://laws.gov.tt/ttdll-web/revision/download/62783?type=amendment
Chronological list by year,1991,No. 21 of 1991,Institute of Internal Auditors in Trinidad and Tobago (Incorporation),amendment,62785,https://laws.gov.tt/ttdll-web/revision/download/62785?type=amendment
Chronological list by year,1991,No. 20 of 1991,Confederation of African (Incorporation),amendment,62787,https://laws.gov.tt/ttdll-web/revision/download/62787?type=amendment
Chronological list by year,1991,No. 19 of 1991,Ophthalmological Society of Trinidad and Tobago (Incorporation),amendment,62789,https://laws.gov.tt/ttdll-web/revision/download/62789?type=amendment
Chronological list by year,1991,No. 18 of 1991,Trinidad and Tobago Hansen's Disease Relief Association,amendment,62791,https://laws.gov.tt/ttdll-web/revision/download/62791?type=amendment
Chronological list by year,1991,No. 17 of 1991,Trinidad and Tobago Field Naturalists Club (Incorporation),amendment,62793,https://laws.gov.tt/ttdll-web/revision/download/62793?type=amendment
Chronological list by year,1991,No. 16 of 1991,National Agricultural Marketing and Development Corporation,amendment,62795,https://laws.gov.tt/ttdll-web/revision/download/62795?type=amendment
Chronological list by year,1991,No. 15 of 1991,Mount Zion Spiritual Baptist Church (Incorporation),amendment,62797,https://laws.gov.tt/ttdll-web/revision/download/62797?type=amendment
Chronological list by year,1991,No. 14 of 1991,Lions Club of Chaguanas (Incorporation),amendment,62833,https://laws.gov.tt/ttdll-web/revision/download/62833?type=amendment
Chronological list by year,1991,No. 13 of 1991,Trinidad and Tobago Special Olympics (Incorporation),amendment,62831,https://laws.gov.tt/ttdll-web/revision/download/62831?type=amendment
Chronological list by year,1991,No. 12 of 1991,Evidence (Amendment),amendment,5709,https://laws.gov.tt/ttdll-web/revision/download/5709?type=amendment
Chronological list by year,1991,No. 11 of 1991,National Trust of Trinidad and Tobago,amendment,62837,https://laws.gov.tt/ttdll-web/revision/download/62837?type=amendment
Chronological list by year,1991,No. 10 of 1991,Domestic Violence,amendment,73471,https://laws.gov.tt/ttdll-web/revision/download/73471?type=amendment
Chronological list by year,1991,No. 9 of 1991,National Carnival Commission of Trinidad and Tobago,amendment,5945,https://laws.gov.tt/ttdll-web/revision/download/5945?type=amendment
Chronological list by year,1991,No. 8 of 1991,Caribbean Water and Wastewater (Incorporation),amendment,26863,https://laws.gov.tt/ttdll-web/revision/download/26863?type=amendment
Chronological list by year,1991,No. 7 of 1991,"St. Joseph's Convent, Past Pupils (Incorporation)",amendment,62835,https://laws.gov.tt/ttdll-web/revision/download/62835?type=amendment
Chronological list by year,1991,No. 6 of 1991,Finance,amendment,5420,https://laws.gov.tt/ttdll-web/revision/download/5420?type=amendment
Chronological list by year,1991,No. 5 of 1991,Finance (Variation of Appropriation),amendment,73473,https://laws.gov.tt/ttdll-web/revision/download/73473?type=amendment
Chronological list by year,1991,No. 4 of 1991,Supreme Court of Judicature (Amendment),amendment,36052,https://laws.gov.tt/ttdll-web/revision/download/36052?type=amendment
Chronological list by year,1991,No. 3 of 1991,Stamp Duty (Amendment),amendment,35124,https://laws.gov.tt/ttdll-web/revision/download/35124?type=amendment
Chronological list by year,1991,No. 2 of 1991,Ronald Perry (Retirement Benefits),amendment,62841,https://laws.gov.tt/ttdll-web/revision/download/62841?type=amendment
Chronological list by year,1991,No. 1 of 1991,Recording of Court Proceedings,amendment,62839,https://laws.gov.tt/ttdll-web/revision/download/62839?type=amendment
Chronological list by year,1990,No. 23 of 1990,Appropriation,amendment,62845,https://laws.gov.tt/ttdll-web/revision/download/62845?type=amendment
Chronological list by year,1990,No. 22 of 1990,Trinidad and Tobago Telephone (Amendment),amendment,62843,https://laws.gov.tt/ttdll-web/revision/download/62843?type=amendment
Chronological list by year,1990,No. 21 of 1990,Municipal Corporations (Sections 1 and 273),amendment,5248,https://laws.gov.tt/ttdll-web/revision/download/5248?type=amendment
Chronological list by year,1990,No. 20 of 1990,Port-of-Spain East Lions Club (Incorporation),amendment,62817,https://laws.gov.tt/ttdll-web/revision/download/62817?type=amendment
Chronological list by year,1990,No. 19 of 1990,Retirees Association of Trinidad and Tobago (Incorporation),amendment,62815,https://laws.gov.tt/ttdll-web/revision/download/62815?type=amendment
Chronological list by year,1990,No. 18 of 1990,Students Cess (Amendment),amendment,62821,https://laws.gov.tt/ttdll-web/revision/download/62821?type=amendment
Chronological list by year,1990,No. 17 of 1990,Islamic Fada'il Services Trust (Incorporation),amendment,73467,https://laws.gov.tt/ttdll-web/revision/download/73467?type=amendment
Chronological list by year,1990,No. 16 of 1990,Foreign Investment,amendment,11189,https://laws.gov.tt/ttdll-web/revision/download/11189?type=amendment
Chronological list by year,1990,No. 15 of 1990,Collaboration for Ecumenical Planning and Action in the Caribbean-Network (Incorporation),amendment,62819,https://laws.gov.tt/ttdll-web/revision/download/62819?type=amendment
Chronological list by year,1990,No. 14 of 1990,Petroleum (Amendment),amendment,23276,https://laws.gov.tt/ttdll-web/revision/download/23276?type=amendment
Chronological list by year,1990,No. 13 of 1990,Institute of Marine Affairs (Amendment),amendment,13597,https://laws.gov.tt/ttdll-web/revision/download/13597?type=amendment
Chronological list by year,1990,No. 12 of 1990,Miscellaneous Taxes (Amendment),amendment,20923,https://laws.gov.tt/ttdll-web/revision/download/20923?type=amendment
Chronological list by year,1990,No. 11 of 1990,Airports Authority (Amendment),amendment,15462,https://laws.gov.tt/ttdll-web/revision/download/15462?type=amendment
Chronological list by year,1990,No. 10 of 1990,Lions Club of Sangre Grande (Incorporation),amendment,73469,https://laws.gov.tt/ttdll-web/revision/download/73469?type=amendment
Chronological list by year,1990,No. 8 of 1990,Indictable Offences (Preliminary) (Amendment),amendment,13075,https://laws.gov.tt/ttdll-web/revision/download/13075?type=amendment
Chronological list by year,1990,No. 7 of 1990,Developmental Loans (Amendment),amendment,5076,https://laws.gov.tt/ttdll-web/revision/download/5076?type=amendment
Chronological list by year,1990,No. 6 of 1990,Hindi Nidhi-The Hindu Foundation (Incorporation),amendment,62825,https://laws.gov.tt/ttdll-web/revision/download/62825?type=amendment
Chronological list by year,1990,No. 5 of 1990,Finance (Variation of Appropriation),amendment,34247,https://laws.gov.tt/ttdll-web/revision/download/34247?type=amendment
Chronological list by year,1990,No. 4 of 1990,Helpers in Need and Distress Trust of Trinidad,amendment,73417,https://laws.gov.tt/ttdll-web/revision/download/73417?type=amendment
Chronological list by year,1990,No. 3 of 1990,MIZPEH Half-Way House (Incorporation),amendment,62823,https://laws.gov.tt/ttdll-web/revision/download/62823?type=amendment
Chronological list by year,1990,No. 2 of 1990,Evidence (Amendment),amendment,5659,https://laws.gov.tt/ttdll-web/revision/download/5659?type=amendment
Chronological list by year,1990,No. 1 of 1990,Appropriation,amendment,73415,https://laws.gov.tt/ttdll-web/revision/download/73415?type=amendment
Chronological list by year,1989,No. 38 of 1989,Income Tax (Amendment),amendment,12118,https://laws.gov.tt/ttdll-web/revision/download/12118?type=amendment
Chronological list by year,1989,No. 37 of 1989,Value Added Tax,amendment,3892,https://laws.gov.tt/ttdll-web/revision/download/3892?type=amendment
Chronological list by year,1989,No. 36 of 1989,Gambling and Betting (Amendment),amendment,13361,https://laws.gov.tt/ttdll-web/revision/download/13361?type=amendment
Chronological list by year,1989,No. 35 of 1989,Betting Levy Board,amendment,62829,https://laws.gov.tt/ttdll-web/revision/download/62829?type=amendment
Chronological list by year,1989,No. 34 of 1989,Tobago Cricket Board of Control (Incorporation),amendment,73413,https://laws.gov.tt/ttdll-web/revision/download/73413?type=amendment
Chronological list by year,1989,No. 33 of 1989,National Drama Association of Trinidad and Tobago (Incorporation),amendment,73411,https://laws.gov.tt/ttdll-web/revision/download/73411?type=amendment
Chronological list by year,1989,No. 32 of 1989,St. Augustine Lions Club of Trinidad (Incorporation),amendment,62827,https://laws.gov.tt/ttdll-web/revision/download/62827?type=amendment
Chronological list by year,1989,No. 31 of 1989,Trinidad and Tobago Racing Authority,amendment,32695,https://laws.gov.tt/ttdll-web/revision/download/32695?type=amendment
Chronological list by year,1989,No. 30 of 1989,Tax Information Exchange Agreements,amendment,12114,https://laws.gov.tt/ttdll-web/revision/download/12114?type=amendment
Chronological list by year,1989,No. 29 of 1989,Eric Williams Medical Sciences Complex,amendment,11076,https://laws.gov.tt/ttdll-web/revision/download/11076?type=amendment
Chronological list by year,1989,No. 28 of 1989,Anatomy Act,amendment,62867,https://laws.gov.tt/ttdll-web/revision/download/62867?type=amendment
Chronological list by year,1989,No. 27 of 1989,Brahma Kumaris Raja Yoga (Incorporation),amendment,62869,https://laws.gov.tt/ttdll-web/revision/download/62869?type=amendment
Chronological list by year,1989,No. 26 of 1989,Excise (General Provisions) (Amendment),amendment,5935,https://laws.gov.tt/ttdll-web/revision/download/5935?type=amendment
Chronological list by year,1989,No. 25 of 1989,Customs (Amendment),amendment,9397,https://laws.gov.tt/ttdll-web/revision/download/9397?type=amendment
Chronological list by year,1989,No. 24 of 1989,Geological Society of Trinidad and Tobago (Incorporation),amendment,62863,https://laws.gov.tt/ttdll-web/revision/download/62863?type=amendment
Chronological list by year,1989,No. 23 of 1989,Paediatric Society of Trinidad and Tobago (Incorporation),amendment,62865,https://laws.gov.tt/ttdll-web/revision/download/62865?type=amendment
Chronological list by year,1989,No. 22 of 1989,Lion's Club of Mayaro (Incorporation),amendment,62875,https://laws.gov.tt/ttdll-web/revision/download/62875?type=amendment
Chronological list by year,1989,No. 21 of 1989,Triune Shouter Baptists (Incorporation),amendment,73425,https://laws.gov.tt/ttdll-web/revision/download/73425?type=amendment
Chronological list by year,1989,No. 20 of 1989,Income Tax (Amendment),amendment,12112,https://laws.gov.tt/ttdll-web/revision/download/12112?type=amendment
Chronological list by year,1989,No. 19 of 1989,Voluntary Termination of Employment,amendment,8243,https://laws.gov.tt/ttdll-web/revision/download/8243?type=amendment
Chronological list by year,1989,No. 18 of 1989,Finance,amendment,5402,https://laws.gov.tt/ttdll-web/revision/download/5402?type=amendment
Chronological list by year,1989,No. 17 of 1989,Larceny (Amendment),amendment,18271,https://laws.gov.tt/ttdll-web/revision/download/18271?type=amendment
Chronological list by year,1989,No. 16 of 1989,Summary Courts (Amendment),amendment,35735,https://laws.gov.tt/ttdll-web/revision/download/35735?type=amendment
Chronological list by year,1989,No. 15 of 1989,Diabetes Association of Trinidad and Tobago (Incorporation),amendment,62877,https://laws.gov.tt/ttdll-web/revision/download/62877?type=amendment
Chronological list by year,1989,No. 14 of 1989,Dow Village Ramleela and Cultural (Incorporation),amendment,73423,https://laws.gov.tt/ttdll-web/revision/download/73423?type=amendment
Chronological list by year,1989,No. 13 of 1989,Agricultural Development Bank (Amendment),amendment,7780,https://laws.gov.tt/ttdll-web/revision/download/7780?type=amendment
Chronological list by year,1989,No. 12 of 1989,Private Hospitals (Amendment),amendment,27247,https://laws.gov.tt/ttdll-web/revision/download/27247?type=amendment
Chronological list by year,1989,No. 11 of 1989,Finance (Variation of Appropriation),amendment,73421,https://laws.gov.tt/ttdll-web/revision/download/73421?type=amendment
Chronological list by year,1989,No. 10 of 1989,Home Mortgage Bank (Amendment),amendment,12154,https://laws.gov.tt/ttdll-web/revision/download/12154?type=amendment
Chronological list by year,1989,No. 9 of 1989,CAB International (Regional Centre),amendment,62871,https://laws.gov.tt/ttdll-web/revision/download/62871?type=amendment
Chronological list by year,1989,No. 8 of 1989,County Councils (Amendment),amendment,62873,https://laws.gov.tt/ttdll-web/revision/download/62873?type=amendment
Chronological list by year,1989,No. 7 of 1989,Yoga Meditation Society of Trinidad and Tobago (Incorporation),amendment,34747,https://laws.gov.tt/ttdll-web/revision/download/34747?type=amendment
Chronological list by year,1989,No. 6 of 1989,Finance,amendment,5400,https://laws.gov.tt/ttdll-web/revision/download/5400?type=amendment
Chronological list by year,1989,No. 5 of 1989,Reduction of Public Sector Emoluments,amendment,62851,https://laws.gov.tt/ttdll-web/revision/download/62851?type=amendment
Chronological list by year,1989,No. 4 of 1989,Stamp Duty (Amendment),amendment,35118,https://laws.gov.tt/ttdll-web/revision/download/35118?type=amendment
Chronological list by year,1989,No. 3 of 1989,National Association of Down Syndrome (Incorporation),amendment,62853,https://laws.gov.tt/ttdll-web/revision/download/62853?type=amendment
Chronological list by year,1989,No. 2 of 1989,Tourist Board (Amendment),amendment,62847,https://laws.gov.tt/ttdll-web/revision/download/62847?type=amendment
Chronological list by year,1989,No. 1 of 1989,Students Cess,amendment,62849,https://laws.gov.tt/ttdll-web/revision/download/62849?type=amendment
Chronological list by year,1988,No. 33 of 1988,Appropriation,amendment,73419,https://laws.gov.tt/ttdll-web/revision/download/73419?type=amendment
Chronological list by year,1988,No. 32 of 1988,National Lotteries (Amendment),amendment,18724,https://laws.gov.tt/ttdll-web/revision/download/18724?type=amendment
Chronological list by year,1988,No. 31 of 1988,Sports and Culture Fund,amendment,62859,https://laws.gov.tt/ttdll-web/revision/download/62859?type=amendment
Chronological list by year,1988,No. 30 of 1988,Tobago House of Assembly (Amendment),amendment,34434,https://laws.gov.tt/ttdll-web/revision/download/34434?type=amendment
Chronological list by year,1988,No. 29 of 1988,Petroleum (Amendment),amendment,23274,https://laws.gov.tt/ttdll-web/revision/download/23274?type=amendment
Chronological list by year,1988,No. 28 of 1988,Excise (Petroleum Products) (Validation),amendment,5957,https://laws.gov.tt/ttdll-web/revision/download/5957?type=amendment
Chronological list by year,1988,No. 27 of 1988,Petroleum Taxes (Amendment),amendment,24074,https://laws.gov.tt/ttdll-web/revision/download/24074?type=amendment
Chronological list by year,1988,No. 26 of 1988,City of San Fernando,amendment,62861,https://laws.gov.tt/ttdll-web/revision/download/62861?type=amendment
Chronological list by year,1988,No. 25 of 1988,Trinidad and Tobago Institute of Architects,amendment,62855,https://laws.gov.tt/ttdll-web/revision/download/62855?type=amendment
Chronological list by year,1988,No. 24 of 1988,Cipriani Labour College (Amendment),amendment,4473,https://laws.gov.tt/ttdll-web/revision/download/4473?type=amendment
Chronological list by year,1988,No. 23 of 1988,Mennonite Church (Incorporation),amendment,62901,https://laws.gov.tt/ttdll-web/revision/download/62901?type=amendment
Chronological list by year,1988,No. 22 of 1988,Hindu Seva Sangh of Trinidad and Tobago (Incorporation),amendment,62899,https://laws.gov.tt/ttdll-web/revision/download/62899?type=amendment
Chronological list by year,1988,No. 21 of 1988,Citizenship of The Republic of Trinidad and Tobago,amendment,4504,https://laws.gov.tt/ttdll-web/revision/download/4504?type=amendment
Chronological list by year,1988,No. 20 of 1988,Kiwanis Club of Enterprise (Incorporation),amendment,62895,https://laws.gov.tt/ttdll-web/revision/download/62895?type=amendment
Chronological list by year,1988,No. 19 of 1988,Trinidad and Tobago Free Zones,amendment,11181,https://laws.gov.tt/ttdll-web/revision/download/11181?type=amendment
Chronological list by year,1988,No. 18 of 1988,Privileges and Immunities (Diplomatic) (Amendment),amendment,29475,https://laws.gov.tt/ttdll-web/revision/download/29475?type=amendment
Chronological list by year,1988,No. 17 of 1988,Gandhi Seva Sangh of Trinidad and Tobago (Incorporation),amendment,62909,https://laws.gov.tt/ttdll-web/revision/download/62909?type=amendment
Chronological list by year,1988,No. 16 of 1988,Defence (Amendment),amendment,8511,https://laws.gov.tt/ttdll-web/revision/download/8511?type=amendment
Chronological list by year,1988,No. 15 of 1988,Law Reform (Property) (Amendment),amendment,73433,https://laws.gov.tt/ttdll-web/revision/download/73433?type=amendment
Chronological list by year,1988,No. 14 of 1988,Attachment of Earnings (Maintenance),amendment,26419,https://laws.gov.tt/ttdll-web/revision/download/26419?type=amendment
Chronological list by year,1988,No. 13 of 1988,Matrimonial Proceedings and Property (Amendment),amendment,26421,https://laws.gov.tt/ttdll-web/revision/download/26421?type=amendment
Chronological list by year,1988,No. 12 of 1988,Petty Civil Courts (Amendments),amendment,24246,https://laws.gov.tt/ttdll-web/revision/download/24246?type=amendment
Chronological list by year,1988,No. 11 of 1988,Finance,amendment,12102,https://laws.gov.tt/ttdll-web/revision/download/12102?type=amendment
Chronological list by year,1988,No. 10 of 1988,Travelling Allowances (Amendment),amendment,31556,https://laws.gov.tt/ttdll-web/revision/download/31556?type=amendment
Chronological list by year,1988,No. 9 of 1988,Licensing of Pool-Rooms (Amendment),amendment,73431,https://laws.gov.tt/ttdll-web/revision/download/73431?type=amendment
Chronological list by year,1988,No. 8 of 1988,Constitution (Amendment),amendment,47760,https://laws.gov.tt/ttdll-web/revision/download/47760?type=amendment
Chronological list by year,1988,No. 7 of 1988,Tobago House of Assembly (Amendment),amendment,34432,https://laws.gov.tt/ttdll-web/revision/download/34432?type=amendment
Chronological list by year,1988,No. 6 of 1988,Finance (Variation of Appropriation),amendment,33043,https://laws.gov.tt/ttdll-web/revision/download/33043?type=amendment
Chronological list by year,1988,No. 5 of 1988,Cocoa and Coffee Industry (Amendment),amendment,3185,https://laws.gov.tt/ttdll-web/revision/download/3185?type=amendment
Chronological list by year,1988,No. 4 of 1988,Antibiotics (Amendment),amendment,15605,https://laws.gov.tt/ttdll-web/revision/download/15605?type=amendment
Chronological list by year,1988,No. 3 of 1988,Corporation Tax (Amendment),amendment,5396,https://laws.gov.tt/ttdll-web/revision/download/5396?type=amendment
Chronological list by year,1988,No. 2 of 1988,Constitution (Amendment),amendment,47756,https://laws.gov.tt/ttdll-web/revision/download/47756?type=amendment
Chronological list by year,1988,No. 1 of 1988,Appropriation Act,amendment,62907,https://laws.gov.tt/ttdll-web/revision/download/62907?type=amendment
Chronological list by year,1987,No. 27 of 1987,Opticians (Registration) (Amendment),amendment,27503,https://laws.gov.tt/ttdll-web/revision/download/27503?type=amendment
Chronological list by year,1987,No. 26 of 1987,Airports Authority (Amendment and Validation),amendment,15456,https://laws.gov.tt/ttdll-web/revision/download/15456?type=amendment
Chronological list by year,1987,No. 25 of 1987,Representation of the People (Amendment),amendment,29716,https://laws.gov.tt/ttdll-web/revision/download/29716?type=amendment
Chronological list by year,1987,No. 24 of 1987,Shipping,amendment,31396,https://laws.gov.tt/ttdll-web/revision/download/31396?type=amendment
Chronological list by year,1987,No. 23 of 1987,Electoral Candidates (Municipal) Qualifications,amendment,62905,https://laws.gov.tt/ttdll-web/revision/download/62905?type=amendment
Chronological list by year,1987,No. 22 of 1987,Central Tenders Board (Amendment),amendment,55788,https://laws.gov.tt/ttdll-web/revision/download/55788?type=amendment
Chronological list by year,1987,No. 21 of 1987,Constitution (Amendment),amendment,47752,https://laws.gov.tt/ttdll-web/revision/download/47752?type=amendment
Chronological list by year,1987,No. 20 of 1987,Guarantee of Loans (Statutory) (Amendment),amendment,11060,https://laws.gov.tt/ttdll-web/revision/download/11060?type=amendment
Chronological list by year,1987,No. 19 of 1987,Statutory Authorities (Amendment),amendment,33901,https://laws.gov.tt/ttdll-web/revision/download/33901?type=amendment
Chronological list by year,1987,No. 18 of 1987,Industrial Relations (Amendment),amendment,13257,https://laws.gov.tt/ttdll-web/revision/download/13257?type=amendment
Chronological list by year,1987,No. 17 of 1987,Trinidad and Tobago Export Development (Amendment),amendment,62903,https://laws.gov.tt/ttdll-web/revision/download/62903?type=amendment
Chronological list by year,1987,No. 16 of 1987,Agricultural Small Holdings Tenure (Amendment),amendment,6591,https://laws.gov.tt/ttdll-web/revision/download/6591?type=amendment
Chronological list by year,1987,No. 15 of 1987,Emmanuel Community of Trinidad and Tobago (Incorporation),amendment,73429,https://laws.gov.tt/ttdll-web/revision/download/73429?type=amendment
Chronological list by year,1987,No. 14 of 1987,Finance,amendment,5394,https://laws.gov.tt/ttdll-web/revision/download/5394?type=amendment
Chronological list by year,1987,No. 13 of 1987,Caribbean Examinations Council,amendment,2885,https://laws.gov.tt/ttdll-web/revision/download/2885?type=amendment
Chronological list by year,1987,No. 12 of 1987,Food and Drugs (Amendment),amendment,21872,https://laws.gov.tt/ttdll-web/revision/download/21872?type=amendment
Chronological list by year,1987,No. 11 of 1987,Prevention of Corruption,amendment,35731,https://laws.gov.tt/ttdll-web/revision/download/35731?type=amendment
Chronological list by year,1987,No. 10 of 1987,Cocoa (Rehabilitation) Board (Former Employees),amendment,73427,https://laws.gov.tt/ttdll-web/revision/download/73427?type=amendment
Chronological list by year,1987,No. 9 of 1987,Public Service Employees (Pensions and Gratuities),amendment,22983,https://laws.gov.tt/ttdll-web/revision/download/22983?type=amendment
Chronological list by year,1987,No. 8 of 1987,Integrity in Public Life,amendment,62885,https://laws.gov.tt/ttdll-web/revision/download/62885?type=amendment
Chronological list by year,1987,No. 7 of 1987,Finance (Variation of Appropriation),amendment,62883,https://laws.gov.tt/ttdll-web/revision/download/62883?type=amendment
Chronological list by year,1987,No. 6 of 1987,Trinidad and Tobago Dollar Par Value (Validation),amendment,62881,https://laws.gov.tt/ttdll-web/revision/download/62881?type=amendment
Chronological list by year,1987,No. 5 of 1987,Customs (Amendment),amendment,9391,https://laws.gov.tt/ttdll-web/revision/download/9391?type=amendment
Chronological list by year,1987,No. 4 of 1987,Agricultural Development Bank (Amendment),amendment,7760,https://laws.gov.tt/ttdll-web/revision/download/7760?type=amendment
Chronological list by year,1987,No. 3 of 1987,Industrial Relations (Amendment),amendment,13251,https://laws.gov.tt/ttdll-web/revision/download/13251?type=amendment
Chronological list by year,1987,No. 2 of 1987,Appropriation,amendment,62879,https://laws.gov.tt/ttdll-web/revision/download/62879?type=amendment
Chronological list by year,1987,No. 1 of 1987,Constitution (Election of President),amendment,62893,https://laws.gov.tt/ttdll-web/revision/download/62893?type=amendment
Chronological list by year,1986,No. 27 of 1986,Sexual Offences,amendment,44370,https://laws.gov.tt/ttdll-web/revision/download/44370?type=amendment
Chronological list by year,1986,No. 26 of 1986,Representation of the People (Amendment),amendment,29714,https://laws.gov.tt/ttdll-web/revision/download/29714?type=amendment
Chronological list by year,1986,No. 25 of 1986,Customs A.T.A. (Admission) Carnet Systems,amendment,9389,https://laws.gov.tt/ttdll-web/revision/download/9389?type=amendment
Chronological list by year,1986,No. 24 of 1986,Archipelagic Waters and Exclusive Economic Zone,amendment,62891,https://laws.gov.tt/ttdll-web/revision/download/62891?type=amendment
Chronological list by year,1986,No. 23 of 1986,Continental Shelf (Amendment),amendment,7321,https://laws.gov.tt/ttdll-web/revision/download/7321?type=amendment
Chronological list by year,1986,No. 22 of 1986,Territorial Sea (Amendment),amendment,33410,https://laws.gov.tt/ttdll-web/revision/download/33410?type=amendment
Chronological list by year,1986,No. 21 of 1986,Legal Profession,amendment,36048,https://laws.gov.tt/ttdll-web/revision/download/36048?type=amendment
Chronological list by year,1986,No. 20 of 1986,Regularisation of Tenure (State Lands),amendment,35376,https://laws.gov.tt/ttdll-web/revision/download/35376?type=amendment
Chronological list by year,1986,No. 19 of 1986,Kiwanis Club of Chaguanas (Incorporation),amendment,62889,https://laws.gov.tt/ttdll-web/revision/download/62889?type=amendment
Chronological list by year,1986,No. 18 of 1986,Workmen’s Compensation (Amendment),amendment,30111,https://laws.gov.tt/ttdll-web/revision/download/30111?type=amendment
Chronological list by year,1986,No. 17 of 1986,Motor Vehicles and Road Traffic (Amendment),amendment,21663,https://laws.gov.tt/ttdll-web/revision/download/21663?type=amendment
Chronological list by year,1986,No. 16 of 1986,Food and Drugs (Amendment),amendment,21870,https://laws.gov.tt/ttdll-web/revision/download/21870?type=amendment
Chronological list by year,1986,No. 15 of 1986,Local Authorities (Extension of Term of Office),amendment,62887,https://laws.gov.tt/ttdll-web/revision/download/62887?type=amendment
Chronological list by year,1986,No. 14 of 1986,Paramin Development Committee of Trinidad and Tobago (Incorporation),amendment,62445,https://laws.gov.tt/ttdll-web/revision/download/62445?type=amendment
Chronological list by year,1986,No. 13 of 1986,Summary Courts (Amendment),amendment,35723,https://laws.gov.tt/ttdll-web/revision/download/35723?type=amendment
Chronological list by year,1986,No. 12 of 1986,Queen's Hall (Amendment),amendment,62443,https://laws.gov.tt/ttdll-web/revision/download/62443?type=amendment
Chronological list by year,1986,No. 11 of 1986,Pesticides and Toxic Chemicals (Amendment),amendment,23173,https://laws.gov.tt/ttdll-web/revision/download/23173?type=amendment
Chronological list by year,1986,No. 10 of 1986,Law Reform (Property),amendment,29416,https://laws.gov.tt/ttdll-web/revision/download/29416?type=amendment
Chronological list by year,1986,No. 9 of 1986,Trustees of the New Apostolic Church (Incorporation),amendment,62441,https://laws.gov.tt/ttdll-web/revision/download/62441?type=amendment
Chronological list by year,1986,No. 8 of 1986,International Financial Organisations (Inter-American Investment Corporation),amendment,62439,https://laws.gov.tt/ttdll-web/revision/download/62439?type=amendment
Chronological list by year,1986,No. 7 of 1986,Land Surveyors (Amendment),amendment,18062,https://laws.gov.tt/ttdll-web/revision/download/18062?type=amendment
Chronological list by year,1986,No. 6 of 1986,Finance (Variation of Appropriation),amendment,62437,https://laws.gov.tt/ttdll-web/revision/download/62437?type=amendment
Chronological list by year,1986,No. 5 of 1986,Pan Trinbago (Incorporation),amendment,62435,https://laws.gov.tt/ttdll-web/revision/download/62435?type=amendment
Chronological list by year,1986,No. 4 of 1986,Cremation (Amendment),amendment,6410,https://laws.gov.tt/ttdll-web/revision/download/6410?type=amendment
Chronological list by year,1986,No. 3 of 1986,Constitution (Prescribed Matters) (Amendment),amendment,6878,https://laws.gov.tt/ttdll-web/revision/download/6878?type=amendment
Chronological list by year,1986,No. 2 of 1986,Central Bank (Non-Banking) (Amendment),amendment,3307,https://laws.gov.tt/ttdll-web/revision/download/3307?type=amendment
Chronological list by year,1986,No. 1 of 1986,Finance Act,amendment,9385,https://laws.gov.tt/ttdll-web/revision/download/9385?type=amendment
Chronological list by year,1985,No. 40 of 1985,Appropriation,amendment,73441,https://laws.gov.tt/ttdll-web/revision/download/73441?type=amendment
Chronological list by year,1985,No. 39 of 1985,Jury (Amendment),amendment,14920,https://laws.gov.tt/ttdll-web/revision/download/14920?type=amendment
Chronological list by year,1985,No. 38 of 1985,Textrin Vesting,amendment,62433,https://laws.gov.tt/ttdll-web/revision/download/62433?type=amendment
Chronological list by year,1985,No. 37 of 1985,Interpretation,amendment,14128,https://laws.gov.tt/ttdll-web/revision/download/14128?type=amendment
Chronological list by year,1985,No. 36 of 1985,Extradition (Commonwealth and Foreign Territories),amendment,2761,https://laws.gov.tt/ttdll-web/revision/download/2761?type=amendment
Chronological list by year,1985,No. 35 of 1985,Professions Related to Medicine,amendment,62431,https://laws.gov.tt/ttdll-web/revision/download/62431?type=amendment
Chronological list by year,1985,No. 34 of 1985,Engineering Profession,amendment,73439,https://laws.gov.tt/ttdll-web/revision/download/73439?type=amendment
Chronological list by year,1985,No. 33 of 1985,Amar Foundation (Incorporation),amendment,62461,https://laws.gov.tt/ttdll-web/revision/download/62461?type=amendment
Chronological list by year,1985,No. 32 of 1985,Retrenchment and Severance Benefits,amendment,62459,https://laws.gov.tt/ttdll-web/revision/download/62459?type=amendment
Chronological list by year,1985,No. 31 of 1985,Early Church Movement,amendment,73437,https://laws.gov.tt/ttdll-web/revision/download/73437?type=amendment
Chronological list by year,1985,No. 30 of 1985,Consumer Protection and Safety,amendment,62457,https://laws.gov.tt/ttdll-web/revision/download/62457?type=amendment
Chronological list by year,1985,No. 29 of 1985,Standards (Amendment),amendment,62455,https://laws.gov.tt/ttdll-web/revision/download/62455?type=amendment
Chronological list by year,1985,No. 28 of 1985,Unfair Contract Terms,amendment,12013,https://laws.gov.tt/ttdll-web/revision/download/12013?type=amendment
Chronological list by year,1985,No. 27 of 1985,National Congress of Baptist Organisations (Incorporation),amendment,73435,https://laws.gov.tt/ttdll-web/revision/download/73435?type=amendment
Chronological list by year,1985,No. 26 of 1985,Petroleum Taxes (Amendment),amendment,24068,https://laws.gov.tt/ttdll-web/revision/download/24068?type=amendment
Chronological list by year,1985,No. 25 of 1985,Tax Appeal Board (Amendment),amendment,34560,https://laws.gov.tt/ttdll-web/revision/download/34560?type=amendment
Chronological list by year,1985,No. 24 of 1985,Hubert Brown (Confirmation of Appointment),amendment,62453,https://laws.gov.tt/ttdll-web/revision/download/62453?type=amendment
Chronological list by year,1985,No. 23 of 1985,Bernard and Herrera (Trained Teacher Status),amendment,73643,https://laws.gov.tt/ttdll-web/revision/download/73643?type=amendment
Chronological list by year,1985,No. 22 of 1985,Exchange Control (Amendment),amendment,5754,https://laws.gov.tt/ttdll-web/revision/download/5754?type=amendment
Chronological list by year,1985,No. 21 of 1985,Town and Country Planning (Amendment),amendment,34131,https://laws.gov.tt/ttdll-web/revision/download/34131?type=amendment
Chronological list by year,1985,No. 20 of 1985,"Family Law (Guardianship of Minors, Domicile and Maintenance)",amendment,10959,https://laws.gov.tt/ttdll-web/revision/download/10959?type=amendment
Chronological list by year,1985,No. 19 of 1985,Offences Against the Person (Amendment),amendment,44366,https://laws.gov.tt/ttdll-web/revision/download/44366?type=amendment
Chronological list by year,1985,No. 18 of 1985,Rent Restriction (Re-enactment and Validation),amendment,62451,https://laws.gov.tt/ttdll-web/revision/download/62451?type=amendment
Chronological list by year,1985,No. 17 of 1985,Finance,amendment,35110,https://laws.gov.tt/ttdll-web/revision/download/35110?type=amendment
Chronological list by year,1985,No. 16 of 1985,St. Hilary's Foundation (Incorporated),amendment,62449,https://laws.gov.tt/ttdll-web/revision/download/62449?type=amendment
Chronological list by year,1985,No. 15 of 1985,Cyrenius James (Promotion),amendment,62447,https://laws.gov.tt/ttdll-web/revision/download/62447?type=amendment
Chronological list by year,1985,No. 14 of 1985,Marie Gill (Promotion),amendment,73645,https://laws.gov.tt/ttdll-web/revision/download/73645?type=amendment
Chronological list by year,1985,No. 13 of 1985,Copyright,amendment,41841,https://laws.gov.tt/ttdll-web/revision/download/41841?type=amendment
Chronological list by year,1985,No. 12 of 1985,Home Mortgage Bank,amendment,22661,https://laws.gov.tt/ttdll-web/revision/download/22661?type=amendment
Chronological list by year,1985,No. 11 of 1985,Library Association of Trinidad and Tobago (Incorporation),amendment,62411,https://laws.gov.tt/ttdll-web/revision/download/62411?type=amendment
Chronological list by year,1985,No. 10 of 1985,Auxiliary Child-Care Trinidad and Tobago Association (Incorporation),amendment,62413,https://laws.gov.tt/ttdll-web/revision/download/62413?type=amendment
Chronological list by year,1985,No. 9 of 1985,Sea Front Lions Club of Trinidad (Incorporation),amendment,73647,https://laws.gov.tt/ttdll-web/revision/download/73647?type=amendment
Chronological list by year,1985,No. 8 of 1985,Publications (Legal Deposit),amendment,41837,https://laws.gov.tt/ttdll-web/revision/download/41837?type=amendment
Chronological list by year,1985,No. 7 of 1985,Finance (No. 2),amendment,9383,https://laws.gov.tt/ttdll-web/revision/download/9383?type=amendment
Chronological list by year,1985,No. 6 of 1985,Pilotage (Amendment),amendment,26315,https://laws.gov.tt/ttdll-web/revision/download/26315?type=amendment
Chronological list by year,1985,No. 5 of 1985,Scheduled Laws (Pensions Provisions),amendment,22981,https://laws.gov.tt/ttdll-web/revision/download/22981?type=amendment
Chronological list by year,1985,No. 4 of 1985,Registration of Deeds (Amendment),amendment,28923,https://laws.gov.tt/ttdll-web/revision/download/28923?type=amendment
Chronological list by year,1985,No. 3 of 1985,Judges Salaries and Pensions (Amendment),amendment,15498,https://laws.gov.tt/ttdll-web/revision/download/15498?type=amendment
Chronological list by year,1985,No. 2 of 1985,Births and Deaths Registration (Amendment),amendment,3795,https://laws.gov.tt/ttdll-web/revision/download/3795?type=amendment
Chronological list by year,1985,No. 1 of 1985,Appropriation,amendment,62407,https://laws.gov.tt/ttdll-web/revision/download/62407?type=amendment
Chronological list by year,1984,No. 29 of 1984,Finance (Variation of Appropriation),amendment,62409,https://laws.gov.tt/ttdll-web/revision/download/62409?type=amendment
Chronological list by year,1984,No. 28 of 1984,Petroleum Taxes (Amendment),amendment,29637,https://laws.gov.tt/ttdll-web/revision/download/29637?type=amendment
Chronological list by year,1984,No. 27 of 1984,Education (Amendment),amendment,8698,https://laws.gov.tt/ttdll-web/revision/download/8698?type=amendment
Chronological list by year,1984,No. 26 of 1984,West Indies Theological College,amendment,62403,https://laws.gov.tt/ttdll-web/revision/download/62403?type=amendment
Chronological list by year,1984,No. 25 of 1984,Christian Union Church of the West Indies in Trinidad and Tobago,amendment,62405,https://laws.gov.tt/ttdll-web/revision/download/62405?type=amendment
Chronological list by year,1984,No. 24 of 1984,Trinidad Christian Centre (Incorporation),amendment,62399,https://laws.gov.tt/ttdll-web/revision/download/62399?type=amendment
Chronological list by year,1984,No. 23 of 1984,Barrackpore Children's Lunch Association (Incorporation),amendment,62401,https://laws.gov.tt/ttdll-web/revision/download/62401?type=amendment
Chronological list by year,1984,No. 22 of 1984,Kiwanis Club of Port-of-Spain West (Incorporation),amendment,62427,https://laws.gov.tt/ttdll-web/revision/download/62427?type=amendment
Chronological list by year,1984,No. 21 of 1984,Lester Jemmott (Superannuation Benefits),amendment,2785,https://laws.gov.tt/ttdll-web/revision/download/2785?type=amendment
Chronological list by year,1984,No. 20 of 1984,"National Institute of Higher Education (Research, Science and Technology)",amendment,62429,https://laws.gov.tt/ttdll-web/revision/download/62429?type=amendment
Chronological list by year,1984,No. 19 of 1984,Calvary Sovereign Grace Baptist Church (Incorporation),amendment,73649,https://laws.gov.tt/ttdll-web/revision/download/73649?type=amendment
Chronological list by year,1984,No. 18 of 1984,Liquor Licences (Amendment),amendment,19629,https://laws.gov.tt/ttdll-web/revision/download/19629?type=amendment
Chronological list by year,1984,No. 17 of 1984,Shop (Hours of Opening and Employment),amendment,31229,https://laws.gov.tt/ttdll-web/revision/download/31229?type=amendment
Chronological list by year,1984,No. 16 of 1984,Finance,amendment,20891,https://laws.gov.tt/ttdll-web/revision/download/20891?type=amendment
Chronological list by year,1984,No. 15 of 1984,Municipal Corporations (Pensions) (Amendment),amendment,22967,https://laws.gov.tt/ttdll-web/revision/download/22967?type=amendment
Chronological list by year,1984,No. 14 of 1984,Point Fortin Corporation (Amendment),amendment,62423,https://laws.gov.tt/ttdll-web/revision/download/62423?type=amendment
Chronological list by year,1984,No. 13 of 1984,National Insurance (Amendment),amendment,12082,https://laws.gov.tt/ttdll-web/revision/download/12082?type=amendment
Chronological list by year,1984,No. 12 of 1984,Finance (Variation of Appropriation) (1983),amendment,62425,https://laws.gov.tt/ttdll-web/revision/download/62425?type=amendment
Chronological list by year,1984,No. 11 of 1984,Finance Act 1983 (Amendment),amendment,5382,https://laws.gov.tt/ttdll-web/revision/download/5382?type=amendment
Chronological list by year,1984,No. 10 of 1984,Claude Boyce (Pension and Gratuity),amendment,73637,https://laws.gov.tt/ttdll-web/revision/download/73637?type=amendment
Chronological list by year,1984,No. 9 of 1984,Federal Officers (Prescription of Superannuation Benefits),amendment,62419,https://laws.gov.tt/ttdll-web/revision/download/62419?type=amendment
Chronological list by year,1984,No. 8 of 1984,Import and Excise Duties (Validation),amendment,62421,https://laws.gov.tt/ttdll-web/revision/download/62421?type=amendment
Chronological list by year,1984,No. 7 of 1984,Trade Descriptions,amendment,9381,https://laws.gov.tt/ttdll-web/revision/download/9381?type=amendment
Chronological list by year,1984,No. 6 of 1984,Income Tax (Amendment),amendment,12052,https://laws.gov.tt/ttdll-web/revision/download/12052?type=amendment
Chronological list by year,1984,No. 5 of 1984,Joseph Balfour (Superannuation Benefits),amendment,62415,https://laws.gov.tt/ttdll-web/revision/download/62415?type=amendment
Chronological list by year,1984,No. 4 of 1984,Unit Trust Corporation of Trinidad and Tobago (Amendment),amendment,33718,https://laws.gov.tt/ttdll-web/revision/download/33718?type=amendment
Chronological list by year,1984,No. 3 of 1984,Motor Vehicles and Road Traffic (Enforcement and Administration),amendment,22795,https://laws.gov.tt/ttdll-web/revision/download/22795?type=amendment
Chronological list by year,1984,No. 2 of 1984,Trinidad and Tobago Export Development Corporation,amendment,55786,https://laws.gov.tt/ttdll-web/revision/download/55786?type=amendment
Chronological list by year,1984,No. 1 of 1984,Appropriation,amendment,62417,https://laws.gov.tt/ttdll-web/revision/download/62417?type=amendment
Chronological list by year,1983,No. 23 of 1983,Customs (Amendment),amendment,62505,https://laws.gov.tt/ttdll-web/revision/download/62505?type=amendment
Chronological list by year,1983,No. 22 of 1983,Central Tenders Board (Amendment),amendment,3565,https://laws.gov.tt/ttdll-web/revision/download/3565?type=amendment
Chronological list by year,1983,No. 21 of 1983,Income Tax (Amendment) (No. 2),amendment,12050,https://laws.gov.tt/ttdll-web/revision/download/12050?type=amendment
Chronological list by year,1983,No. 20 of 1983,Motor Vehicles and Road Traffic (Amendment),amendment,21659,https://laws.gov.tt/ttdll-web/revision/download/21659?type=amendment
Chronological list by year,1983,No. 19 of 1983,Basil Douglas (Service on the Court),amendment,13301,https://laws.gov.tt/ttdll-web/revision/download/13301?type=amendment
Chronological list by year,1983,No. 18 of 1983,James O’Neil Lewis (Service on the Court),amendment,13273,https://laws.gov.tt/ttdll-web/revision/download/13273?type=amendment
Chronological list by year,1983,No. 17 of 1983,Constitution of the Republic of Trinidad and Tobago (Amendment),amendment,47748,https://laws.gov.tt/ttdll-web/revision/download/47748?type=amendment
Chronological list by year,1983,No. 16 of 1983,Finance (Variation of Appropriation) (1983),amendment,62503,https://laws.gov.tt/ttdll-web/revision/download/62503?type=amendment
Chronological list by year,1983,No. 15 of 1983,Land Tenants (Security of Tenure) (Amendment),amendment,18168,https://laws.gov.tt/ttdll-web/revision/download/18168?type=amendment
Chronological list by year,1983,No. 14 of 1983,Lionel Bridgernan (Retirement Benefits),amendment,62509,https://laws.gov.tt/ttdll-web/revision/download/62509?type=amendment
Chronological list by year,1983,No. 13 of 1983,Finance 1983,amendment,20875,https://laws.gov.tt/ttdll-web/revision/download/20875?type=amendment
Chronological list by year,1983,No. 12 of 1983,Misrepresentation,amendment,73639,https://laws.gov.tt/ttdll-web/revision/download/73639?type=amendment
Chronological list by year,1983,No. 11 of 1983,Sale of Goods (Amendment),amendment,30194,https://laws.gov.tt/ttdll-web/revision/download/30194?type=amendment
Chronological list by year,1983,No. 10 of 1983,Texaco Trinidad Incorporation (Tax Relief on Special Payments),amendment,73641,https://laws.gov.tt/ttdll-web/revision/download/73641?type=amendment
Chronological list by year,1983,No. 9 of 1983,Income Tax (Amendment),amendment,12048,https://laws.gov.tt/ttdll-web/revision/download/12048?type=amendment
Chronological list by year,1983,No. 8 of 1983,Statutory Authorities (Amendment),amendment,33899,https://laws.gov.tt/ttdll-web/revision/download/33899?type=amendment
Chronological list by year,1983,No. 7 of 1983,Purchase Sweepstake and Departure Taxes (Amendment),amendment,20871,https://laws.gov.tt/ttdll-web/revision/download/20871?type=amendment
Chronological list by year,1983,No. 6 of 1983,Municipal Corporations (Special Gratuities),amendment,22663,https://laws.gov.tt/ttdll-web/revision/download/22663?type=amendment
Chronological list by year,1983,No. 5 of 1983,George Thedore Daniel (Retiring Allowance and Gratuity),amendment,62507,https://laws.gov.tt/ttdll-web/revision/download/62507?type=amendment
Chronological list by year,1983,No. 4 of 1983,Friendly Societies (Amendment),amendment,13265,https://laws.gov.tt/ttdll-web/revision/download/13265?type=amendment
Chronological list by year,1983,No. 3 of 1983,Finance (Variation of Appropriation) 1982,amendment,73659,https://laws.gov.tt/ttdll-web/revision/download/73659?type=amendment
Chronological list by year,1983,No. 2 of 1983,Evidence (Amendment),amendment,5655,https://laws.gov.tt/ttdll-web/revision/download/5655?type=amendment
Chronological list by year,1983,No. 1 of 1983,Constitution of the Republic of Trinidad and Tobago (Prescribed Offices) (Amendment),amendment,6860,https://laws.gov.tt/ttdll-web/revision/download/6860?type=amendment
Chronological list by year,1982,No. 30 of 1982,Appropriation 1983,amendment,73661,https://laws.gov.tt/ttdll-web/revision/download/73661?type=amendment
Chronological list by year,1982,No. 29 of 1982,Summary Courts (Amendment),amendment,73663,https://laws.gov.tt/ttdll-web/revision/download/73663?type=amendment
Chronological list by year,1982,No. 28 of 1982,Rich Plain Baptist Church (Incorporation),amendment,62497,https://laws.gov.tt/ttdll-web/revision/download/62497?type=amendment
Chronological list by year,1982,No. 27 of 1982,Finance (Variation of Appropriation) (1982),amendment,62495,https://laws.gov.tt/ttdll-web/revision/download/62495?type=amendment
Chronological list by year,1982,No. 26 of 1982,Supplementary Appropriation (1982),amendment,62501,https://laws.gov.tt/ttdll-web/revision/download/62501?type=amendment
Chronological list by year,1982,No. 25 of 1982,Tobago House of Assembly (Amendment),amendment,34430,https://laws.gov.tt/ttdll-web/revision/download/34430?type=amendment
Chronological list by year,1982,No. 24 of 1982,Town and Country Planning (Miscellaneous Licences),amendment,62499,https://laws.gov.tt/ttdll-web/revision/download/62499?type=amendment
Chronological list by year,1982,No. 23 of 1982,Truck (Amendment),amendment,32764,https://laws.gov.tt/ttdll-web/revision/download/32764?type=amendment
Chronological list by year,1982,No. 22 of 1982,Vishwa Jyothi Organisation of Trinidad and Tobago (Incorporation),amendment,62521,https://laws.gov.tt/ttdll-web/revision/download/62521?type=amendment
Chronological list by year,1982,No. 21 of 1982,International Spiritual Baptist Ministerial Council of Trinidad and Tobago (Trustee Incorporation),amendment,62519,https://laws.gov.tt/ttdll-web/revision/download/62519?type=amendment
Chronological list by year,1982,No. 20 of 1982,Matrimonial Proceedings and Property (Amendment),amendment,26417,https://laws.gov.tt/ttdll-web/revision/download/26417?type=amendment
Chronological list by year,1982,No. 19 of 1982,Trinidad and Tobago Pentecostal Assembly (Incorporation),amendment,62525,https://laws.gov.tt/ttdll-web/revision/download/62525?type=amendment
Chronological list by year,1982,No. 18 of 1982,Tabernacle of Prayer (Trustee Incorporation),amendment,73665,https://laws.gov.tt/ttdll-web/revision/download/73665?type=amendment
Chronological list by year,1982,No. 17 of 1982,Trinidad and Tobago Football Association (Incorporation),amendment,73651,https://laws.gov.tt/ttdll-web/revision/download/73651?type=amendment
Chronological list by year,1982,No. 16 of 1982,"Trinidad East Lions Club of St. George, Trinidad West Indies (Incorporation)",amendment,62523,https://laws.gov.tt/ttdll-web/revision/download/62523?type=amendment
Chronological list by year,1982,No. 15 of 1982,Workers' Bank (Amendment),amendment,30149,https://laws.gov.tt/ttdll-web/revision/download/30149?type=amendment
Chronological list by year,1982,No. 14 of 1982,Aaron Williams (Confirmation of Appointment),amendment,62513,https://laws.gov.tt/ttdll-web/revision/download/62513?type=amendment
Chronological list by year,1982,No. 13 of 1982,Constitution (Amendment),amendment,47744,https://laws.gov.tt/ttdll-web/revision/download/47744?type=amendment
Chronological list by year,1982,No. 12 of 1982,Monica Cromwell (Promotion),amendment,62511,https://laws.gov.tt/ttdll-web/revision/download/62511?type=amendment
Chronological list by year,1982,No. 11 of 1982,Rita Attong (Retroactive Promotion),amendment,73653,https://laws.gov.tt/ttdll-web/revision/download/73653?type=amendment
Chronological list by year,1982,No. 10 of 1982,Lynette Ramkerrysingh (Appointment and Promotion),amendment,62517,https://laws.gov.tt/ttdll-web/revision/download/62517?type=amendment
Chronological list by year,1982,No. 9 of 1982,Finance (Variation of Appropriation) (1981),amendment,62515,https://laws.gov.tt/ttdll-web/revision/download/62515?type=amendment
Chronological list by year,1982,No. 8 of 1982,Motor Vehicles and Road Traffic (Amendment),amendment,21657,https://laws.gov.tt/ttdll-web/revision/download/21657?type=amendment
Chronological list by year,1982,No. 7 of 1982,Maxi-Taxi (Amendment),amendment,62471,https://laws.gov.tt/ttdll-web/revision/download/62471?type=amendment
Chronological list by year,1982,No. 6 of 1982,Hire Purchase (Amendment),amendment,12011,https://laws.gov.tt/ttdll-web/revision/download/12011?type=amendment
Chronological list by year,1982,No. 5 of 1982,Marriage (Amendment),amendment,26608,https://laws.gov.tt/ttdll-web/revision/download/26608?type=amendment
Chronological list by year,1982,No. 4 of 1982,Criminal Procedure (Amendment),amendment,4839,https://laws.gov.tt/ttdll-web/revision/download/4839?type=amendment
Chronological list by year,1982,No. 3 of 1982,Boxing Control (Amendment),amendment,4082,https://laws.gov.tt/ttdll-web/revision/download/4082?type=amendment
Chronological list by year,1982,No. 2 of 1982,Finance (1982),amendment,12046,https://laws.gov.tt/ttdll-web/revision/download/12046?type=amendment
Chronological list by year,1982,No. 1 of 1982,Appropriation (1982),amendment,62473,https://laws.gov.tt/ttdll-web/revision/download/62473?type=amendment
Chronological list by year,1981,No. 45 of 1981,Rent Restriction (Dwelling Houses),amendment,59059,https://laws.gov.tt/ttdll-web/revision/download/59059?type=amendment
Chronological list by year,1981,No. 44 of 1981,Motor Vehicles Insurance (Third-Party Risks),amendment,22910,https://laws.gov.tt/ttdll-web/revision/download/22910?type=amendment
Chronological list by year,1981,No. 43 of 1981,Housing (Amendment),amendment,14671,https://laws.gov.tt/ttdll-web/revision/download/14671?type=amendment
Chronological list by year,1981,No. 42 of 1981,Pharmacy Board (Amendment),amendment,24373,https://laws.gov.tt/ttdll-web/revision/download/24373?type=amendment
Chronological list by year,1981,No. 41 of 1981,Finance (1981) (Amendment),amendment,12044,https://laws.gov.tt/ttdll-web/revision/download/12044?type=amendment
Chronological list by year,1981,No. 40 of 1981,Supplementary Appropriation (No. 3),amendment,62475,https://laws.gov.tt/ttdll-web/revision/download/62475?type=amendment
Chronological list by year,1981,No. 39 of 1981,Judges and Salaries and Pensions (Amendment),amendment,15490,https://laws.gov.tt/ttdll-web/revision/download/15490?type=amendment
Chronological list by year,1981,No. 38 of 1981,Tourist Board (Amendment),amendment,62477,https://laws.gov.tt/ttdll-web/revision/download/62477?type=amendment
Chronological list by year,1981,No. 37 of 1981,Securities Industry,amendment,62463,https://laws.gov.tt/ttdll-web/revision/download/62463?type=amendment
Chronological list by year,1981,No. 36 of 1981,Caribbean Agricultural Research and Development Institute,amendment,62465,https://laws.gov.tt/ttdll-web/revision/download/62465?type=amendment
Chronological list by year,1981,No. 35 of 1981,Orisa Movement of Trinidad and Tobago Egbe Orise lie Wa (Incorporation),amendment,73655,https://laws.gov.tt/ttdll-web/revision/download/73655?type=amendment
Chronological list by year,1981,No. 34 of 1981,Kiwanis Club of St. Augustine Trinidad West Indies (Incorporation),amendment,62467,https://laws.gov.tt/ttdll-web/revision/download/62467?type=amendment
Chronological list by year,1981,No. 33 of 1981,Caribbean Industrial Research Institute (Amendment and Validation),amendment,2930,https://laws.gov.tt/ttdll-web/revision/download/2930?type=amendment
Chronological list by year,1981,No. 32 of 1981,Supplementary Appropriation (No. 2),amendment,62487,https://laws.gov.tt/ttdll-web/revision/download/62487?type=amendment
Chronological list by year,1981,No. 31 of 1981,Finance (Variation of Appropriation),amendment,62489,https://laws.gov.tt/ttdll-web/revision/download/62489?type=amendment
Chronological list by year,1981,No. 30 of 1981,Caribbean Food Corporation,amendment,2920,https://laws.gov.tt/ttdll-web/revision/download/2920?type=amendment
Chronological list by year,1981,No. 29 of 1981,Public Utilities Commission (Amendment and Validation),amendment,62491,https://laws.gov.tt/ttdll-web/revision/download/62491?type=amendment
Chronological list by year,1981,No. 28 of 1981,Citizenship of The Republic of Trinidad and Tobago,amendment,4502,https://laws.gov.tt/ttdll-web/revision/download/4502?type=amendment
Chronological list by year,1981,No. 27 of 1981,Succession (Partial Proclamation),amendment,26415,https://laws.gov.tt/ttdll-web/revision/download/26415?type=amendment
Chronological list by year,1981,No. 26 of 1981,Unit Trust Corporation of Trinidad and Tobago,amendment,62493,https://laws.gov.tt/ttdll-web/revision/download/62493?type=amendment
Chronological list by year,1981,No. 25 of 1981,Finance,amendment,12042,https://laws.gov.tt/ttdll-web/revision/download/12042?type=amendment
Chronological list by year,1981,No. 24 of 1981,Land Registration,amendment,31357,https://laws.gov.tt/ttdll-web/revision/download/31357?type=amendment
Chronological list by year,1981,No. 23 of 1981,Condominiums,amendment,62479,https://laws.gov.tt/ttdll-web/revision/download/62479?type=amendment
Chronological list by year,1981,No. 22 of 1981,Limitation,amendment,3437,https://laws.gov.tt/ttdll-web/revision/download/3437?type=amendment
Chronological list by year,1981,No. 21 of 1981,Trustee,amendment,33033,https://laws.gov.tt/ttdll-web/revision/download/33033?type=amendment
Chronological list by year,1981,No. 20 of 1981,Conveyancing and Law of Property,amendment,8199,https://laws.gov.tt/ttdll-web/revision/download/8199?type=amendment
Chronological list by year,1981,No. 19 of 1981,Landlord and Tenant,amendment,31353,https://laws.gov.tt/ttdll-web/revision/download/31353?type=amendment
Chronological list by year,1981,No. 18 of 1981,Old Age Pensions (Amendment),amendment,31713,https://laws.gov.tt/ttdll-web/revision/download/31713?type=amendment
Chronological list by year,1981,No. 17 of 1981,Status of Children,amendment,4500,https://laws.gov.tt/ttdll-web/revision/download/4500?type=amendment
Chronological list by year,1981,No. 16 of 1981,Association for Developmental Education (Incorporation),amendment,62481,https://laws.gov.tt/ttdll-web/revision/download/62481?type=amendment
Chronological list by year,1981,No. 15 of 1981,"Family Law (Guardianship of Minors, Domicile and Maintenance)",amendment,26411,https://laws.gov.tt/ttdll-web/revision/download/26411?type=amendment
Chronological list by year,1981,No. 14 of 1981,Plant Protection (Amendment),amendment,62483,https://laws.gov.tt/ttdll-web/revision/download/62483?type=amendment
Chronological list by year,1981,No. 13 of 1981,Trinidad and Tobago Amateur Radio Society,amendment,62485,https://laws.gov.tt/ttdll-web/revision/download/62485?type=amendment
Chronological list by year,1981,No. 12 of 1981,Lions Club of St. Patrick West of Trinidad West Indies (Incorporation),amendment,62565,https://laws.gov.tt/ttdll-web/revision/download/62565?type=amendment
Chronological list by year,1981,No. 11 of 1981,Land Tenants (Security of Tenure),amendment,62563,https://laws.gov.tt/ttdll-web/revision/download/62563?type=amendment
Chronological list by year,1981,No. 10 of 1981,Litter (Amendment),amendment,18903,https://laws.gov.tt/ttdll-web/revision/download/18903?type=amendment
Chronological list by year,1981,No. 9 of 1981,Hotel Development (Amendment),amendment,62561,https://laws.gov.tt/ttdll-web/revision/download/62561?type=amendment
Chronological list by year,1981,No. 8 of 1981,Constitution of the Republic of Trinidad and Tobago (Amendment),amendment,47740,https://laws.gov.tt/ttdll-web/revision/download/47740?type=amendment
Chronological list by year,1981,No. 7 of 1981,Rent Restriction (Re-enactment and Validation),amendment,62559,https://laws.gov.tt/ttdll-web/revision/download/62559?type=amendment
Chronological list by year,1981,No. 6 of 1981,Income Tax (In Aid Industry) (Amendment),amendment,12920,https://laws.gov.tt/ttdll-web/revision/download/12920?type=amendment
Chronological list by year,1981,No. 5 of 1981,Petroleum Taxes (Amendment),amendment,24064,https://laws.gov.tt/ttdll-web/revision/download/24064?type=amendment
Chronological list by year,1981,No. 4 of 1981,Finance (Variation of Appropriation) 1981,amendment,62573,https://laws.gov.tt/ttdll-web/revision/download/62573?type=amendment
Chronological list by year,1981,No. 3 of 1981,Supplementary Appropriation,amendment,62571,https://laws.gov.tt/ttdll-web/revision/download/62571?type=amendment
Chronological list by year,1981,No. 2 of 1981,Finance (Variation of Appropriation) 1980,amendment,73657,https://laws.gov.tt/ttdll-web/revision/download/73657?type=amendment
Chronological list by year,1981,No. 1 of 1981,Education (Amendment),amendment,8696,https://laws.gov.tt/ttdll-web/revision/download/8696?type=amendment
Chronological list by year,1980,No. 49 of 1980,Supreme Court of Judicature (Amendment) (No. 2),amendment,62569,https://laws.gov.tt/ttdll-web/revision/download/62569?type=amendment
Chronological list by year,1980,No. 48 of 1980,Solicitors (Amendment),amendment,62567,https://laws.gov.tt/ttdll-web/revision/download/62567?type=amendment
Chronological list by year,1980,No. 47 of 1980,Law Revision (Miscellaneous Provisions),amendment,18415,https://laws.gov.tt/ttdll-web/revision/download/18415?type=amendment
Chronological list by year,1980,No. 46 of 1980,Trinidad and Tobago Oil Company Limited Vesting,amendment,62581,https://laws.gov.tt/ttdll-web/revision/download/62581?type=amendment
Chronological list by year,1980,No. 45 of 1980,Brewery (Amendment),amendment,7190,https://laws.gov.tt/ttdll-web/revision/download/7190?type=amendment
Chronological list by year,1980,No. 44 of 1980,Liquor Licences (Amendment),amendment,19627,https://laws.gov.tt/ttdll-web/revision/download/19627?type=amendment
Chronological list by year,1980,No. 43 of 1980,Supplementary Appropriation (No. 3),amendment,62579,https://laws.gov.tt/ttdll-web/revision/download/62579?type=amendment
Chronological list by year,1980,No. 42 of 1980,Appropriation,amendment,62577,https://laws.gov.tt/ttdll-web/revision/download/62577?type=amendment
Chronological list by year,1980,No. 41 of 1980,Registration of Local Agents of Foreign Governments or Foreign Enterprises,amendment,62575,https://laws.gov.tt/ttdll-web/revision/download/62575?type=amendment
Chronological list by year,1980,No. 40 of 1980,Tobago House of Assembly (Amendment),amendment,34424,https://laws.gov.tt/ttdll-web/revision/download/34424?type=amendment
Chronological list by year,1980,No. 39 of 1980,Supplementary Appropriation (No. 2),amendment,62589,https://laws.gov.tt/ttdll-web/revision/download/62589?type=amendment
Chronological list by year,1980,No. 38 of 1980,Representation of the People (Amendment),amendment,29712,https://laws.gov.tt/ttdll-web/revision/download/29712?type=amendment
Chronological list by year,1980,No. 37 of 1980,Tobago House of Assembly,amendment,26909,https://laws.gov.tt/ttdll-web/revision/download/26909?type=amendment
Chronological list by year,1980,No. 36 of 1980,Caribbean Aviation Training Institute (Amendment),amendment,2779,https://laws.gov.tt/ttdll-web/revision/download/2779?type=amendment
Chronological list by year,1980,No. 35 of 1980,Lions Club of Port-of-Spain Central of Trinidad and Tobago (Incorporation),amendment,62587,https://laws.gov.tt/ttdll-web/revision/download/62587?type=amendment
Chronological list by year,1980,No. 34 of 1980,Port-of-Spain Corporation (Amendment) (No. 2),amendment,62585,https://laws.gov.tt/ttdll-web/revision/download/62585?type=amendment
Chronological list by year,1980,No. 33 of 1980,Port-of-Spain Corporation (Amendment),amendment,62583,https://laws.gov.tt/ttdll-web/revision/download/62583?type=amendment
Chronological list by year,1980,No. 32 of 1980,Tobago County Council (Extension of Term of Office) (No. 2),amendment,62531,https://laws.gov.tt/ttdll-web/revision/download/62531?type=amendment
Chronological list by year,1980,No. 31 of 1980,"Scheduled Ordinances (Re-enactment, commencement and Validation)",amendment,3561,https://laws.gov.tt/ttdll-web/revision/download/3561?type=amendment
Chronological list by year,1980,No. 30 of 1980,Trinidad and Tobago Registered Nurses Association (Incorporation),amendment,73613,https://laws.gov.tt/ttdll-web/revision/download/73613?type=amendment
Chronological list by year,1980,No. 29 of 1980,Supplementary Appropriation,amendment,62533,https://laws.gov.tt/ttdll-web/revision/download/62533?type=amendment
Chronological list by year,1980,No. 28 of 1980,1980 Population and Housing Census (Validation),amendment,32894,https://laws.gov.tt/ttdll-web/revision/download/32894?type=amendment
Chronological list by year,1980,No. 27 of 1980,Financial Institutions (Non-Banking) (Amendment),amendment,62527,https://laws.gov.tt/ttdll-web/revision/download/62527?type=amendment
Chronological list by year,1980,No. 26 of 1980,Municipal Corporations Ordinances (Amendment),amendment,62529,https://laws.gov.tt/ttdll-web/revision/download/62529?type=amendment
Chronological list by year,1980,No. 25 of 1980,Finance (Amendment),amendment,12038,https://laws.gov.tt/ttdll-web/revision/download/12038?type=amendment
Chronological list by year,1980,No. 24 of 1980,Grafton Woodley deceased (Confirmation of Appointment),amendment,73611,https://laws.gov.tt/ttdll-web/revision/download/73611?type=amendment
Chronological list by year,1980,No. 23 of 1980,National Insurance (Amendment),amendment,19349,https://laws.gov.tt/ttdll-web/revision/download/19349?type=amendment
Chronological list by year,1980,No. 22 of 1980,Finance s. 2,amendment,35104,https://laws.gov.tt/ttdll-web/revision/download/35104?type=amendment
Chronological list by year,1980,No. 21 of 1980,Stamp Duty (Amendment),amendment,35102,https://laws.gov.tt/ttdll-web/revision/download/35102?type=amendment
Chronological list by year,1980,No. 20 of 1980,Finance (Variation of Appropriation) (1979),amendment,62539,https://laws.gov.tt/ttdll-web/revision/download/62539?type=amendment
Chronological list by year,1980,No. 19 of 1980,Income Tax (Amendment) (No. 2),amendment,56874,https://laws.gov.tt/ttdll-web/revision/download/56874?type=amendment
Chronological list by year,1980,No. 18 of 1980,Housing (Amendment),amendment,14665,https://laws.gov.tt/ttdll-web/revision/download/14665?type=amendment
Chronological list by year,1980,No. 17 of 1980,National Emblems of Trinidad and Tobago (Regulation) (Amendment),amendment,18044,https://laws.gov.tt/ttdll-web/revision/download/18044?type=amendment
Chronological list by year,1980,No. 16 of 1980,Dental Profession,amendment,62541,https://laws.gov.tt/ttdll-web/revision/download/62541?type=amendment
Chronological list by year,1980,No. 15 of 1980,Medical Board (Amendment),amendment,26265,https://laws.gov.tt/ttdll-web/revision/download/26265?type=amendment
Chronological list by year,1980,No. 14 of 1980,Pensions (Amendment),amendment,25563,https://laws.gov.tt/ttdll-web/revision/download/25563?type=amendment
Chronological list by year,1980,No. 13 of 1980,Tobago County Council (Extension of Term of Office),amendment,62535,https://laws.gov.tt/ttdll-web/revision/download/62535?type=amendment
Chronological list by year,1980,No. 12 of 1980,Point Fortin Corporation,amendment,44436,https://laws.gov.tt/ttdll-web/revision/download/44436?type=amendment
Chronological list by year,1980,No. 11 of 1980,Elections and Boundaries Commission (Local Government),amendment,6339,https://laws.gov.tt/ttdll-web/revision/download/6339?type=amendment
Chronological list by year,1980,No. 10 of 1980,Arima Corporation (Amendment),amendment,62537,https://laws.gov.tt/ttdll-web/revision/download/62537?type=amendment
Chronological list by year,1980,No. 9 of 1980,County Councils (Amendment),amendment,44462,https://laws.gov.tt/ttdll-web/revision/download/44462?type=amendment
Chronological list by year,1980,No. 8 of 1980,Representation of the People (Amendment),amendment,29708,https://laws.gov.tt/ttdll-web/revision/download/29708?type=amendment
Chronological list by year,1980,No. 7 of 1980,Income Tax (Amendment),amendment,12036,https://laws.gov.tt/ttdll-web/revision/download/12036?type=amendment
Chronological list by year,1980,No. 6 of 1980,Insurance,amendment,73617,https://laws.gov.tt/ttdll-web/revision/download/73617?type=amendment
Chronological list by year,1980,No. 5 of 1980,Supreme Court of Judicature (Amendment),amendment,36020,https://laws.gov.tt/ttdll-web/revision/download/36020?type=amendment
Chronological list by year,1980,No. 4 of 1980,Constitution of the Republic of Trinidad and Tobago (Prescribed Offices),amendment,6858,https://laws.gov.tt/ttdll-web/revision/download/6858?type=amendment
Chronological list by year,1980,No. 3 of 1980,Law Reform (Miscellaneous Amendments),amendment,34572,https://laws.gov.tt/ttdll-web/revision/download/34572?type=amendment
Chronological list by year,1980,No. 2 of 1980,Supreme Court of Judicature (Amendment) (No. 2),amendment,15080,https://laws.gov.tt/ttdll-web/revision/download/15080?type=amendment
Chronological list by year,1980,No. 1 of 1980,Guarantee of Loans (Companies) (Amendment),amendment,11032,https://laws.gov.tt/ttdll-web/revision/download/11032?type=amendment
Chronological list by year,1979,No. 52 of 1979,Financial Institutions (Non-Banking),amendment,73615,https://laws.gov.tt/ttdll-web/revision/download/73615?type=amendment
Chronological list by year,1979,No. 51 of 1979,Auxiliary Fire Service,amendment,62547,https://laws.gov.tt/ttdll-web/revision/download/62547?type=amendment
Chronological list by year,1979,No. 50 of 1979,Motor Vehicles Insurance Third—Party Risks (Amendment),amendment,22906,https://laws.gov.tt/ttdll-web/revision/download/22906?type=amendment
Chronological list by year,1979,No. 49 of 1979,Airports Authority,amendment,62549,https://laws.gov.tt/ttdll-web/revision/download/62549?type=amendment
Chronological list by year,1979,No. 48 of 1979,Maxi-Taxi,amendment,73605,https://laws.gov.tt/ttdll-web/revision/download/73605?type=amendment
Chronological list by year,1979,No. 47 of 1979,Inspector of Fire Services (Pension Rights),amendment,62543,https://laws.gov.tt/ttdll-web/revision/download/62543?type=amendment
Chronological list by year,1979,No. 46 of 1979,Law Revision (Miscellaneous Amendment) (No. 2),amendment,35100,https://laws.gov.tt/ttdll-web/revision/download/35100?type=amendment
Chronological list by year,1979,No. 45 of 1979,Law Revision (Miscellaneous Amendment) (No. 1),amendment,34698,https://laws.gov.tt/ttdll-web/revision/download/34698?type=amendment
Chronological list by year,1979,No. 44 of 1979,Law Revision,amendment,14102,https://laws.gov.tt/ttdll-web/revision/download/14102?type=amendment
Chronological list by year,1979,No. 43 of 1979,Appropriation,amendment,62545,https://laws.gov.tt/ttdll-web/revision/download/62545?type=amendment
Chronological list by year,1979,No. 42 of 1979,Pesticides and Toxic Chemicals,amendment,62555,https://laws.gov.tt/ttdll-web/revision/download/62555?type=amendment
Chronological list by year,1979,No. 41 of 1979,Supplementary Appropriation (No. 3),amendment,62557,https://laws.gov.tt/ttdll-web/revision/download/62557?type=amendment
Chronological list by year,1979,No. 40 of 1979,Supplementary Appropriation (No. 2),amendment,62551,https://laws.gov.tt/ttdll-web/revision/download/62551?type=amendment
Chronological list by year,1979,No. 39 of 1979,Caribbean Food Corporation,amendment,73603,https://laws.gov.tt/ttdll-web/revision/download/73603?type=amendment
Chronological list by year,1979,No. 38 of 1979,Caribbean Communtiy Development Loans and Guarantee,amendment,11703,https://laws.gov.tt/ttdll-web/revision/download/11703?type=amendment
Chronological list by year,1979,No. 37 of 1979,Institute of Marine Affairs (Amendment),amendment,13595,https://laws.gov.tt/ttdll-web/revision/download/13595?type=amendment
Chronological list by year,1979,No. 36 of 1979,Central Tenders Board (Amendment),amendment,62553,https://laws.gov.tt/ttdll-web/revision/download/62553?type=amendment
Chronological list by year,1979,No. 35 of 1979,The John Hayes Memorial Kidney Foundation (Incorporation),amendment,62625,https://laws.gov.tt/ttdll-web/revision/download/62625?type=amendment
Chronological list by year,1979,No. 34 of 1979,The Patanjali Yoga Association of Trinidad and Tobago (Incorporation),amendment,62623,https://laws.gov.tt/ttdll-web/revision/download/62623?type=amendment
Chronological list by year,1979,No. 33 of 1979,Trinidad and Tobago Council of Evangelical Churches (Incorporation),amendment,62629,https://laws.gov.tt/ttdll-web/revision/download/62629?type=amendment
Chronological list by year,1979,No. 32 of 1979,Defence (Amendment),amendment,8509,https://laws.gov.tt/ttdll-web/revision/download/8509?type=amendment
Chronological list by year,1979,No. 31 of 1979,Police Service (Amendment),amendment,62627,https://laws.gov.tt/ttdll-web/revision/download/62627?type=amendment
Chronological list by year,1979,No. 30 of 1979,Constitution of the Republic of Trinidad and Tobago (Amendment),amendment,47736,https://laws.gov.tt/ttdll-web/revision/download/47736?type=amendment
Chronological list by year,1979,No. 29 of 1979,The Trinidad and Tobago Netball Association (Incorporation),amendment,62633,https://laws.gov.tt/ttdll-web/revision/download/62633?type=amendment
Chronological list by year,1979,No. 28 of 1979,Aldwyn Vidale (Gratuity and Pension),amendment,73609,https://laws.gov.tt/ttdll-web/revision/download/73609?type=amendment
Chronological list by year,1979,No. 27 of 1979,Customs (Amendment) (No. 2),amendment,9376,https://laws.gov.tt/ttdll-web/revision/download/9376?type=amendment
Chronological list by year,1979,No. 26 of 1979,Young Men's Christian Association of Trinidad and Tobago (Incorporation),amendment,62631,https://laws.gov.tt/ttdll-web/revision/download/62631?type=amendment
Chronological list by year,1979,No. 25 of 1979,"Shantineketan Religious, Educational, Social and Cultural Council of Trinidad and Tobago (Incorporation)",amendment,62637,https://laws.gov.tt/ttdll-web/revision/download/62637?type=amendment
Chronological list by year,1979,No. 24 of 1979,Trinidad and Tobago Automobile Association (Incorporation),amendment,73607,https://laws.gov.tt/ttdll-web/revision/download/73607?type=amendment
Chronological list by year,1979,No. 23 of 1979,Special Adviser to the Cabinet (Protective Services) (Pension Rights),amendment,62635,https://laws.gov.tt/ttdll-web/revision/download/62635?type=amendment
Chronological list by year,1979,No. 22 of 1979,Fiscal Incentives,amendment,62641,https://laws.gov.tt/ttdll-web/revision/download/62641?type=amendment
Chronological list by year,1979,No. 21 of 1979,Mental Health (Amendment),amendment,26223,https://laws.gov.tt/ttdll-web/revision/download/26223?type=amendment
Chronological list by year,1979,No. 20 of 1979,Children (Amendment),amendment,48398,https://laws.gov.tt/ttdll-web/revision/download/48398?type=amendment
Chronological list by year,1979,No. 19 of 1979,Offences Against the Person (Amendment),amendment,44348,https://laws.gov.tt/ttdll-web/revision/download/44348?type=amendment
Chronological list by year,1979,No. 18 of 1979,Supplementary Appropriation,amendment,62639,https://laws.gov.tt/ttdll-web/revision/download/62639?type=amendment
Chronological list by year,1979,No. 17 of 1979,Pounds (Amendment),amendment,26820,https://laws.gov.tt/ttdll-web/revision/download/26820?type=amendment
Chronological list by year,1979,No. 16 of 1979,Winston Guiseppi (Pension and Gratuity),amendment,73629,https://laws.gov.tt/ttdll-web/revision/download/73629?type=amendment
Chronological list by year,1979,No. 15 of 1979,Legal Aid and Advice (Amendment),amendment,18690,https://laws.gov.tt/ttdll-web/revision/download/18690?type=amendment
Chronological list by year,1979,No. 14 of 1979,Motor Vehicles and Road Traffic (Amendment),amendment,21649,https://laws.gov.tt/ttdll-web/revision/download/21649?type=amendment
Chronological list by year,1979,No. 13 of 1979,Summary Offences (Amendment),amendment,35537,https://laws.gov.tt/ttdll-web/revision/download/35537?type=amendment
Chronological list by year,1979,No. 12 of 1979,Finance (Variation of 1978 Appropriation),amendment,62645,https://laws.gov.tt/ttdll-web/revision/download/62645?type=amendment
Chronological list by year,1979,No. 11 of 1979,Offences Against the Person (Amendment),amendment,44342,https://laws.gov.tt/ttdll-web/revision/download/44342?type=amendment
Chronological list by year,1979,No. 10 of 1979,Hire-Purchase (Amendment),amendment,73627,https://laws.gov.tt/ttdll-web/revision/download/73627?type=amendment
Chronological list by year,1979,No. 9 of 1979,Petroleum (Amendment),amendment,23252,https://laws.gov.tt/ttdll-web/revision/download/23252?type=amendment
Chronological list by year,1979,No. 8 of 1979,Caribbean Meteorological Organisation,amendment,2958,https://laws.gov.tt/ttdll-web/revision/download/2958?type=amendment
Chronological list by year,1979,No. 7 of 1979,Cadet Force (Amendment),amendment,4194,https://laws.gov.tt/ttdll-web/revision/download/4194?type=amendment
Chronological list by year,1979,No. 6 of 1979,Post Office (Amendment),amendment,34568,https://laws.gov.tt/ttdll-web/revision/download/34568?type=amendment
Chronological list by year,1979,No. 5 of 1979,Caribbean Aviation Training Institute (Amendment),amendment,2775,https://laws.gov.tt/ttdll-web/revision/download/2775?type=amendment
Chronological list by year,1979,No. 4 of 1979,Customs (Amendment),amendment,9374,https://laws.gov.tt/ttdll-web/revision/download/9374?type=amendment
Chronological list by year,1979,No. 3 of 1979,Supreme Court of Judicature (Amendment),amendment,35999,https://laws.gov.tt/ttdll-web/revision/download/35999?type=amendment
Chronological list by year,1979,No. 2 of 1979,Industrial Relations (Amendment),amendment,4219,https://laws.gov.tt/ttdll-web/revision/download/4219?type=amendment
Chronological list by year,1979,No. 1 of 1979,Finance ss. 2–7,amendment,12009,https://laws.gov.tt/ttdll-web/revision/download/12009?type=amendment
Chronological list by year,1978,No. 50 of 1978,Trinidad and Tobago [BWIA International Airways (Corporation),amendment,73633,https://laws.gov.tt/ttdll-web/revision/download/73633?type=amendment
Chronological list by year,1978,No. 49 of 1978,Appropriation,amendment,62643,https://laws.gov.tt/ttdll-web/revision/download/62643?type=amendment
Chronological list by year,1978,No. 48 of 1978,Demolition of Unsafe Structures,amendment,62649,https://laws.gov.tt/ttdll-web/revision/download/62649?type=amendment
Chronological list by year,1978,No. 47 of 1978,Disasters Measures,amendment,62647,https://laws.gov.tt/ttdll-web/revision/download/62647?type=amendment
Chronological list by year,1978,No. 46 of 1978,Disposal of Uncleared Goods,amendment,62653,https://laws.gov.tt/ttdll-web/revision/download/62653?type=amendment
Chronological list by year,1978,No. 45 of 1978,West Indies Shipping Corporation (Validation and Commencement),amendment,31143,https://laws.gov.tt/ttdll-web/revision/download/31143?type=amendment
Chronological list by year,1978,No. 44 of 1978,Industrial Relations (Amendment),amendment,57403,https://laws.gov.tt/ttdll-web/revision/download/57403?type=amendment
Chronological list by year,1978,No. 43 of 1978,Civil Service (Amendment),amendment,2795,https://laws.gov.tt/ttdll-web/revision/download/2795?type=amendment
Chronological list by year,1978,No. 42 of 1978,Supplementary Appropriation (No. 2),amendment,62591,https://laws.gov.tt/ttdll-web/revision/download/62591?type=amendment
Chronological list by year,1978,No. 41 of 1978,Finance (Variation of Appropriation),amendment,62593,https://laws.gov.tt/ttdll-web/revision/download/62593?type=amendment
Chronological list by year,1978,No. 40 of 1978,Caroni (1975) Limited Vesting,amendment,3078,https://laws.gov.tt/ttdll-web/revision/download/3078?type=amendment
Chronological list by year,1978,No. 39 of 1978,Gambling and Betting (Amendment),amendment,13345,https://laws.gov.tt/ttdll-web/revision/download/13345?type=amendment
Chronological list by year,1978,No. 38 of 1978,Brewery (Amendment),amendment,7180,https://laws.gov.tt/ttdll-web/revision/download/7180?type=amendment
Chronological list by year,1978,No. 37 of 1978,Excise Duty on Beer (Validation),amendment,73631,https://laws.gov.tt/ttdll-web/revision/download/73631?type=amendment
Chronological list by year,1978,No. 36 of 1978,Evidence (Amendment),amendment,5649,https://laws.gov.tt/ttdll-web/revision/download/5649?type=amendment
Chronological list by year,1978,No. 35 of 1978,Food Stamp Programme,amendment,73621,https://laws.gov.tt/ttdll-web/revision/download/73621?type=amendment
Chronological list by year,1978,No. 34 of 1978,Central Bank (Amendment),amendment,3299,https://laws.gov.tt/ttdll-web/revision/download/3299?type=amendment
Chronological list by year,1978,No. 33 of 1978,Banking (Amendment),amendment,62595,https://laws.gov.tt/ttdll-web/revision/download/62595?type=amendment
Chronological list by year,1978,No. 32 of 1978,Housing (Amendment),amendment,14662,https://laws.gov.tt/ttdll-web/revision/download/14662?type=amendment
Chronological list by year,1978,No. 31 of 1978,Quarantine (Amendment),amendment,62597,https://laws.gov.tt/ttdll-web/revision/download/62597?type=amendment
Chronological list by year,1978,No. 30 of 1978,Trinidad and Tobago District of the Wesleyan Holiness Church (Incorporation),amendment,73619,https://laws.gov.tt/ttdll-web/revision/download/73619?type=amendment
Chronological list by year,1978,No. 29 of 1978,Incorporated Trustees of the Association of Evangelical Bible Churches of Trinidad and Tobago,amendment,62599,https://laws.gov.tt/ttdll-web/revision/download/62599?type=amendment
Chronological list by year,1978,No. 28 of 1978,Motor Vehicles and Road Traffic (Amendment) (No. 5),amendment,21645,https://laws.gov.tt/ttdll-web/revision/download/21645?type=amendment
Chronological list by year,1978,No. 27 of 1978,Agricultural Development Bank (Amendment),amendment,7732,https://laws.gov.tt/ttdll-web/revision/download/7732?type=amendment
Chronological list by year,1978,No. 26 of 1978,City Playhouse of Trinidad and Tobago (Incorporation),amendment,73625,https://laws.gov.tt/ttdll-web/revision/download/73625?type=amendment
Chronological list by year,1978,No. 25 of 1978,Citizenship of the Republic of Trinidad and Tobago (Amendment),amendment,4496,https://laws.gov.tt/ttdll-web/revision/download/4496?type=amendment
Chronological list by year,1978,No. 24 of 1978,Immigration (Amendment),amendment,11169,https://laws.gov.tt/ttdll-web/revision/download/11169?type=amendment
Chronological list by year,1978,No. 23 of 1978,Food Stamp Programme (Registration of Retailers),amendment,62601,https://laws.gov.tt/ttdll-web/revision/download/62601?type=amendment
Chronological list by year,1978,No. 22 of 1978,Supplementary Appropriation,amendment,62603,https://laws.gov.tt/ttdll-web/revision/download/62603?type=amendment
Chronological list by year,1978,No. 21 of 1978,Motor Vehicles and Road Traffic (Amendment and Validation),amendment,21605,https://laws.gov.tt/ttdll-web/revision/download/21605?type=amendment
Chronological list by year,1978,No. 20 of 1978,Motor Vehicles and Road Traffic (Amendment) (No. 4),amendment,21603,https://laws.gov.tt/ttdll-web/revision/download/21603?type=amendment
Chronological list by year,1978,No. 19 of 1978,Motor Vehicles and Road Traffic (Amendment) (No. 3),amendment,21601,https://laws.gov.tt/ttdll-web/revision/download/21601?type=amendment
Chronological list by year,1978,No. 18 of 1978,Motor Vehicles and Road Traffic (Enforcement and Administration),amendment,62605,https://laws.gov.tt/ttdll-web/revision/download/62605?type=amendment
Chronological list by year,1978,No. 17 of 1978,Motor Vehicles and Road Traffic (Amendment) (No. 2),amendment,21599,https://laws.gov.tt/ttdll-web/revision/download/21599?type=amendment
Chronological list by year,1978,No. 16 of 1978,Constitution of the Republic of Trinidad and Tobago (Amendment) (No. 2),amendment,9297,https://laws.gov.tt/ttdll-web/revision/download/9297?type=amendment
Chronological list by year,1978,No. 15 of 1978,Constitution of the Republic of Trinidad and Tobago (Amendment),amendment,9295,https://laws.gov.tt/ttdll-web/revision/download/9295?type=amendment
Chronological list by year,1978,No. 14 of 1978,Supplementary Appropriation (1977),amendment,62607,https://laws.gov.tt/ttdll-web/revision/download/62607?type=amendment
Chronological list by year,1978,No. 13 of 1978,Finance (Variation of Appropriation 1977),amendment,62609,https://laws.gov.tt/ttdll-web/revision/download/62609?type=amendment
Chronological list by year,1978,No. 12 of 1978,Sydney Smith (Pension and Gratuity),amendment,62611,https://laws.gov.tt/ttdll-web/revision/download/62611?type=amendment
Chronological list by year,1978,No. 11 of 1978,Governor-General's Personal Staff (Superannuation Benefits and Compensation for loss of Office),amendment,62613,https://laws.gov.tt/ttdll-web/revision/download/62613?type=amendment
Chronological list by year,1978,No. 10 of 1978,"Kiwanis Club of Port-of-Spain, Trinidad, West Indies (Incorporation)",amendment,62615,https://laws.gov.tt/ttdll-web/revision/download/62615?type=amendment
Chronological list by year,1978,No. 9 of 1978,Motor Vehicles Insurance (Third Party Risks) (Amendment),amendment,22898,https://laws.gov.tt/ttdll-web/revision/download/22898?type=amendment
Chronological list by year,1978,No. 8 of 1978,Motor Vehicles and Road Traffic (Amendment),amendment,62617,https://laws.gov.tt/ttdll-web/revision/download/62617?type=amendment
Chronological list by year,1978,No. 7 of 1978,Water and Sewerage (Amendment),amendment,29599,https://laws.gov.tt/ttdll-web/revision/download/29599?type=amendment
Chronological list by year,1978,No. 6 of 1978,Supreme Court of Judicature (Amendment),amendment,35995,https://laws.gov.tt/ttdll-web/revision/download/35995?type=amendment
Chronological list by year,1978,No. 4 of 1978,Aviation Security and Airports Management,amendment,9372,https://laws.gov.tt/ttdll-web/revision/download/9372?type=amendment
Chronological list by year,1978,No. 2 of 1978,Lions Club of St. Patrick East of Trinidad and Tobago (Incorporation),amendment,62619,https://laws.gov.tt/ttdll-web/revision/download/62619?type=amendment
Chronological list by year,1978,No. 1 of 1978,St. John Ambulance Association and Brigade of Trinidad and Tobago (Incorporation),amendment,62621,https://laws.gov.tt/ttdll-web/revision/download/62621?type=amendment
Chronological list by year,1977,No. 51 of 1977,Appropriation,amendment,62203,https://laws.gov.tt/ttdll-web/revision/download/62203?type=amendment
Chronological list by year,1977,No. 50 of 1977,Jonathan Brown (Promotion and Superannuation Benefits),amendment,62205,https://laws.gov.tt/ttdll-web/revision/download/62205?type=amendment
Chronological list by year,1977,No. 49 of 1977,Town and Country Planning (Validation of Regulations and Orders),amendment,34127,https://laws.gov.tt/ttdll-web/revision/download/34127?type=amendment
Chronological list by year,1977,No. 48 of 1977,Pleasure Boats,amendment,62199,https://laws.gov.tt/ttdll-web/revision/download/62199?type=amendment
Chronological list by year,1977,No. 47 of 1977,Ahmadiyya Anjuman Isha'at-I-Islam (Incorporation),amendment,62201,https://laws.gov.tt/ttdll-web/revision/download/62201?type=amendment
Chronological list by year,1977,No. 46 of 1977,Income Tax (Amendment),amendment,56872,https://laws.gov.tt/ttdll-web/revision/download/56872?type=amendment
Chronological list by year,1977,No. 45 of 1977,Customs (Amendment),amendment,9370,https://laws.gov.tt/ttdll-web/revision/download/9370?type=amendment
Chronological list by year,1977,No. 44 of 1977,Motor Vehicles and Road Traffic (Amendment),amendment,21595,https://laws.gov.tt/ttdll-web/revision/download/21595?type=amendment
Chronological list by year,1977,No. 43 of 1977,Finance (Variation of Appropriation) (No. 2),amendment,62195,https://laws.gov.tt/ttdll-web/revision/download/62195?type=amendment
Chronological list by year,1977,No. 42 of 1977,Supplementary Appropriation (No. 2),amendment,62197,https://laws.gov.tt/ttdll-web/revision/download/62197?type=amendment
Chronological list by year,1977,No. 41 of 1977,Church of the Nazarene (Trinidad and Tobago) (Incorporation),amendment,62191,https://laws.gov.tt/ttdll-web/revision/download/62191?type=amendment
Chronological list by year,1977,No. 40 of 1977,Licensing of Pool-rooms (Amendment),amendment,62193,https://laws.gov.tt/ttdll-web/revision/download/62193?type=amendment
Chronological list by year,1977,No. 39 of 1977,Trinidad and Tobago Wrestling Association (Incorporation),amendment,62187,https://laws.gov.tt/ttdll-web/revision/download/62187?type=amendment
Chronological list by year,1977,No. 38 of 1977,Caribbean Conference of Churches (Incorporation),amendment,62189,https://laws.gov.tt/ttdll-web/revision/download/62189?type=amendment
Chronological list by year,1977,No. 37 of 1977,Trinidad and Tobago Federation of Women's Institutes (Incorporation),amendment,62183,https://laws.gov.tt/ttdll-web/revision/download/62183?type=amendment
Chronological list by year,1977,No. 36 of 1977,Trinidad and Tobago National Council of Alcoholism (Incorporation),amendment,62185,https://laws.gov.tt/ttdll-web/revision/download/62185?type=amendment
Chronological list by year,1977,No. 35 of 1977,"Kiwanis Club of San Fernando, Trinidad, West Indies (Incorporation)",amendment,62179,https://laws.gov.tt/ttdll-web/revision/download/62179?type=amendment
Chronological list by year,1977,No. 34 of 1977,Provisional Collection of Taxes (Amendment),amendment,27776,https://laws.gov.tt/ttdll-web/revision/download/27776?type=amendment
Chronological list by year,1977,No. 33 of 1977,Production of Cane (Amendment),amendment,27072,https://laws.gov.tt/ttdll-web/revision/download/27072?type=amendment
Chronological list by year,1977,No. 32 of 1977,Christian Council of Trinidad and Tobago (Incorporation),amendment,62181,https://laws.gov.tt/ttdll-web/revision/download/62181?type=amendment
Chronological list by year,1977,No. 31 of 1977,Marjorie Joseph (Confirmation of Appointment),amendment,62175,https://laws.gov.tt/ttdll-web/revision/download/62175?type=amendment
Chronological list by year,1977,No. 30 of 1977,Supplementary Appropriation,amendment,62177,https://laws.gov.tt/ttdll-web/revision/download/62177?type=amendment
Chronological list by year,1977,No. 29 of 1977,Indictable Offences (Preliminary Enquiry),amendment,13059,https://laws.gov.tt/ttdll-web/revision/download/13059?type=amendment
Chronological list by year,1977,No. 28 of 1977,Caribbean Union Conference of Seventh-Day Adventists in Trinidad and Tobago (Incorporation),amendment,62173,https://laws.gov.tt/ttdll-web/revision/download/62173?type=amendment
Chronological list by year,1977,No. 27 of 1977,National Insurance,amendment,19347,https://laws.gov.tt/ttdll-web/revision/download/19347?type=amendment
Chronological list by year,1977,No. 26 of 1977,Local Authorities (Amendment),amendment,44458,https://laws.gov.tt/ttdll-web/revision/download/44458?type=amendment
Chronological list by year,1977,No. 25 of 1977,Industrial Relations,amendment,13243,https://laws.gov.tt/ttdll-web/revision/download/13243?type=amendment
Chronological list by year,1977,No. 24 of 1977,George Scott (Confirmation of Appointment and Superannuation Benefits),amendment,73623,https://laws.gov.tt/ttdll-web/revision/download/73623?type=amendment
Chronological list by year,1977,No. 23 of 1977,Ombudsman,amendment,62171,https://laws.gov.tt/ttdll-web/revision/download/62171?type=amendment
Chronological list by year,1977,No. 22 of 1977,Judicial and Legal Service,amendment,14964,https://laws.gov.tt/ttdll-web/revision/download/14964?type=amendment
Chronological list by year,1977,No. 21 of 1977,Housing,amendment,14660,https://laws.gov.tt/ttdll-web/revision/download/14660?type=amendment
Chronological list by year,1977,No. 20 of 1977,Provident Fund,amendment,27376,https://laws.gov.tt/ttdll-web/revision/download/27376?type=amendment
Chronological list by year,1977,No. 19 of 1977,Olive Jones (Promotion and Superannuation Benefits),amendment,62169,https://laws.gov.tt/ttdll-web/revision/download/62169?type=amendment
Chronological list by year,1977,No. 18 of 1977,"Jessel Jones, deceased (Confirmation of Appointment)",amendment,62167,https://laws.gov.tt/ttdll-web/revision/download/62167?type=amendment
Chronological list by year,1977,No. 17 of 1977,West Indies Shipping Corporation,amendment,62165,https://laws.gov.tt/ttdll-web/revision/download/62165?type=amendment
Chronological list by year,1977,No. 16 of 1977,Statistics (Amendment),amendment,32892,https://laws.gov.tt/ttdll-web/revision/download/32892?type=amendment
Chronological list by year,1977,No. 15 of 1977,Licensing of Pool-rooms,amendment,62163,https://laws.gov.tt/ttdll-web/revision/download/62163?type=amendment
Chronological list by year,1977,No. 14 of 1977,Finance (Amendment) (No. 2),amendment,20865,https://laws.gov.tt/ttdll-web/revision/download/20865?type=amendment
Chronological list by year,1977,No. 13 of 1977,Finance (Variation of Appropriation),amendment,62161,https://laws.gov.tt/ttdll-web/revision/download/62161?type=amendment
Chronological list by year,1977,No. 12 of 1977,Cyril Thorne (Special Gratuity),amendment,62159,https://laws.gov.tt/ttdll-web/revision/download/62159?type=amendment
Chronological list by year,1977,No. 11 of 1977,Constitution (Prescribed Matters),amendment,6847,https://laws.gov.tt/ttdll-web/revision/download/6847?type=amendment
Chronological list by year,1977,No. 10 of 1977,Finance (Amendment),amendment,20863,https://laws.gov.tt/ttdll-web/revision/download/20863?type=amendment
Chronological list by year,1977,No. 9 of 1977,Students’ Revolving Loan Fund (Amendment),amendment,33360,https://laws.gov.tt/ttdll-web/revision/download/33360?type=amendment
Chronological list by year,1977,No. 8 of 1977,Registrar General (Amendment),amendment,29410,https://laws.gov.tt/ttdll-web/revision/download/29410?type=amendment
Chronological list by year,1977,No. 7 of 1977,Registration of Deeds (Amendment),amendment,28919,https://laws.gov.tt/ttdll-web/revision/download/28919?type=amendment
Chronological list by year,1977,No. 6 of 1977,Motor Vehicles and Road Traffic,amendment,21573,https://laws.gov.tt/ttdll-web/revision/download/21573?type=amendment
Chronological list by year,1977,No. 5 of 1977,Commissioners of Affidavits,amendment,4966,https://laws.gov.tt/ttdll-web/revision/download/4966?type=amendment
Chronological list by year,1977,No. 4 of 1977,Births and Deaths Registration (Amendment),amendment,3779,https://laws.gov.tt/ttdll-web/revision/download/3779?type=amendment
Chronological list by year,1977,No. 3 of 1977,Pensions (Nellie Warner),amendment,62157,https://laws.gov.tt/ttdll-web/revision/download/62157?type=amendment
Chronological list by year,1977,No. 2 of 1977,Special Adviser (Protective Service) (Pension Rights),amendment,62155,https://laws.gov.tt/ttdll-web/revision/download/62155?type=amendment
Chronological list by year,1977,No. 1 of 1977,Genocide,amendment,62153,https://laws.gov.tt/ttdll-web/revision/download/62153?type=amendment
Chronological list by year,1976,No. 54 of 1976,Appropriation,amendment,62151,https://laws.gov.tt/ttdll-web/revision/download/62151?type=amendment
Chronological list by year,1976,No. 53 of 1976,Narcotic Control (Amendment),amendment,35699,https://laws.gov.tt/ttdll-web/revision/download/35699?type=amendment
Chronological list by year,1976,No. 52 of 1976,Married Persons,amendment,8195,https://laws.gov.tt/ttdll-web/revision/download/8195?type=amendment
Chronological list by year,1976,No. 51 of 1976,Law Reform (Property),amendment,28917,https://laws.gov.tt/ttdll-web/revision/download/28917?type=amendment
Chronological list by year,1976,No. 50 of 1976,Law Reform (Miscellaneous Provisions),amendment,13546,https://laws.gov.tt/ttdll-web/revision/download/13546?type=amendment
Chronological list by year,1976,No. 49 of 1976,Presidential Elections (Prescribed Matters),amendment,6845,https://laws.gov.tt/ttdll-web/revision/download/6845?type=amendment
Chronological list by year,1976,No. 48 of 1976,Supplementary Appropriation (No. 4),amendment,62149,https://laws.gov.tt/ttdll-web/revision/download/62149?type=amendment
Chronological list by year,1976,No. 47 of 1976,Local Authorities (Extension of Term of Office),amendment,62147,https://laws.gov.tt/ttdll-web/revision/download/62147?type=amendment
Chronological list by year,1976,No. 46 of 1976,Income Tax (in Aid of Industry) (Amendment),amendment,24051,https://laws.gov.tt/ttdll-web/revision/download/24051?type=amendment
Chronological list by year,1976,No. 45 of 1976,Trinidad and Tobago Racing Authority,amendment,62145,https://laws.gov.tt/ttdll-web/revision/download/62145?type=amendment
Chronological list by year,1976,No. 44 of 1976,Retiring Allowances (Diplomatic Service),amendment,25559,https://laws.gov.tt/ttdll-web/revision/download/25559?type=amendment
Chronological list by year,1976,No. 43 of 1976,Judges’ Salaries and Pensions (Amendment),amendment,15482,https://laws.gov.tt/ttdll-web/revision/download/15482?type=amendment
Chronological list by year,1976,No. 42 of 1976,Governor-General's Emoluments (Amendment),amendment,73583,https://laws.gov.tt/ttdll-web/revision/download/73583?type=amendment
Chronological list by year,1976,No. 41 of 1976,Prime Ministers' Pension (Amendment),amendment,27153,https://laws.gov.tt/ttdll-web/revision/download/27153?type=amendment
Chronological list by year,1976,No. 40 of 1976,President’s Emoluments,amendment,12034,https://laws.gov.tt/ttdll-web/revision/download/12034?type=amendment
Chronological list by year,1976,No. 39 of 1976,Statutes (Amendment),amendment,33285,https://laws.gov.tt/ttdll-web/revision/download/33285?type=amendment
Chronological list by year,1976,No. 38 of 1976,Interpretation (Amendment),amendment,14096,https://laws.gov.tt/ttdll-web/revision/download/14096?type=amendment
Chronological list by year,1976,No. 37 of 1976,Supplementary Appropriation (No. 3),amendment,62143,https://laws.gov.tt/ttdll-web/revision/download/62143?type=amendment
Chronological list by year,1976,No. 36 of 1976,Praedial Larceny Prevention (Amendment),amendment,26857,https://laws.gov.tt/ttdll-web/revision/download/26857?type=amendment
Chronological list by year,1976,No. 35 of 1976,Minimum Wages,amendment,62263,https://laws.gov.tt/ttdll-web/revision/download/62263?type=amendment
Chronological list by year,1976,No. 34 of 1976,"Noel Knollys Inniss (Preservation of Pension Rights, Pension and Gratuity)",amendment,62265,https://laws.gov.tt/ttdll-web/revision/download/62265?type=amendment
Chronological list by year,1976,No. 33 of 1976,Exported Sugar Levy,amendment,73585,https://laws.gov.tt/ttdll-web/revision/download/73585?type=amendment
Chronological list by year,1976,No. 32 of 1976,Cipriani Labour College (Amendment),amendment,4471,https://laws.gov.tt/ttdll-web/revision/download/4471?type=amendment
Chronological list by year,1976,No. 31 of 1976,Motor Vehicles and Road Traffic (Amendment),amendment,21571,https://laws.gov.tt/ttdll-web/revision/download/21571?type=amendment
Chronological list by year,1976,No. 30 of 1976,Solicitors (Amendment),amendment,62267,https://laws.gov.tt/ttdll-web/revision/download/62267?type=amendment
Chronological list by year,1976,No. 29 of 1976,Supreme Court of Judicature (Amendment),amendment,35983,https://laws.gov.tt/ttdll-web/revision/download/35983?type=amendment
Chronological list by year,1976,No. 28 of 1976,Representation of the People (Amendment) (No. 2),amendment,29686,https://laws.gov.tt/ttdll-web/revision/download/29686?type=amendment
Chronological list by year,1976,No. 27 of 1976,Petroleum (Amendment),amendment,23250,https://laws.gov.tt/ttdll-web/revision/download/23250?type=amendment
Chronological list by year,1976,No. 26 of 1976,Housing (Amendment),amendment,14652,https://laws.gov.tt/ttdll-web/revision/download/14652?type=amendment
Chronological list by year,1976,No. 25 of 1976,Legal Aid and Advice,amendment,4835,https://laws.gov.tt/ttdll-web/revision/download/4835?type=amendment
Chronological list by year,1976,No. 24 of 1976,Co-operative Societies (Amendment),amendment,3606,https://laws.gov.tt/ttdll-web/revision/download/3606?type=amendment
Chronological list by year,1976,No. 23 of 1976,Constitution (Prescribed Matters) (Amendment) (No. 2),amendment,6843,https://laws.gov.tt/ttdll-web/revision/download/6843?type=amendment
Chronological list by year,1976,No. 22 of 1976,Cremation (Amendment),amendment,6402,https://laws.gov.tt/ttdll-web/revision/download/6402?type=amendment
Chronological list by year,1976,No. 21 of 1976,Moravian Church of Trinidad and Tobago (Incorporation),amendment,62269,https://laws.gov.tt/ttdll-web/revision/download/62269?type=amendment
Chronological list by year,1976,No. 20 of 1976,Representation of the People (Amendment),amendment,29684,https://laws.gov.tt/ttdll-web/revision/download/29684?type=amendment
Chronological list by year,1976,No. 19 of 1976,Grace Chapel (Chinese Christian Fellowship) (Incorporation).,amendment,62255,https://laws.gov.tt/ttdll-web/revision/download/62255?type=amendment
Chronological list by year,1976,No. 18 of 1976,Trinidad and Tobago National Council of 'Parent-Teacher' Associations (Incorporation),amendment,62257,https://laws.gov.tt/ttdll-web/revision/download/62257?type=amendment
Chronological list by year,1976,No. 17 of 1976,Finance (Variation of Appropriation) (1975),amendment,62259,https://laws.gov.tt/ttdll-web/revision/download/62259?type=amendment
Chronological list by year,1976,No. 16 of 1976,Supplementary Appropriation (1975),amendment,62261,https://laws.gov.tt/ttdll-web/revision/download/62261?type=amendment
Chronological list by year,1976,No. 15 of 1976,Institute of Marine Affairs,amendment,62247,https://laws.gov.tt/ttdll-web/revision/download/62247?type=amendment
Chronological list by year,1976,No. 14 of 1976,Finance,amendment,5375,https://laws.gov.tt/ttdll-web/revision/download/5375?type=amendment
Chronological list by year,1976,No. 13 of 1976,Customs (Amendment),amendment,9366,https://laws.gov.tt/ttdll-web/revision/download/9366?type=amendment
Chronological list by year,1976,No. 12 of 1976,Old Age Pensions (Amendment),amendment,31711,https://laws.gov.tt/ttdll-web/revision/download/31711?type=amendment
Chronological list by year,1976,No. 11 of 1976,Citizenship of the Republic of Trinidad and Tobago,amendment,62249,https://laws.gov.tt/ttdll-web/revision/download/62249?type=amendment
Chronological list by year,1976,No. 10 of 1976,Finance (Variation of Appropriation),amendment,62251,https://laws.gov.tt/ttdll-web/revision/download/62251?type=amendment
Chronological list by year,1976,No. 9 of 1976,Supplementary Appropriation (No. 2),amendment,62253,https://laws.gov.tt/ttdll-web/revision/download/62253?type=amendment
Chronological list by year,1976,No. 8 of 1976,State Liability and Proceedings (Amendment),amendment,33025,https://laws.gov.tt/ttdll-web/revision/download/33025?type=amendment
Chronological list by year,1976,No. 7 of 1976,Constitution (Prescribed Matters) (Amendment),amendment,6837,https://laws.gov.tt/ttdll-web/revision/download/6837?type=amendment
Chronological list by year,1976,No. 6 of 1976,Administration of Justice (Miscellaneous Provisions),amendment,3405,https://laws.gov.tt/ttdll-web/revision/download/3405?type=amendment
Chronological list by year,1976,No. 5 of 1976,Trinidad and Tobago Telephone (Amendment),amendment,62239,https://laws.gov.tt/ttdll-web/revision/download/62239?type=amendment
Chronological list by year,1976,No. 4 of 1976,Constitution of the Republic of Trinidad and Tobago,amendment,62241,https://laws.gov.tt/ttdll-web/revision/download/62241?type=amendment
Chronological list by year,1976,No. 3 of 1976,Church of God Deliverance Centre of Trinidad and Tobago (Incorporation),amendment,73579,https://laws.gov.tt/ttdll-web/revision/download/73579?type=amendment
Chronological list by year,1976,No. 2 of 1976,Litter (Amendment),amendment,18901,https://laws.gov.tt/ttdll-web/revision/download/18901?type=amendment
Chronological list by year,1976,No. 1 of 1976,Supplementary Appropriation,amendment,62243,https://laws.gov.tt/ttdll-web/revision/download/62243?type=amendment
Chronological list by year,1975,No. 68 of 1975,Stamp Duty (Amendment),amendment,35098,https://laws.gov.tt/ttdll-web/revision/download/35098?type=amendment
Chronological list by year,1975,No. 67 of 1975,Customs (Amendment),amendment,9364,https://laws.gov.tt/ttdll-web/revision/download/9364?type=amendment
Chronological list by year,1975,No. 66 of 1975,Income Tax (Amendment) (No. 2),amendment,12030,https://laws.gov.tt/ttdll-web/revision/download/12030?type=amendment
Chronological list by year,1975,No. 65 of 1975,Appropriation,amendment,62245,https://laws.gov.tt/ttdll-web/revision/download/62245?type=amendment
Chronological list by year,1975,No. 64 of 1975,Finance (Variation of Appropriation) (No. 3),amendment,62233,https://laws.gov.tt/ttdll-web/revision/download/62233?type=amendment
Chronological list by year,1975,No. 63 of 1975,Supplementary Appropriation (No. 2),amendment,62231,https://laws.gov.tt/ttdll-web/revision/download/62231?type=amendment
Chronological list by year,1975,No. 62 of 1975,Cipriani Labour College (Commencement and Validation),amendment,4455,https://laws.gov.tt/ttdll-web/revision/download/4455?type=amendment
Chronological list by year,1975,No. 61 of 1975,Alfred Best (Gratuity),amendment,62237,https://laws.gov.tt/ttdll-web/revision/download/62237?type=amendment
Chronological list by year,1975,No. 60 of 1975,Carlton Comma (Pension and Gratuity),amendment,62235,https://laws.gov.tt/ttdll-web/revision/download/62235?type=amendment
Chronological list by year,1975,No. 59 of 1975,Caribbean Fisheries Training and Development Institute,amendment,2911,https://laws.gov.tt/ttdll-web/revision/download/2911?type=amendment
Chronological list by year,1975,No. 58 of 1975,Romeo Huggins (Contract Gratuity),amendment,73581,https://laws.gov.tt/ttdll-web/revision/download/73581?type=amendment
Chronological list by year,1975,No. 57 of 1975,Central Bank (Amendment),amendment,3235,https://laws.gov.tt/ttdll-web/revision/download/3235?type=amendment
Chronological list by year,1975,No. 56 of 1975,Caribbean Aviation Training Institute,amendment,2757,https://laws.gov.tt/ttdll-web/revision/download/2757?type=amendment
Chronological list by year,1975,No. 55 of 1975,Banking (Amendment),amendment,62225,https://laws.gov.tt/ttdll-web/revision/download/62225?type=amendment
Chronological list by year,1975,No. 54 of 1975,Public Health (Amendment),amendment,62223,https://laws.gov.tt/ttdll-web/revision/download/62223?type=amendment
Chronological list by year,1975,No. 53 of 1975,Sydney Smith (Pension and Gratuity),amendment,62229,https://laws.gov.tt/ttdll-web/revision/download/62229?type=amendment
Chronological list by year,1975,No. 52 of 1975,Sahadeo Maharaj (Gratuity),amendment,62227,https://laws.gov.tt/ttdll-web/revision/download/62227?type=amendment
Chronological list by year,1975,No. 51 of 1975,Local Authorities (Extension of term of office),amendment,73575,https://laws.gov.tt/ttdll-web/revision/download/73575?type=amendment
Chronological list by year,1975,No. 50 of 1975,Supplementary Appropriation,amendment,62217,https://laws.gov.tt/ttdll-web/revision/download/62217?type=amendment
Chronological list by year,1975,No. 49 of 1975,Finance (Variation of Appropriation) (No. 3),amendment,73577,https://laws.gov.tt/ttdll-web/revision/download/73577?type=amendment
Chronological list by year,1975,No. 48 of 1975,Trinidad and Tobago Society of Planners (Incorporation),amendment,62215,https://laws.gov.tt/ttdll-web/revision/download/62215?type=amendment
Chronological list by year,1975,No. 47 of 1975,Valley Baptist Church (Incorporation),amendment,62221,https://laws.gov.tt/ttdll-web/revision/download/62221?type=amendment
Chronological list by year,1975,No. 46 of 1975,Christian Fellowship Assembly of Trinidad and Tobago (Incorporation),amendment,62219,https://laws.gov.tt/ttdll-web/revision/download/62219?type=amendment
Chronological list by year,1975,No. 45 of 1975,San Fernando Baptist Church (Incorporation),amendment,55772,https://laws.gov.tt/ttdll-web/revision/download/55772?type=amendment
Chronological list by year,1975,No. 44 of 1975,Trinidad and Tobago Yachting Association (Incorporation),amendment,62209,https://laws.gov.tt/ttdll-web/revision/download/62209?type=amendment
Chronological list by year,1975,No. 43 of 1975,Petty Civil Courts (Amendment),amendment,24224,https://laws.gov.tt/ttdll-web/revision/download/24224?type=amendment
Chronological list by year,1975,No. 42 of 1975,Fire Service (Amendment),amendment,11438,https://laws.gov.tt/ttdll-web/revision/download/11438?type=amendment
Chronological list by year,1975,No. 41 of 1975,Council of Legal Education,amendment,17925,https://laws.gov.tt/ttdll-web/revision/download/17925?type=amendment
Chronological list by year,1975,No. 40 of 1975,Solicitors (Amendment),amendment,62207,https://laws.gov.tt/ttdll-web/revision/download/62207?type=amendment
Chronological list by year,1975,No. 39 of 1975,Supreme Court of Judicature (Amendment) (No. 2),amendment,35975,https://laws.gov.tt/ttdll-web/revision/download/35975?type=amendment
Chronological list by year,1975,No. 38 of 1975,Judges Salaries and Pensions (Amendment),amendment,15476,https://laws.gov.tt/ttdll-web/revision/download/15476?type=amendment
Chronological list by year,1975,No. 37 of 1975,Industrial Training (Amendment),amendment,13499,https://laws.gov.tt/ttdll-web/revision/download/13499?type=amendment
Chronological list by year,1975,No. 36 of 1975,Christ College (Incorporation),amendment,62213,https://laws.gov.tt/ttdll-web/revision/download/62213?type=amendment
Chronological list by year,1975,No. 35 of 1975,Bethel Evangelistic Missions (Incorporation),amendment,62211,https://laws.gov.tt/ttdll-web/revision/download/62211?type=amendment
Chronological list by year,1975,No. 34 of 1975,Petroleum (Amendment),amendment,23942,https://laws.gov.tt/ttdll-web/revision/download/23942?type=amendment
Chronological list by year,1975,No. 33 of 1975,Seventh-Day Adventist Church in Trinidad and Tobago (Amendment),amendment,62323,https://laws.gov.tt/ttdll-web/revision/download/62323?type=amendment
Chronological list by year,1975,No. 32 of 1975,Open Bible Standard Churches of Trinidad and Tobago (Incorporation) (Amendment),amendment,62325,https://laws.gov.tt/ttdll-web/revision/download/62325?type=amendment
Chronological list by year,1975,No. 31 of 1975,Private Hospitals (Amendment),amendment,27243,https://laws.gov.tt/ttdll-web/revision/download/27243?type=amendment
Chronological list by year,1975,No. 30 of 1975,Mental Health,amendment,4833,https://laws.gov.tt/ttdll-web/revision/download/4833?type=amendment
Chronological list by year,1975,No. 29 of 1975,African Methodist Episcopal Zion Church (Incorporation),amendment,62319,https://laws.gov.tt/ttdll-web/revision/download/62319?type=amendment
Chronological list by year,1975,No. 28 of 1975,Tobago Council for Handicapped Children (Incorporation),amendment,62321,https://laws.gov.tt/ttdll-web/revision/download/62321?type=amendment
Chronological list by year,1975,No. 27 of 1975,Trinidad Rifle Association (Incorporation),amendment,62331,https://laws.gov.tt/ttdll-web/revision/download/62331?type=amendment
Chronological list by year,1975,No. 26 of 1975,Thelma Romany Pilgrim (Gratuity and Pension),amendment,62333,https://laws.gov.tt/ttdll-web/revision/download/62333?type=amendment
Chronological list by year,1975,No. 25 of 1975,Ermine Ince (Gratuity and Pension),amendment,62327,https://laws.gov.tt/ttdll-web/revision/download/62327?type=amendment
Chronological list by year,1975,No. 24 of 1975,Bailey-Stephens and Joachim (Contract Gratuity),amendment,73571,https://laws.gov.tt/ttdll-web/revision/download/73571?type=amendment
Chronological list by year,1975,No. 23 of 1975,Fisheries (Amendment),amendment,14170,https://laws.gov.tt/ttdll-web/revision/download/14170?type=amendment
Chronological list by year,1975,No. 22 of 1975,Ramnarine Sukhu (Confirmation of Appointment),amendment,62329,https://laws.gov.tt/ttdll-web/revision/download/62329?type=amendment
Chronological list by year,1975,No. 21 of 1975,Insurance (Amendment),amendment,73573,https://laws.gov.tt/ttdll-web/revision/download/73573?type=amendment
Chronological list by year,1975,No. 20 of 1975,Jury (Amendment),amendment,14780,https://laws.gov.tt/ttdll-web/revision/download/14780?type=amendment
Chronological list by year,1975,No. 19 of 1975,Finance (Variation of Appropriation),amendment,62307,https://laws.gov.tt/ttdll-web/revision/download/62307?type=amendment
Chronological list by year,1975,No. 18 of 1975,Tourist Board (Amendment),amendment,62309,https://laws.gov.tt/ttdll-web/revision/download/62309?type=amendment
Chronological list by year,1975,No. 17 of 1975,West Indies Shipping Corporation (Guarantee of Loan),amendment,62303,https://laws.gov.tt/ttdll-web/revision/download/62303?type=amendment
Chronological list by year,1975,No. 16 of 1975,Petroleum Taxes (Amendment),amendment,24049,https://laws.gov.tt/ttdll-web/revision/download/24049?type=amendment
Chronological list by year,1975,No. 15 of 1975,Asphalt Export duty (Amendment),amendment,62305,https://laws.gov.tt/ttdll-web/revision/download/62305?type=amendment
Chronological list by year,1975,No. 14 of 1975,Customs (Amendment) (No. 2),amendment,9362,https://laws.gov.tt/ttdll-web/revision/download/9362?type=amendment
Chronological list by year,1975,No. 13 of 1975,Plant Protection,amendment,62315,https://laws.gov.tt/ttdll-web/revision/download/62315?type=amendment
Chronological list by year,1975,No. 12 of 1975,Trade (Amendment),amendment,62317,https://laws.gov.tt/ttdll-web/revision/download/62317?type=amendment
Chronological list by year,1975,No. 11 of 1975,Industrial Relations (Amendment),amendment,13239,https://laws.gov.tt/ttdll-web/revision/download/13239?type=amendment
Chronological list by year,1975,No. 10 of 1975,Finance (Variation of 1974 Appropriation) (No. 2),amendment,62311,https://laws.gov.tt/ttdll-web/revision/download/62311?type=amendment
Chronological list by year,1975,No. 9 of 1975,1974 Supplementary Appropriation (No. 2),amendment,62313,https://laws.gov.tt/ttdll-web/revision/download/62313?type=amendment
Chronological list by year,1975,No. 8 of 1975,International Financial Organisations (Inter-American Development Bank) (Amendment),amendment,13930,https://laws.gov.tt/ttdll-web/revision/download/13930?type=amendment
Chronological list by year,1975,No. 7 of 1975,Income Tax (Amendment),amendment,12026,https://laws.gov.tt/ttdll-web/revision/download/12026?type=amendment
Chronological list by year,1975,No. 6 of 1975,Housing (Amendment),amendment,14648,https://laws.gov.tt/ttdll-web/revision/download/14648?type=amendment
Chronological list by year,1975,No. 5 of 1975,Motor Vehicles and Road Traffic (Amendment),amendment,21569,https://laws.gov.tt/ttdll-web/revision/download/21569?type=amendment
Chronological list by year,1975,No. 4 of 1975,Old Age Pensions (Amendment),amendment,31707,https://laws.gov.tt/ttdll-web/revision/download/31707?type=amendment
Chronological list by year,1975,No. 3 of 1975,Police Service (Amendment),amendment,62293,https://laws.gov.tt/ttdll-web/revision/download/62293?type=amendment
Chronological list by year,1975,No. 2 of 1975,Port Authority (Revesting of Property),amendment,26905,https://laws.gov.tt/ttdll-web/revision/download/26905?type=amendment
Chronological list by year,1975,No. 1 of 1975,Lacey and Robinson-Nottingham (Gratuity and Pension),amendment,62291,https://laws.gov.tt/ttdll-web/revision/download/62291?type=amendment
Chronological list by year,1974,No. 38 of 1974,Petroleum (Amendment),amendment,23246,https://laws.gov.tt/ttdll-web/revision/download/23246?type=amendment
Chronological list by year,1974,No. 37 of 1974,Appropriation,amendment,62289,https://laws.gov.tt/ttdll-web/revision/download/62289?type=amendment
Chronological list by year,1974,No. 36 of 1974,Public Transport Service (Revesting of Property),amendment,28638,https://laws.gov.tt/ttdll-web/revision/download/28638?type=amendment
Chronological list by year,1974,No. 35 of 1974,Supplementary Appropriation,amendment,62287,https://laws.gov.tt/ttdll-web/revision/download/62287?type=amendment
Chronological list by year,1974,No. 34 of 1974,Motor Vehicles Insurance (Third Party Risks) (Amendment),amendment,22896,https://laws.gov.tt/ttdll-web/revision/download/22896?type=amendment
Chronological list by year,1974,No. 33 of 1974,Local Authorities (Extension of term of office),amendment,62301,https://laws.gov.tt/ttdll-web/revision/download/62301?type=amendment
Chronological list by year,1974,No. 32 of 1974,Pensions (Amendment),amendment,25549,https://laws.gov.tt/ttdll-web/revision/download/25549?type=amendment
Chronological list by year,1974,No. 31 of 1974,Finance (Variation of Appropriation),amendment,62299,https://laws.gov.tt/ttdll-web/revision/download/62299?type=amendment
Chronological list by year,1974,No. 30 of 1974,Finance,amendment,24047,https://laws.gov.tt/ttdll-web/revision/download/24047?type=amendment
Chronological list by year,1974,No. 29 of 1974,Lions Club of Tobago of Trinidad and Tobago (Incorporation),amendment,62297,https://laws.gov.tt/ttdll-web/revision/download/62297?type=amendment
Chronological list by year,1974,No. 28 of 1974,Prisons (Amendment),amendment,28118,https://laws.gov.tt/ttdll-web/revision/download/28118?type=amendment
Chronological list by year,1974,No. 27 of 1974,National Insurance (Amendment Commencement and Indemnity),amendment,19343,https://laws.gov.tt/ttdll-web/revision/download/19343?type=amendment
Chronological list by year,1974,No. 26 of 1974,Licensing of Vehicles (Amendment),amendment,62295,https://laws.gov.tt/ttdll-web/revision/download/62295?type=amendment
Chronological list by year,1974,No. 25 of 1974,Widows' and Orphans' Pensions Extension,amendment,62277,https://laws.gov.tt/ttdll-web/revision/download/62277?type=amendment
Chronological list by year,1974,No. 24 of 1974,Trinidad and Tobago Medical Association (Incorporation),amendment,62275,https://laws.gov.tt/ttdll-web/revision/download/62275?type=amendment
Chronological list by year,1974,No. 23 of 1974,Evangelical Orthodox Assembly (Incorporation),amendment,62273,https://laws.gov.tt/ttdll-web/revision/download/62273?type=amendment
Chronological list by year,1974,No. 22 of 1974,Petroleum Taxes,amendment,11999,https://laws.gov.tt/ttdll-web/revision/download/11999?type=amendment
Chronological list by year,1974,No. 21 of 1974,Interpretation (Amendment),amendment,14094,https://laws.gov.tt/ttdll-web/revision/download/14094?type=amendment
Chronological list by year,1974,No. 20 of 1974,Customs (Amendment),amendment,9360,https://laws.gov.tt/ttdll-web/revision/download/9360?type=amendment
Chronological list by year,1974,No. 19 of 1974,Insurance (Amendment),amendment,62271,https://laws.gov.tt/ttdll-web/revision/download/62271?type=amendment
Chronological list by year,1974,No. 18 of 1974,Old Age Pensions (Amendment),amendment,31705,https://laws.gov.tt/ttdll-web/revision/download/31705?type=amendment
Chronological list by year,1974,No. 17 of 1974,Trade (Amendment),amendment,62285,https://laws.gov.tt/ttdll-web/revision/download/62285?type=amendment
Chronological list by year,1974,No. 16 of 1974,Petroleum (Amendment),amendment,23240,https://laws.gov.tt/ttdll-web/revision/download/23240?type=amendment
Chronological list by year,1974,No. 15 of 1974,Trustee (Amendment),amendment,62283,https://laws.gov.tt/ttdll-web/revision/download/62283?type=amendment
Chronological list by year,1974,No. 14 of 1974,Petroleum Production Levy and Subsidy,amendment,62281,https://laws.gov.tt/ttdll-web/revision/download/62281?type=amendment
Chronological list by year,1974,No. 13 of 1974,Town and Country Planning (Amendment),amendment,34125,https://laws.gov.tt/ttdll-web/revision/download/34125?type=amendment
Chronological list by year,1974,No. 12 of 1974,Registrar General (Amendment),amendment,29408,https://laws.gov.tt/ttdll-web/revision/download/29408?type=amendment
Chronological list by year,1974,No. 11 of 1974,Motor Vehicles and Road Traffic (Enforcement and Administration),amendment,73599,https://laws.gov.tt/ttdll-web/revision/download/73599?type=amendment
Chronological list by year,1974,No. 10 of 1974,Hotel Development (Amendment),amendment,62279,https://laws.gov.tt/ttdll-web/revision/download/62279?type=amendment
Chronological list by year,1974,No. 9 of 1974,Finance (Variation of 1973 Appropriation) (No. 1),amendment,62383,https://laws.gov.tt/ttdll-web/revision/download/62383?type=amendment
Chronological list by year,1974,No. 8 of 1974,Governor-General's House Employees (Service for Pension purposes),amendment,62385,https://laws.gov.tt/ttdll-web/revision/download/62385?type=amendment
Chronological list by year,1974,No. 7 of 1974,Immigration (Amendment),amendment,11163,https://laws.gov.tt/ttdll-web/revision/download/11163?type=amendment
Chronological list by year,1974,No. 6 of 1974,Motor Vehicles and Road Traffic (Amendment),amendment,21567,https://laws.gov.tt/ttdll-web/revision/download/21567?type=amendment
Chronological list by year,1974,No. 5 of 1974,Fire Service (Amendment),amendment,11434,https://laws.gov.tt/ttdll-web/revision/download/11434?type=amendment
Chronological list by year,1974,No. 4 of 1974,Aubrey Jackson (Pension and Gratuity),amendment,62387,https://laws.gov.tt/ttdll-web/revision/download/62387?type=amendment
Chronological list by year,1974,No. 3 of 1974,Dogs (Amendment),amendment,5240,https://laws.gov.tt/ttdll-web/revision/download/5240?type=amendment
Chronological list by year,1974,No. 2 of 1974,Supreme Court of Judicature (Amendment),amendment,35971,https://laws.gov.tt/ttdll-web/revision/download/35971?type=amendment
Chronological list by year,1974,No. 1 of 1974,Appropriation,amendment,62389,https://laws.gov.tt/ttdll-web/revision/download/62389?type=amendment
Chronological list by year,1973,No. 41 of 1973,Finance (Variation of Appropriation) (No. 2),amendment,62391,https://laws.gov.tt/ttdll-web/revision/download/62391?type=amendment
Chronological list by year,1973,No. 40 of 1973,Supplementary Appropriation,amendment,62393,https://laws.gov.tt/ttdll-web/revision/download/62393?type=amendment
Chronological list by year,1973,No. 39 of 1973,Matrimonial Proceedings and Property (Amendment),amendment,26379,https://laws.gov.tt/ttdll-web/revision/download/26379?type=amendment
Chronological list by year,1973,No. 38 of 1973,Police Service (Amendment),amendment,25545,https://laws.gov.tt/ttdll-web/revision/download/25545?type=amendment
Chronological list by year,1973,No. 37 of 1973,Finance (Variation of 1973 Appropriation),amendment,62395,https://laws.gov.tt/ttdll-web/revision/download/62395?type=amendment
Chronological list by year,1973,No. 36 of 1973,Fiscal Incentives,amendment,12916,https://laws.gov.tt/ttdll-web/revision/download/12916?type=amendment
Chronological list by year,1973,No. 35 of 1973,Free Spiritual Baptist Mission in Trinidad and Tobago (Incorporation),amendment,62397,https://laws.gov.tt/ttdll-web/revision/download/62397?type=amendment
Chronological list by year,1973,No. 34 of 1973,Missionary Baptist Church in Trinidad and Tobago (Incorporation),amendment,62367,https://laws.gov.tt/ttdll-web/revision/download/62367?type=amendment
Chronological list by year,1973,No. 33 of 1973,Inter-Religious Organisation of Trinidad and Tobago (Incorporation),amendment,62369,https://laws.gov.tt/ttdll-web/revision/download/62369?type=amendment
Chronological list by year,1973,No. 32 of 1973,Church of Christ in Trinidad and Tobago (Incorporation),amendment,62371,https://laws.gov.tt/ttdll-web/revision/download/62371?type=amendment
Chronological list by year,1973,No. 31 of 1973,Lions Club of Central Trinidad of Trinidad and Tobago (Incorporation),amendment,62373,https://laws.gov.tt/ttdll-web/revision/download/62373?type=amendment
Chronological list by year,1973,No. 30 of 1973,South Trinidad Darts Association (Incorporation),amendment,62375,https://laws.gov.tt/ttdll-web/revision/download/62375?type=amendment
Chronological list by year,1973,No. 29 of 1973,Caribbean Investment Corporation,amendment,2938,https://laws.gov.tt/ttdll-web/revision/download/2938?type=amendment
Chronological list by year,1973,No. 28 of 1973,Age of Majority,amendment,14774,https://laws.gov.tt/ttdll-web/revision/download/14774?type=amendment
Chronological list by year,1973,No. 27 of 1973,Litter,amendment,35533,https://laws.gov.tt/ttdll-web/revision/download/35533?type=amendment
Chronological list by year,1973,No. 26 of 1973,County Councils (Amendment),amendment,44456,https://laws.gov.tt/ttdll-web/revision/download/44456?type=amendment
Chronological list by year,1973,No. 25 of 1973,Housewives' Association of Trinidad and Tobago (Incorporation),amendment,62377,https://laws.gov.tt/ttdll-web/revision/download/62377?type=amendment
Chronological list by year,1973,No. 24 of 1973,National Council of Voluntary Associations for Child Care (Incorporation),amendment,62379,https://laws.gov.tt/ttdll-web/revision/download/62379?type=amendment
Chronological list by year,1973,No. 23 of 1973,Customs (Amendment),amendment,9358,https://laws.gov.tt/ttdll-web/revision/download/9358?type=amendment
Chronological list by year,1973,No. 22 of 1973,Gambling and Betting (Amendment),amendment,13341,https://laws.gov.tt/ttdll-web/revision/download/13341?type=amendment
Chronological list by year,1973,No. 21 of 1973,Gospel Lighthouse Church (Incorporation),amendment,62381,https://laws.gov.tt/ttdll-web/revision/download/62381?type=amendment
Chronological list by year,1973,No. 20 of 1973,Tahrik-i-Jadid Anjuman Ahmadiyya Association of Trinidad and Tobago (Incorporation),amendment,62353,https://laws.gov.tt/ttdll-web/revision/download/62353?type=amendment
Chronological list by year,1973,No. 19 of 1973,Supreme Court of Judicature (Amendment),amendment,35967,https://laws.gov.tt/ttdll-web/revision/download/35967?type=amendment
Chronological list by year,1973,No. 18 of 1973,British West Indian Airways Limited (Guarantee of Loans) (Amendment) (No. 2),amendment,62351,https://laws.gov.tt/ttdll-web/revision/download/62351?type=amendment
Chronological list by year,1973,No. 17 of 1973,Constitution (Prescribed Matters) (Amendment),amendment,6824,https://laws.gov.tt/ttdll-web/revision/download/6824?type=amendment
Chronological list by year,1973,No. 16 of 1973,Evidence (Amendment),amendment,5645,https://laws.gov.tt/ttdll-web/revision/download/5645?type=amendment
Chronological list by year,1973,No. 15 of 1973,Grand Lodge of the Independent United Order of Scottish Mechanics of Trinidad and Tobago (Incorporation),amendment,62357,https://laws.gov.tt/ttdll-web/revision/download/62357?type=amendment
Chronological list by year,1973,No. 14 of 1973,Cane-Farmers Incorporation and Cess (Amendment),amendment,62355,https://laws.gov.tt/ttdll-web/revision/download/62355?type=amendment
Chronological list by year,1973,No. 13 of 1973,San Fernando Arts Council (Incorporation),amendment,62361,https://laws.gov.tt/ttdll-web/revision/download/62361?type=amendment
Chronological list by year,1973,No. 12 of 1973,Pension (Brindsley Lezama),amendment,62359,https://laws.gov.tt/ttdll-web/revision/download/62359?type=amendment
Chronological list by year,1973,No. 11 of 1973,Tourist Board (Amendment),amendment,62365,https://laws.gov.tt/ttdll-web/revision/download/62365?type=amendment
Chronological list by year,1973,No. 10 of 1973,Public Health Nursery Schools and Primary Schools Immunisation,amendment,62363,https://laws.gov.tt/ttdll-web/revision/download/62363?type=amendment
Chronological list by year,1973,No. 9 of 1973,Hotel Development (Amendment),amendment,62337,https://laws.gov.tt/ttdll-web/revision/download/62337?type=amendment
Chronological list by year,1973,No. 8 of 1973,Finance (Variation of 1972 Appropriation) (No. 4),amendment,62335,https://laws.gov.tt/ttdll-web/revision/download/62335?type=amendment
Chronological list by year,1973,No. 7 of 1973,Brewery (Amendment),amendment,7174,https://laws.gov.tt/ttdll-web/revision/download/7174?type=amendment
Chronological list by year,1973,No. 6 of 1973,Management Development Centre,amendment,73601,https://laws.gov.tt/ttdll-web/revision/download/73601?type=amendment
Chronological list by year,1973,No. 5 of 1973,Minister of Finance (Incorporation),amendment,28915,https://laws.gov.tt/ttdll-web/revision/download/28915?type=amendment
Chronological list by year,1973,No. 4 of 1973,Wireless Division (Superannuation Benefits and Compensation for Loss of Office),amendment,62341,https://laws.gov.tt/ttdll-web/revision/download/62341?type=amendment
Chronological list by year,1973,No. 3 of 1973,Students' Revolving Loan Fund,amendment,62339,https://laws.gov.tt/ttdll-web/revision/download/62339?type=amendment
Chronological list by year,1973,No. 2 of 1973,British West Indian Airways Limited (Guarantee of Loans) (Amendment),amendment,73595,https://laws.gov.tt/ttdll-web/revision/download/73595?type=amendment
Chronological list by year,1973,No. 1 of 1973,Appropriation,amendment,62345,https://laws.gov.tt/ttdll-web/revision/download/62345?type=amendment
Chronological list by year,1972,No. 42 of 1972,Industrial Relations (Amendment),amendment,13233,https://laws.gov.tt/ttdll-web/revision/download/13233?type=amendment
Chronological list by year,1972,No. 41 of 1972,Copra Products Control (Amendment),amendment,3887,https://laws.gov.tt/ttdll-web/revision/download/3887?type=amendment
Chronological list by year,1972,No. 40 of 1972,Finance (Variation of Appropriation) (No. 3),amendment,62343,https://laws.gov.tt/ttdll-web/revision/download/62343?type=amendment
Chronological list by year,1972,No. 39 of 1972,Supplementary Appropriation (No. 3),amendment,62349,https://laws.gov.tt/ttdll-web/revision/download/62349?type=amendment
Chronological list by year,1972,No. 38 of 1972,Standards,amendment,62347,https://laws.gov.tt/ttdll-web/revision/download/62347?type=amendment
Chronological list by year,1972,No. 37 of 1972,Chaguaramas Development Authority,amendment,63841,https://laws.gov.tt/ttdll-web/revision/download/63841?type=amendment
Chronological list by year,1972,No. 36 of 1972,International Financial Organisations (Amendment),amendment,13907,https://laws.gov.tt/ttdll-web/revision/download/13907?type=amendment
Chronological list by year,1972,No. 35 of 1972,Finance (Variation of Appropriation) (No. 2),amendment,73597,https://laws.gov.tt/ttdll-web/revision/download/73597?type=amendment
Chronological list by year,1972,No. 34 of 1972,Supplementary Appropriation (No. 2),amendment,63839,https://laws.gov.tt/ttdll-web/revision/download/63839?type=amendment
Chronological list by year,1972,No. 33 of 1972,Widows' and Orphans' Pension (James Valdez) (Amendment),amendment,63845,https://laws.gov.tt/ttdll-web/revision/download/63845?type=amendment
Chronological list by year,1972,No. 32 of 1972,Pensions Extension (Amendment),amendment,73591,https://laws.gov.tt/ttdll-web/revision/download/73591?type=amendment
Chronological list by year,1972,No. 31 of 1972,Trinidad and Tobago Electricity Commission (Amendment),amendment,34694,https://laws.gov.tt/ttdll-web/revision/download/34694?type=amendment
Chronological list by year,1972,No. 30 of 1972,Stamp Duty (Amendment) (No. 2),amendment,35094,https://laws.gov.tt/ttdll-web/revision/download/35094?type=amendment
Chronological list by year,1972,No. 29 of 1972,Supplementary Appropriation,amendment,63843,https://laws.gov.tt/ttdll-web/revision/download/63843?type=amendment
Chronological list by year,1972,No. 28 of 1972,Constitution (Prescribed Matters) (Amendment),amendment,6822,https://laws.gov.tt/ttdll-web/revision/download/6822?type=amendment
Chronological list by year,1972,No. 27 of 1972,Governor-General’s Emoluments (Amendment),amendment,11995,https://laws.gov.tt/ttdll-web/revision/download/11995?type=amendment
Chronological list by year,1972,No. 26 of 1972,Soroptimist Club of Port-of-Spain (Incorporation),amendment,63849,https://laws.gov.tt/ttdll-web/revision/download/63849?type=amendment
Chronological list by year,1972,No. 25 of 1972,Trinidad and Tobago Insurance Institute (Incorporation),amendment,63847,https://laws.gov.tt/ttdll-web/revision/download/63847?type=amendment
Chronological list by year,1972,No. 24 of 1972,National Spiritual Assembly of the Baha'is of Trinidad and Tobago (Incorporation),amendment,63853,https://laws.gov.tt/ttdll-web/revision/download/63853?type=amendment
Chronological list by year,1972,No. 23 of 1972,Industrial Relations,amendment,63851,https://laws.gov.tt/ttdll-web/revision/download/63851?type=amendment
Chronological list by year,1972,No. 22 of 1972,Solicitors (Amendment),amendment,73593,https://laws.gov.tt/ttdll-web/revision/download/73593?type=amendment
Chronological list by year,1972,No. 21 of 1972,International Financial Organisations (Inter–American Development Bank) (Amendment),amendment,13928,https://laws.gov.tt/ttdll-web/revision/download/13928?type=amendment
Chronological list by year,1972,No. 20 of 1972,Hotel Accommodation Tax,amendment,63857,https://laws.gov.tt/ttdll-web/revision/download/63857?type=amendment
Chronological list by year,1972,No. 19 of 1972,Public Holidays (Amendment),amendment,28224,https://laws.gov.tt/ttdll-web/revision/download/28224?type=amendment
Chronological list by year,1972,No. 18 of 1972,Firearms (Amendment),amendment,11368,https://laws.gov.tt/ttdll-web/revision/download/11368?type=amendment
Chronological list by year,1972,No. 17 of 1972,Finance (Variation of Appropriation),amendment,63855,https://laws.gov.tt/ttdll-web/revision/download/63855?type=amendment
Chronological list by year,1972,No. 16 of 1972,Open Bible Standard Churches of Trinidad and Tobago (Incorporation),amendment,63861,https://laws.gov.tt/ttdll-web/revision/download/63861?type=amendment
Chronological list by year,1972,No. 15 of 1972,Trinidad and Tobago Music Festival Association (Incorporation),amendment,63859,https://laws.gov.tt/ttdll-web/revision/download/63859?type=amendment
Chronological list by year,1972,No. 14 of 1972,Interpretation (Amendment),amendment,14092,https://laws.gov.tt/ttdll-web/revision/download/14092?type=amendment
Chronological list by year,1972,No. 13 of 1972,Lions Club of San Fernando of Trinidad and Tobago (Incorporation),amendment,63865,https://laws.gov.tt/ttdll-web/revision/download/63865?type=amendment
Chronological list by year,1972,No. 12 of 1972,Income Tax (Amendment) (No. 2),amendment,11993,https://laws.gov.tt/ttdll-web/revision/download/11993?type=amendment
Chronological list by year,1972,No. 11 of 1972,Widows' and Orphans' Pensions (Amendment),amendment,31286,https://laws.gov.tt/ttdll-web/revision/download/31286?type=amendment
Chronological list by year,1972,No. 10 of 1972,Banking (Amendment),amendment,63863,https://laws.gov.tt/ttdll-web/revision/download/63863?type=amendment
Chronological list by year,1972,No. 9 of 1972,Insurance (Amendment),amendment,63869,https://laws.gov.tt/ttdll-web/revision/download/63869?type=amendment
Chronological list by year,1972,No. 8 of 1972,Income Tax (Amendment),amendment,11991,https://laws.gov.tt/ttdll-web/revision/download/11991?type=amendment
Chronological list by year,1972,No. 7 of 1972,Co-operative Societies (Amendment),amendment,3604,https://laws.gov.tt/ttdll-web/revision/download/3604?type=amendment
Chronological list by year,1972,No. 6 of 1972,Trade (Amendment),amendment,73587,https://laws.gov.tt/ttdll-web/revision/download/73587?type=amendment
Chronological list by year,1972,No. 5 of 1972,Stamp Duty (Amendment),amendment,35092,https://laws.gov.tt/ttdll-web/revision/download/35092?type=amendment
Chronological list by year,1972,No. 4 of 1972,Cipriani Labour College,amendment,63867,https://laws.gov.tt/ttdll-web/revision/download/63867?type=amendment
Chronological list by year,1972,No. 3 of 1972,Appropriation,amendment,63871,https://laws.gov.tt/ttdll-web/revision/download/63871?type=amendment
Chronological list by year,1972,No. 1 of 1972,Summary Offences (Amendment),amendment,35529,https://laws.gov.tt/ttdll-web/revision/download/35529?type=amendment
Chronological list by year,1971,No. 38 of 1971,Supplementary Appropriation (No. 2),amendment,63873,https://laws.gov.tt/ttdll-web/revision/download/63873?type=amendment
Chronological list by year,1971,No. 37 of 1971,Judges Salaries and Pensions (Amendment),amendment,15470,https://laws.gov.tt/ttdll-web/revision/download/15470?type=amendment
Chronological list by year,1971,No. 36 of 1971,Sedition (Amendment),amendment,30431,https://laws.gov.tt/ttdll-web/revision/download/30431?type=amendment
Chronological list by year,1971,No. 35 of 1971,National Insurance,amendment,11989,https://laws.gov.tt/ttdll-web/revision/download/11989?type=amendment
Chronological list by year,1971,No. 34 of 1971,Exchange Control (Amendment),amendment,5750,https://laws.gov.tt/ttdll-web/revision/download/5750?type=amendment
Chronological list by year,1971,No. 33 of 1971,Police Service (Amendment),amendment,63875,https://laws.gov.tt/ttdll-web/revision/download/63875?type=amendment
Chronological list by year,1971,No. 32 of 1971,Workers Bank,amendment,63877,https://laws.gov.tt/ttdll-web/revision/download/63877?type=amendment
Chronological list by year,1971,No. 31 of 1971,Summary Courts (Amendment),amendment,35695,https://laws.gov.tt/ttdll-web/revision/download/35695?type=amendment
Chronological list by year,1971,No. 30 of 1971,Pensions (Arthur Marshall),amendment,63879,https://laws.gov.tt/ttdll-web/revision/download/63879?type=amendment
Chronological list by year,1971,No. 29 of 1971,Emergency Powers,amendment,73589,https://laws.gov.tt/ttdll-web/revision/download/73589?type=amendment
Chronological list by year,1971,No. 28 of 1971,Supplementary Appropriation,amendment,63881,https://laws.gov.tt/ttdll-web/revision/download/63881?type=amendment
Chronological list by year,1971,No. 27 of 1971,Finance (Variation of Appropriation) (No. 2),amendment,63883,https://laws.gov.tt/ttdll-web/revision/download/63883?type=amendment
Chronological list by year,1971,No. 26 of 1971,Finance (Variation of Appropriation) (No. 2),amendment,63885,https://laws.gov.tt/ttdll-web/revision/download/63885?type=amendment
Chronological list by year,1971,No. 25 of 1971,Ogeeran (Gratuity),amendment,63887,https://laws.gov.tt/ttdll-web/revision/download/63887?type=amendment
Chronological list by year,1971,No. 24 of 1971,Jocelyn Gibson MeKnight (Gratuity),amendment,63889,https://laws.gov.tt/ttdll-web/revision/download/63889?type=amendment
Chronological list by year,1971,No. 23 of 1971,Local Authorities (Extension of term of office),amendment,73553,https://laws.gov.tt/ttdll-web/revision/download/73553?type=amendment
Chronological list by year,1971,No. 22 of 1971,Co-operatives Societies,amendment,73551,https://laws.gov.tt/ttdll-web/revision/download/73551?type=amendment
Chronological list by year,1971,No. 21 of 1971,Electric Installations (Buildings) (Amendment),amendment,6576,https://laws.gov.tt/ttdll-web/revision/download/6576?type=amendment
Chronological list by year,1971,No. 20 of 1971,Cocoa and Coffee Industry (Amendment),amendment,3168,https://laws.gov.tt/ttdll-web/revision/download/3168?type=amendment
Chronological list by year,1971,No. 19 of 1971,Caribbean Industrial Research institute,amendment,63891,https://laws.gov.tt/ttdll-web/revision/download/63891?type=amendment
Chronological list by year,1971,No. 18 of 1971,Estate and Succession Duties (Amendment),amendment,73549,https://laws.gov.tt/ttdll-web/revision/download/73549?type=amendment
Chronological list by year,1971,No. 17 of 1971,San Fernando Corporation Pensions (Special Provisions) (Amendment),amendment,63893,https://laws.gov.tt/ttdll-web/revision/download/63893?type=amendment
Chronological list by year,1971,No. 16 of 1971,Stamp Duty (Amendment),amendment,35090,https://laws.gov.tt/ttdll-web/revision/download/35090?type=amendment
Chronological list by year,1971,No. 15 of 1971,Central Marketing Agency (Amendment),amendment,4225,https://laws.gov.tt/ttdll-web/revision/download/4225?type=amendment
Chronological list by year,1971,No. 14 of 1971,Slum Clearance and Housing (Temporary Provisions) (Amendment),amendment,73547,https://laws.gov.tt/ttdll-web/revision/download/73547?type=amendment
Chronological list by year,1971,No. 13 of 1971,Alexander Lashley Deceased (Gratuity),amendment,63897,https://laws.gov.tt/ttdll-web/revision/download/63897?type=amendment
Chronological list by year,1971,No. 12 of 1971,Finance (Variation of Appropriation),amendment,63899,https://laws.gov.tt/ttdll-web/revision/download/63899?type=amendment
Chronological list by year,1971,No. 11 of 1971,Liquor Licences (Amendment),amendment,19583,https://laws.gov.tt/ttdll-web/revision/download/19583?type=amendment
Chronological list by year,1971,No. 10 of 1971,Pensions Extension (Amendment),amendment,73545,https://laws.gov.tt/ttdll-web/revision/download/73545?type=amendment
Chronological list by year,1971,No. 9 of 1971,Alphonso Toppin (Pension and Gratuity),amendment,63901,https://laws.gov.tt/ttdll-web/revision/download/63901?type=amendment
Chronological list by year,1971,No. 8 of 1971,Port Authority (Amendment),amendment,26903,https://laws.gov.tt/ttdll-web/revision/download/26903?type=amendment
Chronological list by year,1971,No. 7 of 1971,Assembly of God (Incorporation),amendment,63781,https://laws.gov.tt/ttdll-web/revision/download/63781?type=amendment
Chronological list by year,1971,No. 6 of 1971,National Ecclesiastical Council of Spiritual Baptist Churches of Trinidad and Tobago (Incorporation),amendment,73543,https://laws.gov.tt/ttdll-web/revision/download/73543?type=amendment
Chronological list by year,1971,No. 5 of 1971,International Meditation Society of Trinidad and Tobago (Incorporation),amendment,63779,https://laws.gov.tt/ttdll-web/revision/download/63779?type=amendment
Chronological list by year,1971,No. 4 of 1971,Trinidad and Tobago Sevashiram Sangha (Incorporation),amendment,63777,https://laws.gov.tt/ttdll-web/revision/download/63777?type=amendment
Chronological list by year,1971,No. 3 of 1971,Diplomatic Agents and Consular Officers (Oaths and Notarial Acts),amendment,73541,https://laws.gov.tt/ttdll-web/revision/download/73541?type=amendment
Chronological list by year,1971,No. 2 of 1971,Customs (Amendment),amendment,9356,https://laws.gov.tt/ttdll-web/revision/download/9356?type=amendment
Chronological list by year,1971,No. 1 of 1971,Municipal Corporations Ordinances (Amendment),amendment,63775,https://laws.gov.tt/ttdll-web/revision/download/63775?type=amendment
Chronological list by year,1970,No. 55 of 1970,Old Age Pensions (Amendment),amendment,31703,https://laws.gov.tt/ttdll-web/revision/download/31703?type=amendment
Chronological list by year,1970,No. 54 of 1970,Sugar Industry Special Funds (Amendment),amendment,33190,https://laws.gov.tt/ttdll-web/revision/download/33190?type=amendment
Chronological list by year,1970,No. 53 of 1970,Coroners (Amendment),amendment,6271,https://laws.gov.tt/ttdll-web/revision/download/6271?type=amendment
Chronological list by year,1970,No. 52 of 1970,Guarantee of Loans (Companies) (Amendment),amendment,4643,https://laws.gov.tt/ttdll-web/revision/download/4643?type=amendment
Chronological list by year,1970,No. 51 of 1970,Appropriation,amendment,73539,https://laws.gov.tt/ttdll-web/revision/download/73539?type=amendment
Chronological list by year,1970,No. 50 of 1970,National Lotteries (Commencement and Indemnity),amendment,18722,https://laws.gov.tt/ttdll-web/revision/download/18722?type=amendment
Chronological list by year,1970,No. 49 of 1970,Customs Brokers and Customs Clerks',amendment,73569,https://laws.gov.tt/ttdll-web/revision/download/73569?type=amendment
Chronological list by year,1970,No. 48 of 1970,Supplementary Appropriation (No. 2),amendment,63789,https://laws.gov.tt/ttdll-web/revision/download/63789?type=amendment
Chronological list by year,1970,No. 47 of 1970,Finance (Variation of Appropriation) (No. 3),amendment,63787,https://laws.gov.tt/ttdll-web/revision/download/63787?type=amendment
Chronological list by year,1970,No. 46 of 1970,National Insurance (Registration),amendment,63785,https://laws.gov.tt/ttdll-web/revision/download/63785?type=amendment
Chronological list by year,1970,No. 45 of 1970,Pedro Berment (Qualification for Retirement Benefits),amendment,63783,https://laws.gov.tt/ttdll-web/revision/download/63783?type=amendment
Chronological list by year,1970,No. 44 of 1970,Firearms,amendment,63797,https://laws.gov.tt/ttdll-web/revision/download/63797?type=amendment
Chronological list by year,1970,No. 43 of 1970,Stri Sevak Sabha (Incorporation),amendment,63795,https://laws.gov.tt/ttdll-web/revision/download/63795?type=amendment
Chronological list by year,1970,No. 42 of 1970,Income Tax in Aid of Industry (Amendment),amendment,12914,https://laws.gov.tt/ttdll-web/revision/download/12914?type=amendment
Chronological list by year,1970,No. 41 of 1970,Sugar Industry Labour Welfare Committee (Incorporation) (Amendment),amendment,33126,https://laws.gov.tt/ttdll-web/revision/download/33126?type=amendment
Chronological list by year,1970,No. 40 of 1970,Sugar Industry Enactments (Miscellaneous Amendments),amendment,33186,https://laws.gov.tt/ttdll-web/revision/download/33186?type=amendment
Chronological list by year,1970,No. 39 of 1970,Industrial Development Corporation (Amendment),amendment,63793,https://laws.gov.tt/ttdll-web/revision/download/63793?type=amendment
Chronological list by year,1970,No. 38 of 1970,Defence (Amendment) (No. 2),amendment,8507,https://laws.gov.tt/ttdll-web/revision/download/8507?type=amendment
Chronological list by year,1970,No. 37 of 1970,Supplementary Appropriation,amendment,73567,https://laws.gov.tt/ttdll-web/revision/download/73567?type=amendment
Chronological list by year,1970,No. 36 of 1970,Finance (Variation of Appropriation) (No. 2),amendment,73565,https://laws.gov.tt/ttdll-web/revision/download/73565?type=amendment
Chronological list by year,1970,No. 35 of 1970,Defence (Amendment),amendment,8505,https://laws.gov.tt/ttdll-web/revision/download/8505?type=amendment
Chronological list by year,1970,No. 34 of 1970,Incorporated Trustees of Saint John's Baptist Church,amendment,63791,https://laws.gov.tt/ttdll-web/revision/download/63791?type=amendment
Chronological list by year,1970,No. 33 of 1970,Institute of Chartered Accountants of Trinidad and Tobago (Incorporation),amendment,63805,https://laws.gov.tt/ttdll-web/revision/download/63805?type=amendment
Chronological list by year,1970,No. 32 of 1970,Junior Chamber of Trinidad and Tobago (Incorporation),amendment,63803,https://laws.gov.tt/ttdll-web/revision/download/63803?type=amendment
Chronological list by year,1970,No. 31 of 1970,Cocoa Industry (Rehabilitation) Ordinance (Repeal),amendment,73563,https://laws.gov.tt/ttdll-web/revision/download/73563?type=amendment
Chronological list by year,1970,No. 30 of 1970,Widows' and Orphans' Pension (Lutchmansingh and Norville),amendment,63801,https://laws.gov.tt/ttdll-web/revision/download/63801?type=amendment
Chronological list by year,1970,No. 29 of 1970,Pentecostal United Holy Church of Trinidad and Tobago (Incorporation),amendment,63799,https://laws.gov.tt/ttdll-web/revision/download/63799?type=amendment
Chronological list by year,1970,No. 28 of 1970,Independent Baptist Mission Union of Trinidad and Tobago (Incorporation),amendment,63811,https://laws.gov.tt/ttdll-web/revision/download/63811?type=amendment
Chronological list by year,1970,No. 27 of 1970,Soroptimist Club of San Fernando (Incorporation),amendment,73561,https://laws.gov.tt/ttdll-web/revision/download/73561?type=amendment
Chronological list by year,1970,No. 26 of 1970,African Methodist Episcopal Church (Incorporation),amendment,63813,https://laws.gov.tt/ttdll-web/revision/download/63813?type=amendment
Chronological list by year,1970,No. 25 of 1970,Banking (Amendment),amendment,63807,https://laws.gov.tt/ttdll-web/revision/download/63807?type=amendment
Chronological list by year,1970,No. 24 of 1970,Exchange Control,amendment,63809,https://laws.gov.tt/ttdll-web/revision/download/63809?type=amendment
Chronological list by year,1970,No. 23 of 1970,Finance (Variation of Appropriation),amendment,63819,https://laws.gov.tt/ttdll-web/revision/download/63819?type=amendment
Chronological list by year,1970,No. 22 of 1970,Nurses and Midwives Registration (Amendment),amendment,18946,https://laws.gov.tt/ttdll-web/revision/download/18946?type=amendment
Chronological list by year,1970,No. 21 of 1970,Gwendoline Crawford (Gratuity),amendment,63821,https://laws.gov.tt/ttdll-web/revision/download/63821?type=amendment
Chronological list by year,1970,No. 20 of 1970,William Henry Carter (Service for pension purposes),amendment,63815,https://laws.gov.tt/ttdll-web/revision/download/63815?type=amendment
Chronological list by year,1970,No. 19 of 1970,Praedial Larceny Prevention (Amendment),amendment,26855,https://laws.gov.tt/ttdll-web/revision/download/26855?type=amendment
Chronological list by year,1970,No. 18 of 1970,Summary Offences (Amendment),amendment,35525,https://laws.gov.tt/ttdll-web/revision/download/35525?type=amendment
Chronological list by year,1970,No. 17 of 1970,Cremation (Amendment),amendment,6394,https://laws.gov.tt/ttdll-web/revision/download/6394?type=amendment
Chronological list by year,1970,No. 16 of 1970,Unemployment Levy,amendment,63817,https://laws.gov.tt/ttdll-web/revision/download/63817?type=amendment
Chronological list by year,1970,No. 15 of 1970,Trinidad and Tobago Constitution (Amendment),amendment,63827,https://laws.gov.tt/ttdll-web/revision/download/63827?type=amendment
Chronological list by year,1970,No. 14 of 1970,Municipal Corporations Ordinances (Amendment),amendment,63829,https://laws.gov.tt/ttdll-web/revision/download/63829?type=amendment
Chronological list by year,1970,No. 13 of 1970,Emergency Powers,amendment,63823,https://laws.gov.tt/ttdll-web/revision/download/63823?type=amendment
Chronological list by year,1970,No. 11 of 1970,Chest and Heart Association of Trinidad and Tobago (Incorporation),amendment,63835,https://laws.gov.tt/ttdll-web/revision/download/63835?type=amendment
Chronological list by year,1970,No. 10 of 1970,Local Spiritual Assembly of Bahai's of Port-of-Spain (Incorporation),amendment,63837,https://laws.gov.tt/ttdll-web/revision/download/63837?type=amendment
Chronological list by year,1970,No. 9 of 1970,Alexander Holder (Special Gratuity and Pension),amendment,73559,https://laws.gov.tt/ttdll-web/revision/download/73559?type=amendment
Chronological list by year,1970,No. 8 of 1970,Criminal Procedure (Amendment),amendment,4829,https://laws.gov.tt/ttdll-web/revision/download/4829?type=amendment
Chronological list by year,1970,No. 7 of 1970,Matilda Simmons (Special Gratuity and Pension),amendment,63831,https://laws.gov.tt/ttdll-web/revision/download/63831?type=amendment
Chronological list by year,1970,No. 6 of 1970,Education (Amendment),amendment,8688,https://laws.gov.tt/ttdll-web/revision/download/8688?type=amendment
Chronological list by year,1970,No. 5 of 1970,Finance,amendment,12912,https://laws.gov.tt/ttdll-web/revision/download/12912?type=amendment
Chronological list by year,1970,No. 4 of 1970,Petroleum (Amendment),amendment,23238,https://laws.gov.tt/ttdll-web/revision/download/23238?type=amendment
Chronological list by year,1970,No. 3 of 1970,Highways,amendment,44452,https://laws.gov.tt/ttdll-web/revision/download/44452?type=amendment
Chronological list by year,1970,No. 2 of 1970,James White (Special Gratuity),amendment,13245,https://laws.gov.tt/ttdll-web/revision/download/13245?type=amendment
Chronological list by year,1970,No. 1 of 1970,Marine Areas (Preservation and Enhancement),amendment,73557,https://laws.gov.tt/ttdll-web/revision/download/73557?type=amendment
Chronological list by year,1969,No. 46 of 1969,Petroleum,amendment,26484,https://laws.gov.tt/ttdll-web/revision/download/26484?type=amendment
Chronological list by year,1969,No. 45 of 1969,Stamp Duty (Amendment),amendment,35088,https://laws.gov.tt/ttdll-web/revision/download/35088?type=amendment
Chronological list by year,1969,No. 44 of 1969,Georges and Harper (Gratuity and Pensions),amendment,63833,https://laws.gov.tt/ttdll-web/revision/download/63833?type=amendment
Chronological list by year,1969,No. 43 of 1969,Continental Shelf,amendment,26901,https://laws.gov.tt/ttdll-web/revision/download/26901?type=amendment
Chronological list by year,1969,No. 42 of 1969,Finance (Variation of Appropriation) (No. 3),amendment,73555,https://laws.gov.tt/ttdll-web/revision/download/73555?type=amendment
Chronological list by year,1969,No. 41 of 1969,Immigration,amendment,73901,https://laws.gov.tt/ttdll-web/revision/download/73901?type=amendment
Chronological list by year,1969,No. 40 of 1969,Appropriation,amendment,63977,https://laws.gov.tt/ttdll-web/revision/download/63977?type=amendment
Chronological list by year,1969,No. 39 of 1969,Caribbean Development bank,amendment,2879,https://laws.gov.tt/ttdll-web/revision/download/2879?type=amendment
Chronological list by year,1969,No. 38 of 1969,Territorial Sea,amendment,14078,https://laws.gov.tt/ttdll-web/revision/download/14078?type=amendment
Chronological list by year,1969,No. 37 of 1969,Law Commission,amendment,73899,https://laws.gov.tt/ttdll-web/revision/download/73899?type=amendment
Chronological list by year,1969,No. 36 of 1969,Revised Statutes,amendment,63975,https://laws.gov.tt/ttdll-web/revision/download/63975?type=amendment
Chronological list by year,1969,No. 35 of 1969,Finance (Variation of Appropriation) (No. 2),amendment,63981,https://laws.gov.tt/ttdll-web/revision/download/63981?type=amendment
Chronological list by year,1969,No. 34 of 1969,Board of Trustees of St. Anthony's College (Incorporation),amendment,63979,https://laws.gov.tt/ttdll-web/revision/download/63979?type=amendment
Chronological list by year,1969,No. 33 of 1969,National Petroleum Company,amendment,63969,https://laws.gov.tt/ttdll-web/revision/download/63969?type=amendment
Chronological list by year,1969,No. 32 of 1969,Finance (No. 2),amendment,5335,https://laws.gov.tt/ttdll-web/revision/download/5335?type=amendment
Chronological list by year,1969,No. 31 of 1969,Factories (Amendment),amendment,63967,https://laws.gov.tt/ttdll-web/revision/download/63967?type=amendment
Chronological list by year,1969,No. 30 of 1969,Christadelphian Bible Mission (Trinidad and Tobago) (Incorporation),amendment,73897,https://laws.gov.tt/ttdll-web/revision/download/73897?type=amendment
Chronological list by year,1969,No. 29 of 1969,Trinidad and Tobago Law Society (Incorporation),amendment,63973,https://laws.gov.tt/ttdll-web/revision/download/63973?type=amendment
Chronological list by year,1969,No. 28 of 1969,Association of Jehovah's Witnesses of Trinidad and Tobago (Incorporation),amendment,63971,https://laws.gov.tt/ttdll-web/revision/download/63971?type=amendment
Chronological list by year,1969,No. 27 of 1969,Finance (Variation of Appropriation),amendment,63993,https://laws.gov.tt/ttdll-web/revision/download/63993?type=amendment
Chronological list by year,1969,No. 26 of 1969,International Financial Organisations (Amendment),amendment,13905,https://laws.gov.tt/ttdll-web/revision/download/13905?type=amendment
Chronological list by year,1969,No. 25 of 1969,Central Bank (Amendment),amendment,3217,https://laws.gov.tt/ttdll-web/revision/download/3217?type=amendment
Chronological list by year,1969,No. 24 of 1969,Retiring Allowances (Legislative Service),amendment,63991,https://laws.gov.tt/ttdll-web/revision/download/63991?type=amendment
Chronological list by year,1969,No. 23 of 1969,Prime Minister's Pensions,amendment,63997,https://laws.gov.tt/ttdll-web/revision/download/63997?type=amendment
Chronological list by year,1969,No. 22 of 1969,Sylvester Placide Barnes (Pension and Gratuity),amendment,63995,https://laws.gov.tt/ttdll-web/revision/download/63995?type=amendment
Chronological list by year,1969,No. 21 of 1969,Guarantee of Loans (Companies),amendment,63985,https://laws.gov.tt/ttdll-web/revision/download/63985?type=amendment
Chronological list by year,1969,No. 20 of 1969,Queen's Hall,amendment,63983,https://laws.gov.tt/ttdll-web/revision/download/63983?type=amendment
Chronological list by year,1969,No. 19 of 1969,Naparima Bowl,amendment,63989,https://laws.gov.tt/ttdll-web/revision/download/63989?type=amendment
Chronological list by year,1969,No. 18 of 1969,Valuation of Land,amendment,63987,https://laws.gov.tt/ttdll-web/revision/download/63987?type=amendment
Chronological list by year,1969,No. 17 of 1969,Trinidad and Tobago Association for Mental Health (Incorporation),amendment,64007,https://laws.gov.tt/ttdll-web/revision/download/64007?type=amendment
Chronological list by year,1969,No. 16 of 1969,Insurance (Amendment),amendment,64009,https://laws.gov.tt/ttdll-web/revision/download/64009?type=amendment
Chronological list by year,1969,No. 15 of 1969,Finance (Variation of Appropriation),amendment,64011,https://laws.gov.tt/ttdll-web/revision/download/64011?type=amendment
Chronological list by year,1969,No. 14 of 1969,Developmental Loans (Amendment),amendment,5073,https://laws.gov.tt/ttdll-web/revision/download/5073?type=amendment
Chronological list by year,1969,No. 13 of 1969,Income Tax (Amendment),amendment,5333,https://laws.gov.tt/ttdll-web/revision/download/5333?type=amendment
Chronological list by year,1969,No. 12 of 1969,Housing (Amendment),amendment,14644,https://laws.gov.tt/ttdll-web/revision/download/14644?type=amendment
Chronological list by year,1969,No. 11 of 1969,Aliens (Landholding) (Amendment),amendment,73895,https://laws.gov.tt/ttdll-web/revision/download/73895?type=amendment
Chronological list by year,1969,No. 10 of 1969,Customs (Amendment),amendment,9354,https://laws.gov.tt/ttdll-web/revision/download/9354?type=amendment
Chronological list by year,1969,No. 9 of 1969,Statutory Authorities (Constitution and Membership),amendment,28636,https://laws.gov.tt/ttdll-web/revision/download/28636?type=amendment
Chronological list by year,1969,No. 8 of 1969,Public Health (Amendment),amendment,64013,https://laws.gov.tt/ttdll-web/revision/download/64013?type=amendment
Chronological list by year,1969,No. 7 of 1969,Citizenship (Amendment),amendment,63999,https://laws.gov.tt/ttdll-web/revision/download/63999?type=amendment
Chronological list by year,1969,No. 6 of 1969,John Williams (Gratuity),amendment,64001,https://laws.gov.tt/ttdll-web/revision/download/64001?type=amendment
Chronological list by year,1969,No. 5 of 1969,Finance,amendment,11969,https://laws.gov.tt/ttdll-web/revision/download/11969?type=amendment
Chronological list by year,1969,No. 4 of 1969,Rent Restriction (Amendment),amendment,64003,https://laws.gov.tt/ttdll-web/revision/download/64003?type=amendment
Chronological list by year,1969,No. 3 of 1969,Motor Vehicles and Road Traffic (Amendment),amendment,21565,https://laws.gov.tt/ttdll-web/revision/download/21565?type=amendment
Chronological list by year,1969,No. 2 of 1969,Sulphonamide Drugs (Repeal),amendment,64005,https://laws.gov.tt/ttdll-web/revision/download/64005?type=amendment
Chronological list by year,1969,No. 1 of 1969,Estate and Succession Duties (Amendment),amendment,64023,https://laws.gov.tt/ttdll-web/revision/download/64023?type=amendment
Chronological list by year,1968,No. 40 of 1968,Appropriation,amendment,64025,https://laws.gov.tt/ttdll-web/revision/download/64025?type=amendment
Chronological list by year,1968,No. 39 of 1968,Food and Drugs (Amendment),amendment,21866,https://laws.gov.tt/ttdll-web/revision/download/21866?type=amendment
Chronological list by year,1968,No. 38 of 1968,Constitution Prescribed Matters (Amendment),amendment,6820,https://laws.gov.tt/ttdll-web/revision/download/6820?type=amendment
Chronological list by year,1968,No. 37 of 1968,Pensions (Amendment) (No. 2),amendment,25541,https://laws.gov.tt/ttdll-web/revision/download/25541?type=amendment
Chronological list by year,1968,No. 36 of 1968,Finance (Variation of Appropriation) (No. 4),amendment,64027,https://laws.gov.tt/ttdll-web/revision/download/64027?type=amendment
Chronological list by year,1968,No. 35 of 1968,Finance (Variation of Appropriation) (No. 3),amendment,64029,https://laws.gov.tt/ttdll-web/revision/download/64029?type=amendment
Chronological list by year,1968,No. 34 of 1968,Divine Army of the New Creation Church (Incorporation),amendment,64015,https://laws.gov.tt/ttdll-web/revision/download/64015?type=amendment
Chronological list by year,1968,No. 33 of 1968,Society for the Propagation of Eternal Knowledge (Incorporation),amendment,64017,https://laws.gov.tt/ttdll-web/revision/download/64017?type=amendment
Chronological list by year,1968,No. 32 of 1968,Hunters Association of Trinidad and Tobago (Incorporation),amendment,64019,https://laws.gov.tt/ttdll-web/revision/download/64019?type=amendment
Chronological list by year,1968,No. 31 of 1968,Port-of-Spain Corporation (Amendment),amendment,64021,https://laws.gov.tt/ttdll-web/revision/download/64021?type=amendment
Chronological list by year,1968,No. 30 of 1968,Commonwealth Secretariat (Privileges and immunities),amendment,63917,https://laws.gov.tt/ttdll-web/revision/download/63917?type=amendment
Chronological list by year,1968,No. 29 of 1968,Supreme Court of Judicature (Amendment),amendment,30105,https://laws.gov.tt/ttdll-web/revision/download/30105?type=amendment
Chronological list by year,1968,No. 28 of 1968,Private Hospitals (Amendment),amendment,63915,https://laws.gov.tt/ttdll-web/revision/download/63915?type=amendment
Chronological list by year,1968,No. 27 of 1968,Grenada Payment of Currency Profits,amendment,63913,https://laws.gov.tt/ttdll-web/revision/download/63913?type=amendment
Chronological list by year,1968,No. 26 of 1968,Finance (Variation of Appropriation) (No. 2),amendment,63911,https://laws.gov.tt/ttdll-web/revision/download/63911?type=amendment
Chronological list by year,1968,No. 25 of 1968,Trinidad and Tobago Constitution (Amendment),amendment,8710,https://laws.gov.tt/ttdll-web/revision/download/8710?type=amendment
Chronological list by year,1968,No. 24 of 1968,Cocoa and Coffee Industry (Amendment),amendment,3157,https://laws.gov.tt/ttdll-web/revision/download/3157?type=amendment
Chronological list by year,1968,No. 23 of 1968,Investment Disputes Awards (Enforcement),amendment,63909,https://laws.gov.tt/ttdll-web/revision/download/63909?type=amendment
Chronological list by year,1968,No. 22 of 1968,National Lotteries,amendment,63907,https://laws.gov.tt/ttdll-web/revision/download/63907?type=amendment
Chronological list by year,1968,No. 21 of 1968,Trade (Amendment),amendment,63905,https://laws.gov.tt/ttdll-web/revision/download/63905?type=amendment
Chronological list by year,1968,No. 20 of 1968,Irving Charles (Contract Gratuity),amendment,63903,https://laws.gov.tt/ttdll-web/revision/download/63903?type=amendment
Chronological list by year,1968,No. 19 of 1968,Trinidad and Tobago Petroleum Dealers Association (Incorporation),amendment,63933,https://laws.gov.tt/ttdll-web/revision/download/63933?type=amendment
Chronological list by year,1968,No. 18 of 1968,Lands and Buildings Taxes (Amendment),amendment,17921,https://laws.gov.tt/ttdll-web/revision/download/17921?type=amendment
Chronological list by year,1968,No. 17 of 1968,Guarantee of Loans (Statutory Authorities),amendment,63931,https://laws.gov.tt/ttdll-web/revision/download/63931?type=amendment
Chronological list by year,1968,No. 16 of 1968,"Jeremiah Smith (Pension, Gratuity and Compensation for Loss of Office)",amendment,63929,https://laws.gov.tt/ttdll-web/revision/download/63929?type=amendment
Chronological list by year,1968,No. 15 of 1968,Motor Vehicles and Road Traffic (Amendment),amendment,21563,https://laws.gov.tt/ttdll-web/revision/download/21563?type=amendment
Chronological list by year,1968,No. 14 of 1968,Finance (Corporation Tax Acts),amendment,5205,https://laws.gov.tt/ttdll-web/revision/download/5205?type=amendment
Chronological list by year,1968,No. 13 of 1968,Income Tax (Amendment),amendment,11967,https://laws.gov.tt/ttdll-web/revision/download/11967?type=amendment
Chronological list by year,1968,No. 12 of 1968,Customs (Amendment),amendment,9352,https://laws.gov.tt/ttdll-web/revision/download/9352?type=amendment
Chronological list by year,1968,No. 11 of 1968,Finance (Variation of Appropriation),amendment,63927,https://laws.gov.tt/ttdll-web/revision/download/63927?type=amendment
Chronological list by year,1968,No. 10 of 1968,Fire Service (Amendment),amendment,11430,https://laws.gov.tt/ttdll-web/revision/download/11430?type=amendment
Chronological list by year,1968,No. 9 of 1968,Pensions (Amendment),amendment,25535,https://laws.gov.tt/ttdll-web/revision/download/25535?type=amendment
Chronological list by year,1968,No. 8 of 1968,Bakarr (Widows' and Orphans' Benefits),amendment,63925,https://laws.gov.tt/ttdll-web/revision/download/63925?type=amendment
Chronological list by year,1968,No. 7 of 1968,Trinidad and Tobago Telephone,amendment,63923,https://laws.gov.tt/ttdll-web/revision/download/63923?type=amendment
Chronological list by year,1968,No. 6 of 1968,Civil Service (Amendment),amendment,2787,https://laws.gov.tt/ttdll-web/revision/download/2787?type=amendment
Chronological list by year,1968,No. 5 of 1968,Opticians (Registration) (Amendment),amendment,27501,https://laws.gov.tt/ttdll-web/revision/download/27501?type=amendment
Chronological list by year,1968,No. 4 of 1968,Appropriation,amendment,63921,https://laws.gov.tt/ttdll-web/revision/download/63921?type=amendment
Chronological list by year,1968,No. 3 of 1968,Agricultural Development Bank,amendment,63919,https://laws.gov.tt/ttdll-web/revision/download/63919?type=amendment
Chronological list by year,1968,No. 2 of 1968,Income Tax (Amendment),amendment,11965,https://laws.gov.tt/ttdll-web/revision/download/11965?type=amendment
Chronological list by year,1968,No. 1 of 1968,Finance (Amendment),amendment,20861,https://laws.gov.tt/ttdll-web/revision/download/20861?type=amendment
Chronological list by year,1967,No. 42 of 1967,Spirits and Spirit Compounds (Amendment),amendment,31901,https://laws.gov.tt/ttdll-web/revision/download/31901?type=amendment
Chronological list by year,1967,No. 41 of 1967,Representation of the People,amendment,29680,https://laws.gov.tt/ttdll-web/revision/download/29680?type=amendment
Chronological list by year,1967,No. 40 of 1967,Finance (Variation of Appropriation) (No. 3),amendment,63947,https://laws.gov.tt/ttdll-web/revision/download/63947?type=amendment
Chronological list by year,1967,No. 39 of 1967,Tyre Manufacturing Industry Development,amendment,3175,https://laws.gov.tt/ttdll-web/revision/download/3175?type=amendment
Chronological list by year,1967,No. 38 of 1967,Special Reserve Police (Amendment),amendment,31070,https://laws.gov.tt/ttdll-web/revision/download/31070?type=amendment
Chronological list by year,1967,No. 37 of 1967,International Financial Organisations (Amendment),amendment,13903,https://laws.gov.tt/ttdll-web/revision/download/13903?type=amendment
Chronological list by year,1967,No. 36 of 1967,Motor Vehicles and Road Traffic (Amendment),amendment,21561,https://laws.gov.tt/ttdll-web/revision/download/21561?type=amendment
Chronological list by year,1967,No. 35 of 1967,Pensions (Extension) (Amendment) (No. 2),amendment,73893,https://laws.gov.tt/ttdll-web/revision/download/73893?type=amendment
Chronological list by year,1967,No. 34 of 1967,Finance (Variation of Appropriation) (No. 2),amendment,63949,https://laws.gov.tt/ttdll-web/revision/download/63949?type=amendment
Chronological list by year,1967,No. 33 of 1967,Second Supplementary Appropriation,amendment,63943,https://laws.gov.tt/ttdll-web/revision/download/63943?type=amendment
Chronological list by year,1967,No. 32 of 1967,National Development (Inter-American Development Bank) Loans,amendment,73891,https://laws.gov.tt/ttdll-web/revision/download/73891?type=amendment
Chronological list by year,1967,No. 31 of 1967,External Loans,amendment,63945,https://laws.gov.tt/ttdll-web/revision/download/63945?type=amendment
Chronological list by year,1967,No. 30 of 1967,Central Bank (Amendment),amendment,63939,https://laws.gov.tt/ttdll-web/revision/download/63939?type=amendment
Chronological list by year,1967,No. 29 of 1967,Supplemental Police (Amendment),amendment,34996,https://laws.gov.tt/ttdll-web/revision/download/34996?type=amendment
Chronological list by year,1967,No. 28 of 1967,Insurance (Amendment) (No. 2),amendment,11963,https://laws.gov.tt/ttdll-web/revision/download/11963?type=amendment
Chronological list by year,1967,No. 27 of 1967,Cheshire Foundation Homes for the Sick (Trinidad and Tobago) (Incorporation),amendment,63941,https://laws.gov.tt/ttdll-web/revision/download/63941?type=amendment
Chronological list by year,1967,No. 26 of 1967,Moravian Church (Incorporation),amendment,63935,https://laws.gov.tt/ttdll-web/revision/download/63935?type=amendment
Chronological list by year,1967,No. 25 of 1967,Trinidad and Tobago Motor Racing Club (Incorporation),amendment,73889,https://laws.gov.tt/ttdll-web/revision/download/73889?type=amendment
Chronological list by year,1967,No. 24 of 1967,Church of Our Lord Jesus Christ of the Apostolic Faith of Trinidad and Tobago (Incorporation),amendment,63937,https://laws.gov.tt/ttdll-web/revision/download/63937?type=amendment
Chronological list by year,1967,No. 23 of 1967,Trustees of the International Pentecostal Assembly Churches (Incorporation),amendment,63963,https://laws.gov.tt/ttdll-web/revision/download/63963?type=amendment
Chronological list by year,1967,No. 22 of 1967,County Councils,amendment,14074,https://laws.gov.tt/ttdll-web/revision/download/14074?type=amendment
Chronological list by year,1967,No. 21 of 1967,Municipal Corporations Ordinances (Amendment),amendment,63965,https://laws.gov.tt/ttdll-web/revision/download/63965?type=amendment
Chronological list by year,1967,No. 20 of 1967,Representation of the People (Amendment),amendment,29678,https://laws.gov.tt/ttdll-web/revision/download/29678?type=amendment
Chronological list by year,1967,No. 19 of 1967,Defence (Amendment),amendment,8503,https://laws.gov.tt/ttdll-web/revision/download/8503?type=amendment
Chronological list by year,1967,No. 18 of 1967,Elections and Boundaries Commission (Local Government),amendment,63959,https://laws.gov.tt/ttdll-web/revision/download/63959?type=amendment
Chronological list by year,1967,No. 17 of 1967,Finance (Variation of Appropriation),amendment,63961,https://laws.gov.tt/ttdll-web/revision/download/63961?type=amendment
Chronological list by year,1967,No. 16 of 1967,Hotel Proprietors,amendment,63955,https://laws.gov.tt/ttdll-web/revision/download/63955?type=amendment
Chronological list by year,1967,No. 15 of 1967,Government Employees (Gratuities and Pensions) (Amendment),amendment,73887,https://laws.gov.tt/ttdll-web/revision/download/73887?type=amendment
Chronological list by year,1967,No. 14 of 1967,National Emblems of Trinidad and Tobago (Regulation),amendment,63957,https://laws.gov.tt/ttdll-web/revision/download/63957?type=amendment
Chronological list by year,1967,No. 13 of 1967,International Financial Organisations (Inter-American Development Bank),amendment,63951,https://laws.gov.tt/ttdll-web/revision/download/63951?type=amendment
Chronological list by year,1967,No. 12 of 1967,Pensions Extension (Amendment),amendment,73917,https://laws.gov.tt/ttdll-web/revision/download/73917?type=amendment
Chronological list by year,1967,No. 11 of 1967,Industrial Stabilisation (Amendment) (No. 2),amendment,63953,https://laws.gov.tt/ttdll-web/revision/download/63953?type=amendment
Chronological list by year,1967,No. 10 of 1967,Defence Area (Released Areas),amendment,63599,https://laws.gov.tt/ttdll-web/revision/download/63599?type=amendment
Chronological list by year,1967,No. 9 of 1967,Insurance (Amendment),amendment,63601,https://laws.gov.tt/ttdll-web/revision/download/63601?type=amendment
Chronological list by year,1967,No. 8 of 1967,Finance (Amendment),amendment,11937,https://laws.gov.tt/ttdll-web/revision/download/11937?type=amendment
Chronological list by year,1967,No. 7 of 1967,Supplementary Appropriation,amendment,63603,https://laws.gov.tt/ttdll-web/revision/download/63603?type=amendment
Chronological list by year,1967,No. 6 of 1967,Industrial Stabilisation (Amendment),amendment,63605,https://laws.gov.tt/ttdll-web/revision/download/63605?type=amendment
Chronological list by year,1967,No. 5 of 1967,1961 Supplementary Appropriation,amendment,63607,https://laws.gov.tt/ttdll-web/revision/download/63607?type=amendment
Chronological list by year,1967,No. 4 of 1967,1960 Supplementary Appropriation,amendment,63609,https://laws.gov.tt/ttdll-web/revision/download/63609?type=amendment
Chronological list by year,1967,No. 3 of 1967,Gambling and Betting (Amendment),amendment,13339,https://laws.gov.tt/ttdll-web/revision/download/13339?type=amendment
Chronological list by year,1967,No. 2 of 1967,National Development (International Bank for Reconstruction and Development) Loans,amendment,63611,https://laws.gov.tt/ttdll-web/revision/download/63611?type=amendment
Chronological list by year,1967,No. 1 of 1967,Appropriation,amendment,63613,https://laws.gov.tt/ttdll-web/revision/download/63613?type=amendment
Chronological list by year,1966,No. 42 of 1966,Income Tax (Amendment),amendment,11934,https://laws.gov.tt/ttdll-web/revision/download/11934?type=amendment
Chronological list by year,1966,No. 41 of 1966,Judgments Extensions (Amendment),amendment,15260,https://laws.gov.tt/ttdll-web/revision/download/15260?type=amendment
Chronological list by year,1966,No. 40 of 1966,Finance (Variation of Appropriation),amendment,73915,https://laws.gov.tt/ttdll-web/revision/download/73915?type=amendment
Chronological list by year,1966,No. 39 of 1966,Fisheries (Amendment),amendment,14168,https://laws.gov.tt/ttdll-web/revision/download/14168?type=amendment
Chronological list by year,1966,No. 38 of 1966,Teachers’ Pensions (Amendment),amendment,33831,https://laws.gov.tt/ttdll-web/revision/download/33831?type=amendment
Chronological list by year,1966,No. 37 of 1966,Finance (Variation of Appropriations),amendment,63583,https://laws.gov.tt/ttdll-web/revision/download/63583?type=amendment
Chronological list by year,1966,No. 36 of 1966,Constitution (Prescribed Matters),amendment,63585,https://laws.gov.tt/ttdll-web/revision/download/63585?type=amendment
Chronological list by year,1966,No. 35 of 1966,Cocoa Industry (Amendment),amendment,3155,https://laws.gov.tt/ttdll-web/revision/download/3155?type=amendment
Chronological list by year,1966,No. 34 of 1966,Copyright (Amendment),amendment,41833,https://laws.gov.tt/ttdll-web/revision/download/41833?type=amendment
Chronological list by year,1966,No. 33 of 1966,Provident Fund (Amendment),amendment,27374,https://laws.gov.tt/ttdll-web/revision/download/27374?type=amendment
Chronological list by year,1966,No. 32 of 1966,Alexander Holder (Special Gratuity and Pension),amendment,63587,https://laws.gov.tt/ttdll-web/revision/download/63587?type=amendment
Chronological list by year,1966,No. 31 of 1966,Alfonse Luces (Special Gratuity and Pension),amendment,63589,https://laws.gov.tt/ttdll-web/revision/download/63589?type=amendment
Chronological list by year,1966,No. 30 of 1966,Finance (Variation of Appropriation) (No. 2),amendment,63591,https://laws.gov.tt/ttdll-web/revision/download/63591?type=amendment
Chronological list by year,1966,No. 29 of 1966,"Finance—ss. 1–28 & 30–34, s.29, ss. 42-68",amendment,17899,https://laws.gov.tt/ttdll-web/revision/download/17899?type=amendment
Chronological list by year,1966,No. 28 of 1966,Port-of-Spain Chapter (AMORC) (Incorporation),amendment,73913,https://laws.gov.tt/ttdll-web/revision/download/73913?type=amendment
Chronological list by year,1966,No. 27 of 1966,Sisters of the Sorrowful Mother (Incorporation),amendment,73911,https://laws.gov.tt/ttdll-web/revision/download/73911?type=amendment
Chronological list by year,1966,No. 26 of 1966,Divine Life Society of Trinidad and Tobago (Incorporation),amendment,63593,https://laws.gov.tt/ttdll-web/revision/download/63593?type=amendment
Chronological list by year,1966,No. 25 of 1966,Taxi Operators Association of Trinidad and Tobago,amendment,63595,https://laws.gov.tt/ttdll-web/revision/download/63595?type=amendment
Chronological list by year,1966,No. 24 of 1966,Insurance,amendment,22886,https://laws.gov.tt/ttdll-web/revision/download/22886?type=amendment
Chronological list by year,1966,No. 23 of 1966,Vishva Hindu Parishad of Trinidad and Tobago (Incorporation),amendment,27988,https://laws.gov.tt/ttdll-web/revision/download/27988?type=amendment
Chronological list by year,1966,No. 22 of 1966,Independent Baptist Mission Churches (Incorporation),amendment,63597,https://laws.gov.tt/ttdll-web/revision/download/63597?type=amendment
Chronological list by year,1966,No. 21 of 1966,General Assembly of the Church of God in Trinidad and Tobago (Incorporation),amendment,63633,https://laws.gov.tt/ttdll-web/revision/download/63633?type=amendment
Chronological list by year,1966,No. 20 of 1966,Norwegian Seamen's Church (Incorporation),amendment,63631,https://laws.gov.tt/ttdll-web/revision/download/63631?type=amendment
Chronological list by year,1966,No. 19 of 1966,Colonial Air Navigation Order 1961 (Amendment),amendment,73909,https://laws.gov.tt/ttdll-web/revision/download/73909?type=amendment
Chronological list by year,1966,No. 18 of 1966,Central Marketing Agency,amendment,30241,https://laws.gov.tt/ttdll-web/revision/download/30241?type=amendment
Chronological list by year,1966,No. 17 of 1966,State Liability and Proceedings,amendment,25299,https://laws.gov.tt/ttdll-web/revision/download/25299?type=amendment
Chronological list by year,1966,No. 16 of 1966,Statutory Authorities,amendment,63635,https://laws.gov.tt/ttdll-web/revision/download/63635?type=amendment
Chronological list by year,1966,No. 15 of 1966,Public Utilities Commission,amendment,63641,https://laws.gov.tt/ttdll-web/revision/download/63641?type=amendment
Chronological list by year,1966,No. 14 of 1966,Sugar Industry Control Board,amendment,63639,https://laws.gov.tt/ttdll-web/revision/download/63639?type=amendment
Chronological list by year,1966,No. 13 of 1966,Asphalt Export Duty (Amendment),amendment,63645,https://laws.gov.tt/ttdll-web/revision/download/63645?type=amendment
Chronological list by year,1966,No. 12 of 1966,Finance (Variation of Appropriation),amendment,63643,https://laws.gov.tt/ttdll-web/revision/download/63643?type=amendment
Chronological list by year,1966,No. 11 of 1966,Specified Officers (Superannuation),amendment,73907,https://laws.gov.tt/ttdll-web/revision/download/73907?type=amendment
Chronological list by year,1966,No. 10 of 1966,Nurses and Midwives Registration (Amendment),amendment,18944,https://laws.gov.tt/ttdll-web/revision/download/18944?type=amendment
Chronological list by year,1966,No. 9 of 1966,Church of England in Trinidad and Tobago (Change of Name),amendment,63617,https://laws.gov.tt/ttdll-web/revision/download/63617?type=amendment
Chronological list by year,1966,No. 8 of 1966,Evangelical Church of the West Indies (Incorporation),amendment,63615,https://laws.gov.tt/ttdll-web/revision/download/63615?type=amendment
Chronological list by year,1966,No. 7 of 1966,Cedros Missionary Baptist Church (Incorporation),amendment,63621,https://laws.gov.tt/ttdll-web/revision/download/63621?type=amendment
Chronological list by year,1966,No. 6 of 1966,American Catholic Church (St. Augustine Parish) in Trinidad and Tobago,amendment,63619,https://laws.gov.tt/ttdll-web/revision/download/63619?type=amendment
Chronological list by year,1966,No. 5 of 1966,Special Injury Allowance (Geoffrey Wilson),amendment,63625,https://laws.gov.tt/ttdll-web/revision/download/63625?type=amendment
Chronological list by year,1966,No. 4 of 1966,Representation of the People (Amendment),amendment,29676,https://laws.gov.tt/ttdll-web/revision/download/29676?type=amendment
Chronological list by year,1966,No. 3 of 1966,Currency,amendment,63623,https://laws.gov.tt/ttdll-web/revision/download/63623?type=amendment
Chronological list by year,1966,No. 2 of 1966,Liquor Licences (Amendment),amendment,19581,https://laws.gov.tt/ttdll-web/revision/download/19581?type=amendment
Chronological list by year,1966,No. 1 of 1966,Education,amendment,73905,https://laws.gov.tt/ttdll-web/revision/download/73905?type=amendment
Chronological list by year,1965,No. 34 of 1965,Finance (Variation of Appropriation) (No. 2),amendment,73903,https://laws.gov.tt/ttdll-web/revision/download/73903?type=amendment
Chronological list by year,1965,No. 33 of 1965,Appropriation,amendment,63629,https://laws.gov.tt/ttdll-web/revision/download/63629?type=amendment
Chronological list by year,1965,No. 32 of 1965,Prison Service,amendment,63627,https://laws.gov.tt/ttdll-web/revision/download/63627?type=amendment
Chronological list by year,1965,No. 31 of 1965,Fire Service,amendment,35521,https://laws.gov.tt/ttdll-web/revision/download/35521?type=amendment
Chronological list by year,1965,No. 30 of 1965,Police Service,amendment,63539,https://laws.gov.tt/ttdll-web/revision/download/63539?type=amendment
Chronological list by year,1965,No. 29 of 1965,Civil Service,amendment,63541,https://laws.gov.tt/ttdll-web/revision/download/63541?type=amendment
Chronological list by year,1965,No. 28 of 1965,Second Supplementary Appropriation,amendment,63535,https://laws.gov.tt/ttdll-web/revision/download/63535?type=amendment
Chronological list by year,1965,No. 27 of 1965,Finance (Variation of Appropriation),amendment,63537,https://laws.gov.tt/ttdll-web/revision/download/63537?type=amendment
Chronological list by year,1965,No. 26 of 1965,Pentecostal Assemblies of the West Indies (Incorporation),amendment,63547,https://laws.gov.tt/ttdll-web/revision/download/63547?type=amendment
Chronological list by year,1965,No. 25 of 1965,Advisory Board of Unity of Trinidad and Tobago (Incorporation),amendment,73931,https://laws.gov.tt/ttdll-web/revision/download/73931?type=amendment
Chronological list by year,1965,No. 24 of 1965,Unity Faith Healing Church (Incorporation),amendment,63549,https://laws.gov.tt/ttdll-web/revision/download/63549?type=amendment
Chronological list by year,1965,No. 23 of 1965,Privileges and Immunities (Diplomatic Consular and International Organisations),amendment,73933,https://laws.gov.tt/ttdll-web/revision/download/73933?type=amendment
Chronological list by year,1965,No. 22 of 1965,Trinidad and Tobago Constitution (Amendment),amendment,63543,https://laws.gov.tt/ttdll-web/revision/download/63543?type=amendment
Chronological list by year,1965,No. 21 of 1965,Widows' and Orphans' Pensions (Amendment),amendment,63545,https://laws.gov.tt/ttdll-web/revision/download/63545?type=amendment
Chronological list by year,1965,No. 20 of 1965,Agricultural Fires,amendment,63523,https://laws.gov.tt/ttdll-web/revision/download/63523?type=amendment
Chronological list by year,1965,No. 19 of 1965,Summary Courts (Amendment),amendment,63525,https://laws.gov.tt/ttdll-web/revision/download/63525?type=amendment
Chronological list by year,1965,No. 18 of 1965,Central Tenders Board (Amendment),amendment,3547,https://laws.gov.tt/ttdll-web/revision/download/3547?type=amendment
Chronological list by year,1965,No. 17 of 1965,Development Loans (Amendment),amendment,5071,https://laws.gov.tt/ttdll-web/revision/download/5071?type=amendment
Chronological list by year,1965,No. 16 of 1965,Water and Sewerage Authority,amendment,31284,https://laws.gov.tt/ttdll-web/revision/download/31284?type=amendment
Chronological list by year,1965,No. 15 of 1965,Widows' and Orphans' Pensions (James Valdez),amendment,63519,https://laws.gov.tt/ttdll-web/revision/download/63519?type=amendment
Chronological list by year,1965,No. 14 of 1965,Gratuities and Pensions (Specified Members of the Former Legislative Council),amendment,63521,https://laws.gov.tt/ttdll-web/revision/download/63521?type=amendment
Chronological list by year,1965,No. 13 of 1965,Municipal Corporations (Pensions) (Amendment),amendment,22965,https://laws.gov.tt/ttdll-web/revision/download/22965?type=amendment
Chronological list by year,1965,No. 12 of 1965,Supplementary Appropriation,amendment,63531,https://laws.gov.tt/ttdll-web/revision/download/63531?type=amendment
Chronological list by year,1965,No. 11 of 1965,Public Transport Service,amendment,21559,https://laws.gov.tt/ttdll-web/revision/download/21559?type=amendment
Chronological list by year,1965,No. 10 of 1965,Airports,amendment,63533,https://laws.gov.tt/ttdll-web/revision/download/63533?type=amendment
Chronological list by year,1965,No. 9 of 1965,International Financial Organisations (Amendment),amendment,13901,https://laws.gov.tt/ttdll-web/revision/download/13901?type=amendment
Chronological list by year,1965,No. 8 of 1965,Industrial Stabilisation,amendment,63527,https://laws.gov.tt/ttdll-web/revision/download/63527?type=amendment
Chronological list by year,1965,No. 7 of 1965,Housing (Amendment),amendment,14638,https://laws.gov.tt/ttdll-web/revision/download/14638?type=amendment
Chronological list by year,1965,No. 6 of 1965,Post Office Savings Bank (Amendment),amendment,26759,https://laws.gov.tt/ttdll-web/revision/download/26759?type=amendment
Chronological list by year,1965,No. 5 of 1965,Government Savings Bonds (Amendment),amendment,10903,https://laws.gov.tt/ttdll-web/revision/download/10903?type=amendment
Chronological list by year,1965,No. 4 of 1965,Judges Salaries and Pensions,amendment,63529,https://laws.gov.tt/ttdll-web/revision/download/63529?type=amendment
Chronological list by year,1965,No. 3 of 1965,Currency,amendment,63573,https://laws.gov.tt/ttdll-web/revision/download/63573?type=amendment
Chronological list by year,1965,No. 2 of 1965,Appropriation,amendment,63571,https://laws.gov.tt/ttdll-web/revision/download/63571?type=amendment
Chronological list by year,1965,No. 1 of 1965,Cane Farmers Incorporation and Cess,amendment,63569,https://laws.gov.tt/ttdll-web/revision/download/63569?type=amendment
Chronological list by year,1964,No. 32 of 1964,Motor Omnibus Concessions (Acquisition of Undertakings),amendment,21545,https://laws.gov.tt/ttdll-web/revision/download/21545?type=amendment
Chronological list by year,1964,No. 31 of 1964,Teachers’ Pensions (Amendment),amendment,33829,https://laws.gov.tt/ttdll-web/revision/download/33829?type=amendment
Chronological list by year,1964,No. 30 of 1964,Widows' and Orphans' (Miscellaneous Officers),amendment,63567,https://laws.gov.tt/ttdll-web/revision/download/63567?type=amendment
Chronological list by year,1964,No. 29 of 1964,Friendly Societies (Amendment),amendment,13249,https://laws.gov.tt/ttdll-web/revision/download/13249?type=amendment
Chronological list by year,1964,No. 28 of 1964,Credit Union (Amendment),amendment,63581,https://laws.gov.tt/ttdll-web/revision/download/63581?type=amendment
Chronological list by year,1964,No. 27 of 1964,Droghers (Amendment),amendment,5304,https://laws.gov.tt/ttdll-web/revision/download/5304?type=amendment
Chronological list by year,1964,No. 26 of 1964,Banking,amendment,63579,https://laws.gov.tt/ttdll-web/revision/download/63579?type=amendment
Chronological list by year,1964,No. 25 of 1964,Expenditure in Advance of Appropriation,amendment,10607,https://laws.gov.tt/ttdll-web/revision/download/10607?type=amendment
Chronological list by year,1964,No. 24 of 1964,Fourth Supplementary Appropriation,amendment,63577,https://laws.gov.tt/ttdll-web/revision/download/63577?type=amendment
Chronological list by year,1964,No. 23 of 1964,Central Bank,amendment,63575,https://laws.gov.tt/ttdll-web/revision/download/63575?type=amendment
Chronological list by year,1964,No. 22 of 1964,Third Supplementary Appropriation,amendment,63557,https://laws.gov.tt/ttdll-web/revision/download/63557?type=amendment
Chronological list by year,1964,No. 21 of 1964,National Evangelical Spiritual Baptist Faith Archdiocese (Incorporation),amendment,63555,https://laws.gov.tt/ttdll-web/revision/download/63555?type=amendment
Chronological list by year,1964,No. 20 of 1964,Second Supplementary Appropriation,amendment,63553,https://laws.gov.tt/ttdll-web/revision/download/63553?type=amendment
Chronological list by year,1964,No. 19 of 1964,Development Loans,amendment,35084,https://laws.gov.tt/ttdll-web/revision/download/35084?type=amendment
Chronological list by year,1964,No. 18 of 1964,Municipal Corporations Ordinances (Miscellaneous Amendments),amendment,63551,https://laws.gov.tt/ttdll-web/revision/download/63551?type=amendment
Chronological list by year,1964,No. 17 of 1964,Leo Cruickshank (Gratuity and Pension),amendment,63565,https://laws.gov.tt/ttdll-web/revision/download/63565?type=amendment
Chronological list by year,1964,No. 16 of 1964,George Inniss (Pension and Gratuity),amendment,63563,https://laws.gov.tt/ttdll-web/revision/download/63563?type=amendment
Chronological list by year,1964,No. 15 of 1964,Governor-General's Emoluments,amendment,63561,https://laws.gov.tt/ttdll-web/revision/download/63561?type=amendment
Chronological list by year,1964,No. 14 of 1964,Supreme Court of Judicature (Amendment),amendment,35955,https://laws.gov.tt/ttdll-web/revision/download/35955?type=amendment
Chronological list by year,1964,No. 13 of 1964,Trinidad and Tobago Constitution (Amendment),amendment,63559,https://laws.gov.tt/ttdll-web/revision/download/63559?type=amendment
Chronological list by year,1964,No. 12 of 1964,Supplementary Appropriation,amendment,63735,https://laws.gov.tt/ttdll-web/revision/download/63735?type=amendment
Chronological list by year,1964,No. 11 of 1964,Old Age Pensions (Amendment),amendment,31697,https://laws.gov.tt/ttdll-web/revision/download/31697?type=amendment
Chronological list by year,1964,No. 10 of 1964,University Exemption,amendment,73927,https://laws.gov.tt/ttdll-web/revision/download/73927?type=amendment
Chronological list by year,1964,No. 9 of 1964,Cocoa Industry (Amendment),amendment,3150,https://laws.gov.tt/ttdll-web/revision/download/3150?type=amendment
Chronological list by year,1964,No. 8 of 1964,Port Authority (Amendment),amendment,26897,https://laws.gov.tt/ttdll-web/revision/download/26897?type=amendment
Chronological list by year,1964,No. 7 of 1964,Chaguaramas Agreement Special Fund,amendment,3733,https://laws.gov.tt/ttdll-web/revision/download/3733?type=amendment
Chronological list by year,1964,No. 6 of 1964,Independence Development Loans,amendment,63737,https://laws.gov.tt/ttdll-web/revision/download/63737?type=amendment
Chronological list by year,1964,No. 5 of 1964,Income Tax (Amendment),amendment,11930,https://laws.gov.tt/ttdll-web/revision/download/11930?type=amendment
Chronological list by year,1964,No. 4 of 1964,British West Indian Airways Limited (Guarantee of Loans),amendment,63739,https://laws.gov.tt/ttdll-web/revision/download/63739?type=amendment
Chronological list by year,1964,No. 3 of 1964,Petty Civil Courts (Amendment),amendment,24220,https://laws.gov.tt/ttdll-web/revision/download/24220?type=amendment
Chronological list by year,1964,No. 2 of 1964,Summary Ejectment (Amendment),amendment,63741,https://laws.gov.tt/ttdll-web/revision/download/63741?type=amendment
Chronological list by year,1964,No. 1 of 1964,Rent Restriction (Amendment),amendment,63727,https://laws.gov.tt/ttdll-web/revision/download/63727?type=amendment
Chronological list by year,1963,No. 34 of 1963,Third Supplementary Appropriation,amendment,63729,https://laws.gov.tt/ttdll-web/revision/download/63729?type=amendment
Chronological list by year,1963,No. 33 of 1963,Appropriation 1964,amendment,63731,https://laws.gov.tt/ttdll-web/revision/download/63731?type=amendment
Chronological list by year,1963,No. 32 of 1963,Government Employees (Gratuities and Pensions),amendment,63733,https://laws.gov.tt/ttdll-web/revision/download/63733?type=amendment
Chronological list by year,1963,No. 31 of 1963,Second Supplementary Appropriation,amendment,63719,https://laws.gov.tt/ttdll-web/revision/download/63719?type=amendment
Chronological list by year,1963,No. 30 of 1963,External Loans,amendment,63721,https://laws.gov.tt/ttdll-web/revision/download/63721?type=amendment
Chronological list by year,1963,No. 29 of 1963,Registration of Clubs (Amendment),amendment,28962,https://laws.gov.tt/ttdll-web/revision/download/28962?type=amendment
Chronological list by year,1963,No. 28 of 1963,Cadet Force,amendment,63723,https://laws.gov.tt/ttdll-web/revision/download/63723?type=amendment
Chronological list by year,1963,No. 27 of 1963,Supplementary Appropriation,amendment,63725,https://laws.gov.tt/ttdll-web/revision/download/63725?type=amendment
Chronological list by year,1963,No. 26 of 1963,1959 Supplementary Appropriation,amendment,63711,https://laws.gov.tt/ttdll-web/revision/download/63711?type=amendment
Chronological list by year,1963,No. 25 of 1963,Roman Catholic Archbishop (Incorporation) (Amendment),amendment,63713,https://laws.gov.tt/ttdll-web/revision/download/63713?type=amendment
Chronological list by year,1963,No. 24 of 1963,Widows' and Orphans' Pensions (Daniel Augustine Campbell),amendment,63715,https://laws.gov.tt/ttdll-web/revision/download/63715?type=amendment
Chronological list by year,1963,No. 23 of 1963,International Financial Organisations,amendment,63717,https://laws.gov.tt/ttdll-web/revision/download/63717?type=amendment
Chronological list by year,1963,No. 22 of 1963,Gambling and Betting,amendment,73929,https://laws.gov.tt/ttdll-web/revision/download/73929?type=amendment
Chronological list by year,1963,No. 21 of 1963,Assisted Secondary School Teachers' Pensions,amendment,73923,https://laws.gov.tt/ttdll-web/revision/download/73923?type=amendment
Chronological list by year,1963,No. 20 of 1963,Queen's Hall (Amendment),amendment,63769,https://laws.gov.tt/ttdll-web/revision/download/63769?type=amendment
Chronological list by year,1963,No. 19 of 1963,Governing Body of Trinity College (Incorporation),amendment,63767,https://laws.gov.tt/ttdll-web/revision/download/63767?type=amendment
Chronological list by year,1963,No. 18 of 1963,Congregation of the Sisters of the Holy Faith (Incorporation),amendment,73925,https://laws.gov.tt/ttdll-web/revision/download/73925?type=amendment
Chronological list by year,1963,No. 17 of 1963,Holy Rosary Monastery (Incorporation),amendment,73919,https://laws.gov.tt/ttdll-web/revision/download/73919?type=amendment
Chronological list by year,1963,No. 16 of 1963,Income Tax (Amendment),amendment,11927,https://laws.gov.tt/ttdll-web/revision/download/11927?type=amendment
Chronological list by year,1963,No. 15 of 1963,Trinidad and Tobago Red Cross Society (Incorporation),amendment,63773,https://laws.gov.tt/ttdll-web/revision/download/63773?type=amendment
Chronological list by year,1963,No. 14 of 1963,Conservation of Wild Life (Amendment),amendment,6523,https://laws.gov.tt/ttdll-web/revision/download/6523?type=amendment
Chronological list by year,1963,No. 13 of 1963,Finance (now Miscellaneous Taxes),amendment,19579,https://laws.gov.tt/ttdll-web/revision/download/19579?type=amendment
Chronological list by year,1963,No. 12 of 1963,Praedial Larceny Prevention,amendment,35517,https://laws.gov.tt/ttdll-web/revision/download/35517?type=amendment
Chronological list by year,1963,No. 11 of 1963,Motor Vehicles and Road Traffic (Amendment),amendment,21543,https://laws.gov.tt/ttdll-web/revision/download/21543?type=amendment
Chronological list by year,1963,No. 10 of 1963,Church of England (Incorporation) (Amendment),amendment,63771,https://laws.gov.tt/ttdll-web/revision/download/63771?type=amendment
Chronological list by year,1963,No. 9 of 1963,Defence (Amendment),amendment,8501,https://laws.gov.tt/ttdll-web/revision/download/8501?type=amendment
Chronological list by year,1963,No. 8 of 1963,Nurses and Midwives Registration (Amendment),amendment,18938,https://laws.gov.tt/ttdll-web/revision/download/18938?type=amendment
Chronological list by year,1963,No. 7 of 1963,Holy Ghost Fathers (Incorporation),amendment,63761,https://laws.gov.tt/ttdll-web/revision/download/63761?type=amendment
Chronological list by year,1963,No. 6 of 1963,Animals (Diseases and Importation) (Amendment),amendment,9185,https://laws.gov.tt/ttdll-web/revision/download/9185?type=amendment
Chronological list by year,1963,No. 5 of 1963,Veterinary Surgeons (Registration) (Amendment),amendment,31184,https://laws.gov.tt/ttdll-web/revision/download/31184?type=amendment
Chronological list by year,1963,No. 4 of 1963,Appropriation,amendment,63759,https://laws.gov.tt/ttdll-web/revision/download/63759?type=amendment
Chronological list by year,1963,No. 3 of 1963,Hotel Development,amendment,63765,https://laws.gov.tt/ttdll-web/revision/download/63765?type=amendment
Chronological list by year,1963,No. 2 of 1963,Second Supplementary Appropriation,amendment,73921,https://laws.gov.tt/ttdll-web/revision/download/73921?type=amendment
Chronological list by year,1963,No. 1 of 1963,Provisional Collection of Taxes,amendment,63763,https://laws.gov.tt/ttdll-web/revision/download/63763?type=amendment
Chronological list by year,1962,No. 20 of 1962,Municipal Corporations (Extension of terms),amendment,63753,https://laws.gov.tt/ttdll-web/revision/download/63753?type=amendment
Chronological list by year,1962,No. 19 of 1962,West Indies Shipping Corporation (Application of Interim Commissions Order),amendment,4215,https://laws.gov.tt/ttdll-web/revision/download/4215?type=amendment
Chronological list by year,1962,No. 18 of 1962,Trinidad and Tobago Association in Aid of the Deaf (Incorporation of Trustee),amendment,63751,https://laws.gov.tt/ttdll-web/revision/download/63751?type=amendment
Chronological list by year,1962,No. 17 of 1962,Supplementary Appropriation,amendment,63757,https://laws.gov.tt/ttdll-web/revision/download/63757?type=amendment
Chronological list by year,1962,No. 16 of 1962,Colonial Secretary Incorporation (Dissolution and Transfer of Functions),amendment,16567,https://laws.gov.tt/ttdll-web/revision/download/16567?type=amendment
Chronological list by year,1962,No. 15 of 1962,Public Holidays (Amendment),amendment,28213,https://laws.gov.tt/ttdll-web/revision/download/28213?type=amendment
Chronological list by year,1962,No. 14 of 1962,Government Securities,amendment,63755,https://laws.gov.tt/ttdll-web/revision/download/63755?type=amendment
Chronological list by year,1962,No. 13 of 1962,Judges Salaries and Pensions,amendment,63745,https://laws.gov.tt/ttdll-web/revision/download/63745?type=amendment
Chronological list by year,1962,No. 12 of 1962,Supreme Court of Judicature,amendment,14768,https://laws.gov.tt/ttdll-web/revision/download/14768?type=amendment
Chronological list by year,1962,No. 10 of 1962,Transferred Officers Continuity of Service,amendment,63743,https://laws.gov.tt/ttdll-web/revision/download/63743?type=amendment
Chronological list by year,1962,No. 9 of 1962,Stamp Duty (Amendment),amendment,35082,https://laws.gov.tt/ttdll-web/revision/download/35082?type=amendment
Chronological list by year,1962,No. 8 of 1962,Government Savings Bonds,amendment,14176,https://laws.gov.tt/ttdll-web/revision/download/14176?type=amendment
Chronological list by year,1962,No. 7 of 1962,Defence,amendment,63749,https://laws.gov.tt/ttdll-web/revision/download/63749?type=amendment
Chronological list by year,1962,No. 6 of 1962,Customs (Amendment),amendment,9348,https://laws.gov.tt/ttdll-web/revision/download/9348?type=amendment
Chronological list by year,1962,No. 5 of 1962,Credit Union Societies (Amendment) ((Pre-Independence*),amendment,87573,https://laws.gov.tt/ttdll-web/revision/download/87573?type=amendment
Chronological list by year,1962,No. 5 of 1962,Trinidad and Tobago Society for Rehabilitation of the Disabled,amendment,87575,https://laws.gov.tt/ttdll-web/revision/download/87575?type=amendment
Chronological list by year,1962,No. 4 of 1962,Petro-Chemicals Industry Development,amendment,63747,https://laws.gov.tt/ttdll-web/revision/download/63747?type=amendment
Chronological list by year,1962,No. 4 of 1962,Aliens Land Holding (Amendment) (Pre-Independence*),amendment,63677,https://laws.gov.tt/ttdll-web/revision/download/63677?type=amendment
Chronological list by year,1962,No. 3 of 1962,Housing,amendment,11925,https://laws.gov.tt/ttdll-web/revision/download/11925?type=amendment
Chronological list by year,1962,No. 3 of 1962,Appropriation ((Pre-Independence*),amendment,11915,https://laws.gov.tt/ttdll-web/revision/download/11915?type=amendment
Chronological list by year,1962,No. 2 of 1962,Interpretation,amendment,35080,https://laws.gov.tt/ttdll-web/revision/download/35080?type=amendment
Chronological list by year,1962,No. 2 of 1962,Post Office (Amendment) ((Pre-Independence*),amendment,34554,https://laws.gov.tt/ttdll-web/revision/download/34554?type=amendment
Chronological list by year,1962,No. 1 of 1962,Statutes,amendment,63675,https://laws.gov.tt/ttdll-web/revision/download/63675?type=amendment
Chronological list by year,1962,No. 1 of 1962,Extension of Term of Councillors ((Pre-Independence*),amendment,63671,https://laws.gov.tt/ttdll-web/revision/download/63671?type=amendment
Chronological list by year,1961,No. 44 of 1961,Lubricating Oils and Greases Industry Development,amendment,63673,https://laws.gov.tt/ttdll-web/revision/download/63673?type=amendment
Chronological list by year,1961,No. 43 of 1961,Church of St. Matthias Assembly of Spiritualist (Incorporation),amendment,63667,https://laws.gov.tt/ttdll-web/revision/download/63667?type=amendment
Chronological list by year,1961,No. 42 of 1961,Improved Benevolent Protective Order of Elks of the World (Incorporation),amendment,63669,https://laws.gov.tt/ttdll-web/revision/download/63669?type=amendment
Chronological list by year,1961,No. 41 of 1961,Sugar Industry Labour Welfare Committee (Incorporation) (Amendment),amendment,33122,https://laws.gov.tt/ttdll-web/revision/download/33122?type=amendment
Chronological list by year,1961,No. 40 of 1961,Statutory Powers and Duties Transfer,amendment,27984,https://laws.gov.tt/ttdll-web/revision/download/27984?type=amendment
Chronological list by year,1961,No. 39 of 1961,Port Authority,amendment,63663,https://laws.gov.tt/ttdll-web/revision/download/63663?type=amendment
Chronological list by year,1961,No. 38 of 1961,Labour Bureau (Amendment),amendment,9427,https://laws.gov.tt/ttdll-web/revision/download/9427?type=amendment
Chronological list by year,1961,No. 37 of 1961,Pensions (Amendment),amendment,25513,https://laws.gov.tt/ttdll-web/revision/download/25513?type=amendment
Chronological list by year,1961,No. 36 of 1961,Provident Fund (Amendment),amendment,27370,https://laws.gov.tt/ttdll-web/revision/download/27370?type=amendment
Chronological list by year,1961,No. 35 of 1961,Bobby Charles (Pension),amendment,63665,https://laws.gov.tt/ttdll-web/revision/download/63665?type=amendment
Chronological list by year,1961,No. 34 of 1961,Pensions Extension,amendment,27366,https://laws.gov.tt/ttdll-web/revision/download/27366?type=amendment
Chronological list by year,1961,No. 33 of 1961,Representation of the People,amendment,76994,https://laws.gov.tt/ttdll-web/revision/download/76994?type=amendment
Chronological list by year,1961,No. 32 of 1961,Agricultural Small Holdings Tenure,amendment,63659,https://laws.gov.tt/ttdll-web/revision/download/63659?type=amendment
Chronological list by year,1961,No. 31 of 1961,Association of Professional Engineers of Trinidad and Tobago (Incorporation),amendment,76992,https://laws.gov.tt/ttdll-web/revision/download/76992?type=amendment
Chronological list by year,1961,No. 30 of 1961,Port-of-Spain Corporation (Amendment),amendment,63661,https://laws.gov.tt/ttdll-web/revision/download/63661?type=amendment
Chronological list by year,1961,No. 29 of 1961,Alroy Nicholls (Pensions),amendment,63655,https://laws.gov.tt/ttdll-web/revision/download/63655?type=amendment
Chronological list by year,1961,No. 28 of 1961,Overseas Countries Representatives Immunities,amendment,63657,https://laws.gov.tt/ttdll-web/revision/download/63657?type=amendment
Chronological list by year,1961,No. 27 of 1961,Narcotic Control,amendment,63651,https://laws.gov.tt/ttdll-web/revision/download/63651?type=amendment
Chronological list by year,1961,No. 26 of 1961,Tuberculosis Control,amendment,63653,https://laws.gov.tt/ttdll-web/revision/download/63653?type=amendment
Chronological list by year,1961,No. 25 of 1961,Hansen's Disease Control,amendment,63647,https://laws.gov.tt/ttdll-web/revision/download/63647?type=amendment
Chronological list by year,1961,No. 24 of 1961,Medical Board (Amendment),amendment,26263,https://laws.gov.tt/ttdll-web/revision/download/26263?type=amendment
Chronological list by year,1961,No. 23 of 1961,Dominician Fathers (Incorporation),amendment,63649,https://laws.gov.tt/ttdll-web/revision/download/63649?type=amendment
Chronological list by year,1961,No. 22 of 1961,Central Tenders Board,amendment,63709,https://laws.gov.tt/ttdll-web/revision/download/63709?type=amendment
Chronological list by year,1961,No. 21 of 1961,Municipal and County Councils Remuneration and Allowances,amendment,63707,https://laws.gov.tt/ttdll-web/revision/download/63707?type=amendment
Chronological list by year,1961,No. 20 of 1961,Cocoa Industry (Now Cocoa and Coffee),amendment,3148,https://laws.gov.tt/ttdll-web/revision/download/3148?type=amendment
Chronological list by year,1961,No. 19 of 1961,Cane Farmers Rehabilitation Board,amendment,63705,https://laws.gov.tt/ttdll-web/revision/download/63705?type=amendment
Chronological list by year,1961,No. 18 of 1961,Sugar Industry Special Funds (Amendment),amendment,33178,https://laws.gov.tt/ttdll-web/revision/download/33178?type=amendment
Chronological list by year,1961,No. 17 of 1961,Cane Farmers Incorporation and Cess,amendment,63703,https://laws.gov.tt/ttdll-web/revision/download/63703?type=amendment
Chronological list by year,1961,No. 16 of 1961,Edna McNee Yuille (Special Gratuity and Pension),amendment,63701,https://laws.gov.tt/ttdll-web/revision/download/63701?type=amendment
Chronological list by year,1961,No. 15 of 1961,Trinidad and Tobago Association for Retarded Children,amendment,63699,https://laws.gov.tt/ttdll-web/revision/download/63699?type=amendment
Chronological list by year,1961,No. 14 of 1961,Joseph Pounder (Validation of Appointment and Indemnity),amendment,63697,https://laws.gov.tt/ttdll-web/revision/download/63697?type=amendment
Chronological list by year,1961,No. 13 of 1961,Appropriation,amendment,63695,https://laws.gov.tt/ttdll-web/revision/download/63695?type=amendment
Chronological list by year,1961,No. 12 of 1961,United States Defence Area (Agreement),amendment,21541,https://laws.gov.tt/ttdll-web/revision/download/21541?type=amendment
Chronological list by year,1961,No. 11 of 1961,Criminal Law (Amendment),amendment,13057,https://laws.gov.tt/ttdll-web/revision/download/13057?type=amendment
Chronological list by year,1961,No. 10 of 1961,Criminal Procedure (Corporations),amendment,13055,https://laws.gov.tt/ttdll-web/revision/download/13055?type=amendment
Chronological list by year,1961,No. 9 of 1961,Henrietta Morgan (Special Gratuity and Pension),amendment,63693,https://laws.gov.tt/ttdll-web/revision/download/63693?type=amendment
Chronological list by year,1961,No. 8 of 1961,Trinidad and Tobago Electricity Commission (Amendment),amendment,34682,https://laws.gov.tt/ttdll-web/revision/download/34682?type=amendment
Chronological list by year,1961,No. 7 of 1961,Muslim Marriage and Divorce,amendment,63691,https://laws.gov.tt/ttdll-web/revision/download/63691?type=amendment
Chronological list by year,1961,No. 6 of 1961,Weights and Measures (Amendment),amendment,63689,https://laws.gov.tt/ttdll-web/revision/download/63689?type=amendment
Chronological list by year,1961,No. 5 of 1961,Electricity Loan (International Bank),amendment,63687,https://laws.gov.tt/ttdll-web/revision/download/63687?type=amendment
Chronological list by year,1961,No. 4 of 1961,Brewery (Amendment),amendment,7138,https://laws.gov.tt/ttdll-web/revision/download/7138?type=amendment
Chronological list by year,1961,No. 3 of 1961,Agricultural Credit Bank (Amendment),amendment,63685,https://laws.gov.tt/ttdll-web/revision/download/63685?type=amendment
Chronological list by year,1961,No. 2 of 1961,Aid to Pioneer Industries (Amendment),amendment,63683,https://laws.gov.tt/ttdll-web/revision/download/63683?type=amendment
Chronological list by year,1961,No. 1 of 1961,Dasent (Injury Allowance),amendment,63681,https://laws.gov.tt/ttdll-web/revision/download/63681?type=amendment
Chronological list by year,1960,No. 41 of 1960,The Roman Catholic Archbishop (Incorporation),amendment,63679,https://laws.gov.tt/ttdll-web/revision/download/63679?type=amendment
Chronological list by year,1960,No. 40 of 1960,Supplementary Appropriation 1958,amendment,63365,https://laws.gov.tt/ttdll-web/revision/download/63365?type=amendment
Chronological list by year,1960,No. 39 of 1960,Telephone System Acquisition,amendment,76515,https://laws.gov.tt/ttdll-web/revision/download/76515?type=amendment
Chronological list by year,1960,No. 38 of 1960,Naparima Bowl,amendment,63363,https://laws.gov.tt/ttdll-web/revision/download/63363?type=amendment
Chronological list by year,1960,No. 37 of 1960,Henry Hamilton Morton (Special Gratuity and Pension),amendment,63361,https://laws.gov.tt/ttdll-web/revision/download/63361?type=amendment
Chronological list by year,1960,No. 36 of 1960,Opticians Registration,amendment,27499,https://laws.gov.tt/ttdll-web/revision/download/27499?type=amendment
Chronological list by year,1960,No. 35 of 1960,Medical Board,amendment,63359,https://laws.gov.tt/ttdll-web/revision/download/63359?type=amendment
Chronological list by year,1960,No. 34 of 1960,University College Exemption,amendment,32653,https://laws.gov.tt/ttdll-web/revision/download/32653?type=amendment
Chronological list by year,1960,No. 33 of 1960,Nurses and Midwives Registration,amendment,63373,https://laws.gov.tt/ttdll-web/revision/download/63373?type=amendment
Chronological list by year,1960,No. 32 of 1960,Old Age Pensions (Amendment),amendment,31685,https://laws.gov.tt/ttdll-web/revision/download/31685?type=amendment
Chronological list by year,1960,No. 31 of 1960,Electoral Registration,amendment,63371,https://laws.gov.tt/ttdll-web/revision/download/63371?type=amendment
Chronological list by year,1960,No. 30 of 1960,Ashton Williams (Date of Retirement),amendment,63369,https://laws.gov.tt/ttdll-web/revision/download/63369?type=amendment
Chronological list by year,1960,No. 29 of 1960,Town and Country Planning,amendment,16563,https://laws.gov.tt/ttdll-web/revision/download/16563?type=amendment
Chronological list by year,1960,No. 28 of 1960,Treasury Bills,amendment,31677,https://laws.gov.tt/ttdll-web/revision/download/31677?type=amendment
Chronological list by year,1960,No. 27 of 1960,County Councils (Amendment),amendment,63367,https://laws.gov.tt/ttdll-web/revision/download/63367?type=amendment
Chronological list by year,1960,No. 26 of 1960,Constitution (Prescribed Matters),amendment,63381,https://laws.gov.tt/ttdll-web/revision/download/63381?type=amendment
Chronological list by year,1960,No. 25 of 1960,Trinidad and Tobago Electricity Commission (Amendment),amendment,34678,https://laws.gov.tt/ttdll-web/revision/download/34678?type=amendment
Chronological list by year,1960,No. 23 of 1960,Dwelling Houses (Encouragement of Construction) (Amendment),amendment,63379,https://laws.gov.tt/ttdll-web/revision/download/63379?type=amendment
Chronological list by year,1960,No. 22 of 1960,Sanitation System Bonds,amendment,63377,https://laws.gov.tt/ttdll-web/revision/download/63377?type=amendment
Chronological list by year,1960,No. 21 of 1960,Jury (Amendment),amendment,14762,https://laws.gov.tt/ttdll-web/revision/download/14762?type=amendment
Chronological list by year,1960,No. 20 of 1960,Antibiotics (Amendment),amendment,15597,https://laws.gov.tt/ttdll-web/revision/download/15597?type=amendment
Chronological list by year,1960,No. 19 of 1960,Widow's and Orphan's Pensions (George Livingstone Callender),amendment,63375,https://laws.gov.tt/ttdll-web/revision/download/63375?type=amendment
Chronological list by year,1960,No. 18 of 1960,San Fernando Corporation Pensions (Special Revision),amendment,22963,https://laws.gov.tt/ttdll-web/revision/download/22963?type=amendment
Chronological list by year,1960,No. 17 of 1960,Liquor Licences (Amendment),amendment,19577,https://laws.gov.tt/ttdll-web/revision/download/19577?type=amendment
Chronological list by year,1960,No. 16 of 1960,Independent Spiritual Baptist Assembly (Incorporation),amendment,63389,https://laws.gov.tt/ttdll-web/revision/download/63389?type=amendment
Chronological list by year,1960,No. 15 of 1960,General Local Loan (Amendment),amendment,12214,https://laws.gov.tt/ttdll-web/revision/download/12214?type=amendment
Chronological list by year,1960,No. 14 of 1960,1957 Supplementary Appropriation,amendment,76513,https://laws.gov.tt/ttdll-web/revision/download/76513?type=amendment
Chronological list by year,1960,No. 13 of 1960,Port-of-Spain Corporation (Amendment),amendment,76527,https://laws.gov.tt/ttdll-web/revision/download/76527?type=amendment
Chronological list by year,1960,No. 12 of 1960,Provident Fund (Amendment),amendment,27364,https://laws.gov.tt/ttdll-web/revision/download/27364?type=amendment
Chronological list by year,1960,No. 11 of 1960,Appropriation,amendment,63387,https://laws.gov.tt/ttdll-web/revision/download/63387?type=amendment
Chronological list by year,1960,No. 10 of 1960,Public Holidays (Amendment),amendment,28209,https://laws.gov.tt/ttdll-web/revision/download/28209?type=amendment
Chronological list by year,1960,No. 9 of 1960,Federal Legislature (Conferment of Authority) (Toxic Fumigants),amendment,63385,https://laws.gov.tt/ttdll-web/revision/download/63385?type=amendment
Chronological list by year,1960,No. 8 of 1960,Food and Drugs,amendment,76511,https://laws.gov.tt/ttdll-web/revision/download/76511?type=amendment
Chronological list by year,1960,No. 7 of 1960,Pharmacy Board,amendment,63383,https://laws.gov.tt/ttdll-web/revision/download/63383?type=amendment
Chronological list by year,1960,No. 6 of 1960,New Testament Church of God (Incorporation),amendment,63331,https://laws.gov.tt/ttdll-web/revision/download/63331?type=amendment
Chronological list by year,1960,No. 5 of 1960,Trinidad Island Wide Cane Farmers Association (Incorporation) (Amendment),amendment,63333,https://laws.gov.tt/ttdll-web/revision/download/63333?type=amendment
Chronological list by year,1960,No. 4 of 1960,Arima Corporation (Amendment),amendment,76509,https://laws.gov.tt/ttdll-web/revision/download/76509?type=amendment
Chronological list by year,1960,No. 3 of 1960,San Fernando Corporation (Amendment),amendment,63327,https://laws.gov.tt/ttdll-web/revision/download/63327?type=amendment
Chronological list by year,1960,No. 2 of 1960,Private Hospitals,amendment,63329,https://laws.gov.tt/ttdll-web/revision/download/63329?type=amendment
Chronological list by year,1960,No. 1 of 1960,Restriction of Offensive Weapons,amendment,76507,https://laws.gov.tt/ttdll-web/revision/download/76507?type=amendment
Chronological list by year,1959,No. 25 of 1959,Hotels (Development Encouragement) (Amendment),amendment,63339,https://laws.gov.tt/ttdll-web/revision/download/63339?type=amendment
Chronological list by year,1959,No. 24 of 1959,Customs (Amendment),amendment,9346,https://laws.gov.tt/ttdll-web/revision/download/9346?type=amendment
Chronological list by year,1959,No. 23 of 1959,Church of God of Prophecy (Incorporation),amendment,63341,https://laws.gov.tt/ttdll-web/revision/download/63341?type=amendment
Chronological list by year,1959,No. 22 of 1959,Fui Tong on Association (Incorporation),amendment,63335,https://laws.gov.tt/ttdll-web/revision/download/63335?type=amendment
Chronological list by year,1959,No. 21 of 1959,Excise (General Provisions) (Amendment),amendment,5919,https://laws.gov.tt/ttdll-web/revision/download/5919?type=amendment
Chronological list by year,1959,No. 20 of 1959,Exchequer and Audit,amendment,63337,https://laws.gov.tt/ttdll-web/revision/download/63337?type=amendment
Chronological list by year,1959,No. 19 of 1959,General Local Loan (Amendment),amendment,12210,https://laws.gov.tt/ttdll-web/revision/download/12210?type=amendment
Chronological list by year,1959,No. 18 of 1959,Economic Programme Loan (Amendment),amendment,63347,https://laws.gov.tt/ttdll-web/revision/download/63347?type=amendment
Chronological list by year,1959,No. 17 of 1959,Patents and Designs (Amendment),amendment,25297,https://laws.gov.tt/ttdll-web/revision/download/25297?type=amendment
Chronological list by year,1959,No. 16 of 1959,Merchant Shipping (Amendment),amendment,63349,https://laws.gov.tt/ttdll-web/revision/download/63349?type=amendment
Chronological list by year,1959,No. 15 of 1959,Currency,amendment,63343,https://laws.gov.tt/ttdll-web/revision/download/63343?type=amendment
Chronological list by year,1959,No. 14 of 1959,Queen's Hall,amendment,63345,https://laws.gov.tt/ttdll-web/revision/download/63345?type=amendment
Chronological list by year,1959,No. 13 of 1959,Trade (Amendment),amendment,63355,https://laws.gov.tt/ttdll-web/revision/download/63355?type=amendment
Chronological list by year,1959,No. 12 of 1959,Defence (Finance) Regulations (Re-enactment and Validation),amendment,63357,https://laws.gov.tt/ttdll-web/revision/download/63357?type=amendment
Chronological list by year,1959,No. 11 of 1959,Motor Vehicles and Road Traffic (Amendment),amendment,21539,https://laws.gov.tt/ttdll-web/revision/download/21539?type=amendment
Chronological list by year,1959,No. 10 of 1959,Texaco Trinidad Inc. (Transfer of Pioneer Status),amendment,76534,https://laws.gov.tt/ttdll-web/revision/download/76534?type=amendment
Chronological list by year,1959,No. 9 of 1959,County Councils (Amendment No. 2),amendment,63351,https://laws.gov.tt/ttdll-web/revision/download/63351?type=amendment
Chronological list by year,1959,No. 8 of 1959,Teachers’ Pensions (Amendment),amendment,33827,https://laws.gov.tt/ttdll-web/revision/download/33827?type=amendment
Chronological list by year,1959,No. 7 of 1959,School Teachers' Pensions (Amendment),amendment,63353,https://laws.gov.tt/ttdll-web/revision/download/63353?type=amendment
Chronological list by year,1959,No. 6 of 1959,Police (Amendment),amendment,63297,https://laws.gov.tt/ttdll-web/revision/download/63297?type=amendment
Chronological list by year,1959,No. 5 of 1959,1956 Supplementary Appropriation,amendment,63295,https://laws.gov.tt/ttdll-web/revision/download/63295?type=amendment
Chronological list by year,1959,No. 4 of 1959,Exportation of Cocoa (Amendment),amendment,63301,https://laws.gov.tt/ttdll-web/revision/download/63301?type=amendment
Chronological list by year,1959,No. 3 of 1959,County Councils (Amendment),amendment,63299,https://laws.gov.tt/ttdll-web/revision/download/63299?type=amendment
Chronological list by year,1959,No. 2 of 1959,Slum Clearance and Housing (Temporary Provisions),amendment,31347,https://laws.gov.tt/ttdll-web/revision/download/31347?type=amendment
Chronological list by year,1959,No. 1 of 1959,Appropriation,amendment,63305,https://laws.gov.tt/ttdll-web/revision/download/63305?type=amendment
Chronological list by year,1958,No. 19 of 1958,Trade,amendment,63303,https://laws.gov.tt/ttdll-web/revision/download/63303?type=amendment
Chronological list by year,1958,No. 18 of 1958,Income Tax (Amendment),amendment,11911,https://laws.gov.tt/ttdll-web/revision/download/11911?type=amendment
Chronological list by year,1958,No. 17 of 1958,Dwelling Houses (Encouragement of Construction),amendment,63309,https://laws.gov.tt/ttdll-web/revision/download/63309?type=amendment
Chronological list by year,1958,No. 16 of 1958,Conservation of Wild Life,amendment,63307,https://laws.gov.tt/ttdll-web/revision/download/63307?type=amendment
Chronological list by year,1958,No. 15 of 1958,Trinidad and Tobago Electricity Commission (Amendment),amendment,34672,https://laws.gov.tt/ttdll-web/revision/download/34672?type=amendment
Chronological list by year,1958,No. 14 of 1958,Pensions (Amendment),amendment,25509,https://laws.gov.tt/ttdll-web/revision/download/25509?type=amendment
Chronological list by year,1958,No. 13 of 1958,Stamp Duty (Amendment),amendment,35076,https://laws.gov.tt/ttdll-web/revision/download/35076?type=amendment
Chronological list by year,1958,No. 12 of 1958,Building Societies (Amendment),amendment,7072,https://laws.gov.tt/ttdll-web/revision/download/7072?type=amendment
Chronological list by year,1958,No. 11 of 1958,Industrial Development Corporation,amendment,63313,https://laws.gov.tt/ttdll-web/revision/download/63313?type=amendment
Chronological list by year,1958,No. 10 of 1958,Old Age Pensions (Amendment),amendment,31679,https://laws.gov.tt/ttdll-web/revision/download/31679?type=amendment
Chronological list by year,1958,No. 9 of 1958,Aliens (Landholding) (Amendment),amendment,63311,https://laws.gov.tt/ttdll-web/revision/download/63311?type=amendment
Chronological list by year,1958,No. 8 of 1958,Fundamental Baptist Mission Incorporation,amendment,63317,https://laws.gov.tt/ttdll-web/revision/download/63317?type=amendment
Chronological list by year,1958,No. 7 of 1958,Customs Duties (Dumping and Subsidies),amendment,63315,https://laws.gov.tt/ttdll-web/revision/download/63315?type=amendment
Chronological list by year,1958,No. 6 of 1958,Church of Scotland in Trinidad (Incorporation of Trustees),amendment,63321,https://laws.gov.tt/ttdll-web/revision/download/63321?type=amendment
Chronological list by year,1958,No. 5 of 1958,Fishing Industry (Assistance) (Amendment),amendment,11808,https://laws.gov.tt/ttdll-web/revision/download/11808?type=amendment
Chronological list by year,1958,No. 4 of 1958,Immigration (Restriction) (Amendment),amendment,63319,https://laws.gov.tt/ttdll-web/revision/download/63319?type=amendment
Chronological list by year,1958,No. 3 of 1958,Nitrogenous Fertiliser Industry (Development),amendment,63325,https://laws.gov.tt/ttdll-web/revision/download/63325?type=amendment
Chronological list by year,1958,No. 2 of 1958,Appropriation,amendment,63323,https://laws.gov.tt/ttdll-web/revision/download/63323?type=amendment
Chronological list by year,1958,No. 1 of 1958,County Councils (Amendment),amendment,63263,https://laws.gov.tt/ttdll-web/revision/download/63263?type=amendment
Chronological list by year,1957,No. 35 of 1957,Motor Vehicles and Road Traffic (Amendment),amendment,21537,https://laws.gov.tt/ttdll-web/revision/download/21537?type=amendment
Chronological list by year,1957,No. 34 of 1957,Gambling (Amendment),amendment,63265,https://laws.gov.tt/ttdll-web/revision/download/63265?type=amendment
Chronological list by year,1957,No. 33 of 1957,Spirits and Spirit Compounds (Amendment),amendment,31899,https://laws.gov.tt/ttdll-web/revision/download/31899?type=amendment
Chronological list by year,1957,No. 32 of 1957,Brewery (Amendment),amendment,7136,https://laws.gov.tt/ttdll-web/revision/download/7136?type=amendment
Chronological list by year,1957,No. 31 of 1957,Governor's Emoluments (Amendment),amendment,63267,https://laws.gov.tt/ttdll-web/revision/download/63267?type=amendment
Chronological list by year,1957,No. 30 of 1957,Petroleum Department and Conservation Board (Oil Impost for 1956),amendment,63269,https://laws.gov.tt/ttdll-web/revision/download/63269?type=amendment
Chronological list by year,1957,No. 29 of 1957,Legislative Council (Elections) (Amendment No. 2),amendment,63271,https://laws.gov.tt/ttdll-web/revision/download/63271?type=amendment
Chronological list by year,1957,No. 28 of 1957,Judicature (Amendment),amendment,63273,https://laws.gov.tt/ttdll-web/revision/download/63273?type=amendment
Chronological list by year,1957,No. 27 of 1957,Marketing Board (Amendment),amendment,63275,https://laws.gov.tt/ttdll-web/revision/download/63275?type=amendment
Chronological list by year,1957,No. 26 of 1957,1955 Supplementary Appropriation,amendment,63277,https://laws.gov.tt/ttdll-web/revision/download/63277?type=amendment
Chronological list by year,1957,No. 25 of 1957,Post Office (Amendment),amendment,34496,https://laws.gov.tt/ttdll-web/revision/download/34496?type=amendment
Chronological list by year,1957,No. 24 of 1957,San Fernando Corporation (Amendment),amendment,63279,https://laws.gov.tt/ttdll-web/revision/download/63279?type=amendment
Chronological list by year,1957,No. 23 of 1957,Income Tax (Amendment),amendment,11907,https://laws.gov.tt/ttdll-web/revision/download/11907?type=amendment
Chronological list by year,1957,No. 22 of 1957,Trinidad Island Wide Cane Farmers Association (Incorporation),amendment,63281,https://laws.gov.tt/ttdll-web/revision/download/63281?type=amendment
Chronological list by year,1957,No. 21 of 1957,Local Government (Election and Membership) (Validation and indemnity),amendment,76559,https://laws.gov.tt/ttdll-web/revision/download/76559?type=amendment
Chronological list by year,1957,No. 20 of 1957,Local Government (Removal of Certain Disqualifications),amendment,76557,https://laws.gov.tt/ttdll-web/revision/download/76557?type=amendment
Chronological list by year,1957,No. 19 of 1957,Legislative Council (Removal of Certain Disqualifications),amendment,63283,https://laws.gov.tt/ttdll-web/revision/download/63283?type=amendment
Chronological list by year,1957,No. 18 of 1957,Summary Courts (Amendment),amendment,35679,https://laws.gov.tt/ttdll-web/revision/download/35679?type=amendment
Chronological list by year,1957,No. 17 of 1957,Hire Purchase,amendment,76554,https://laws.gov.tt/ttdll-web/revision/download/76554?type=amendment
Chronological list by year,1957,No. 16 of 1957,Legislative Council (Qualifications of Electors),amendment,63285,https://laws.gov.tt/ttdll-web/revision/download/63285?type=amendment
Chronological list by year,1957,No. 15 of 1957,Legislative Council (Elections) (Amendment),amendment,63287,https://laws.gov.tt/ttdll-web/revision/download/63287?type=amendment
Chronological list by year,1957,No. 14 of 1957,Tourist Board,amendment,63289,https://laws.gov.tt/ttdll-web/revision/download/63289?type=amendment
Chronological list by year,1957,No. 13 of 1957,Trinidad and Tobago Leprosy Relief Association (Incorporation),amendment,63291,https://laws.gov.tt/ttdll-web/revision/download/63291?type=amendment
Chronological list by year,1957,No. 12 of 1957,Municipal Corporations (Pensions) (Amendment),amendment,22961,https://laws.gov.tt/ttdll-web/revision/download/22961?type=amendment
Chronological list by year,1957,No. 11 of 1957,Teachers Pensions (Amendment),amendment,33825,https://laws.gov.tt/ttdll-web/revision/download/33825?type=amendment
Chronological list by year,1957,No. 10 of 1957,School Teachers' Pensions (Amendment),amendment,63293,https://laws.gov.tt/ttdll-web/revision/download/63293?type=amendment
Chronological list by year,1957,No. 9 of 1957,Petroleum Association of Trinidad (Incorporation),amendment,63501,https://laws.gov.tt/ttdll-web/revision/download/63501?type=amendment
Chronological list by year,1957,No. 8 of 1957,Nurses Registration (Amendment),amendment,63499,https://laws.gov.tt/ttdll-web/revision/download/63499?type=amendment
Chronological list by year,1957,No. 7 of 1957,Widows' and Orphans' Pensions (Cohn Ewart Tudor),amendment,63497,https://laws.gov.tt/ttdll-web/revision/download/63497?type=amendment
Chronological list by year,1957,No. 6 of 1957,Widows' and Orphans' Pensions (Clyde Valdemar Greenidge),amendment,63495,https://laws.gov.tt/ttdll-web/revision/download/63495?type=amendment
Chronological list by year,1957,No. 5 of 1957,Mariners Club (Amendment),amendment,25849,https://laws.gov.tt/ttdll-web/revision/download/25849?type=amendment
Chronological list by year,1957,No. 4 of 1957,Jury (Amendment),amendment,76549,https://laws.gov.tt/ttdll-web/revision/download/76549?type=amendment
Chronological list by year,1957,No. 3 of 1957,Criminal Procedure (Amendment),amendment,4823,https://laws.gov.tt/ttdll-web/revision/download/4823?type=amendment
Chronological list by year,1957,No. 2 of 1957,Public Library (Amendment),amendment,63493,https://laws.gov.tt/ttdll-web/revision/download/63493?type=amendment
Chronological list by year,1957,No. 1 of 1957,Weights and Measures (Amendment),amendment,63491,https://laws.gov.tt/ttdll-web/revision/download/63491?type=amendment
Chronological list by year,1956,No. 50 of 1956,Appropriation,amendment,76608,https://laws.gov.tt/ttdll-web/revision/download/76608?type=amendment
Chronological list by year,1956,No. 49 of 1956,Executive Council and Legislative Council (Emoluments),amendment,63489,https://laws.gov.tt/ttdll-web/revision/download/63489?type=amendment
Chronological list by year,1956,No. 48 of 1956,Governor's Emoluments (Amendment),amendment,63487,https://laws.gov.tt/ttdll-web/revision/download/63487?type=amendment
Chronological list by year,1956,No. 47 of 1956,Motor Vehicles and Road Traffic (Amendment),amendment,21535,https://laws.gov.tt/ttdll-web/revision/download/21535?type=amendment
Chronological list by year,1956,No. 46 of 1956,Gambling (Amendment),amendment,63517,https://laws.gov.tt/ttdll-web/revision/download/63517?type=amendment
Chronological list by year,1956,No. 45 of 1956,Distribution of German Enemy Property (Amendment),amendment,76605,https://laws.gov.tt/ttdll-web/revision/download/76605?type=amendment
Chronological list by year,1956,No. 44 of 1956,Gordon Grant Staff Pension Fund Board (Incorporation),amendment,63515,https://laws.gov.tt/ttdll-web/revision/download/63515?type=amendment
Chronological list by year,1956,No. 43 of 1956,Pensions (Amendment),amendment,25507,https://laws.gov.tt/ttdll-web/revision/download/25507?type=amendment
Chronological list by year,1956,No. 42 of 1956,Carlyle Mosley Pigott (Special Pensions),amendment,63513,https://laws.gov.tt/ttdll-web/revision/download/63513?type=amendment
Chronological list by year,1956,No. 41 of 1956,County Councils Amendment (No. 2),amendment,63511,https://laws.gov.tt/ttdll-web/revision/download/63511?type=amendment
Chronological list by year,1956,No. 40 of 1956,John Cyril Richardson (Widows' and Orphans' Pensions),amendment,63509,https://laws.gov.tt/ttdll-web/revision/download/63509?type=amendment
Chronological list by year,1956,No. 39 of 1956,Agricultural Credit Societies (Amendment),amendment,63507,https://laws.gov.tt/ttdll-web/revision/download/63507?type=amendment
Chronological list by year,1956,No. 38 of 1956,Municipal Elections (Amendment),amendment,63505,https://laws.gov.tt/ttdll-web/revision/download/63505?type=amendment
Chronological list by year,1956,No. 37 of 1956,1954 Supplementary Appropriation,amendment,63503,https://laws.gov.tt/ttdll-web/revision/download/63503?type=amendment
Chronological list by year,1956,No. 36 of 1956,Economic Programme Loan,amendment,63467,https://laws.gov.tt/ttdll-web/revision/download/63467?type=amendment
Chronological list by year,1956,No. 35 of 1956,Port-of-Spain Corporation (Electricity) (Amendment),amendment,63469,https://laws.gov.tt/ttdll-web/revision/download/63469?type=amendment
Chronological list by year,1956,No. 34 of 1956,Income Tax (Amendment No. 2),amendment,11893,https://laws.gov.tt/ttdll-web/revision/download/11893?type=amendment
Chronological list by year,1956,No. 33 of 1956,Liquor Licences (Amendment),amendment,19575,https://laws.gov.tt/ttdll-web/revision/download/19575?type=amendment
Chronological list by year,1956,No. 32 of 1956,Aid to Pioneer Industries (Amendment No. 2),amendment,63463,https://laws.gov.tt/ttdll-web/revision/download/63463?type=amendment
Chronological list by year,1956,No. 31 of 1956,Legislative Council (Elections) (Amendment No. 2),amendment,63465,https://laws.gov.tt/ttdll-web/revision/download/63465?type=amendment
Chronological list by year,1956,No. 30 of 1956,Community Centre Concert Hall (Amendment),amendment,76599,https://laws.gov.tt/ttdll-web/revision/download/76599?type=amendment
Chronological list by year,1956,No. 29 of 1956,Holy Utopian Spiritual Temple of Trinidad (Incorporation),amendment,63459,https://laws.gov.tt/ttdll-web/revision/download/63459?type=amendment
Chronological list by year,1956,No. 28 of 1956,Police (Amendment),amendment,63461,https://laws.gov.tt/ttdll-web/revision/download/63461?type=amendment
Chronological list by year,1956,No. 27 of 1956,Municipal Corporations (Pensions) (Amendment),amendment,22959,https://laws.gov.tt/ttdll-web/revision/download/22959?type=amendment
Chronological list by year,1956,No. 26 of 1956,Oil and Water Board (Amendment),amendment,63455,https://laws.gov.tt/ttdll-web/revision/download/63455?type=amendment
Chronological list by year,1956,No. 25 of 1956,Cinematograph (Amendment),amendment,4396,https://laws.gov.tt/ttdll-web/revision/download/4396?type=amendment
Chronological list by year,1956,No. 24 of 1956,Cinematograph Entertainment Tax (Amendment),amendment,63457,https://laws.gov.tt/ttdll-web/revision/download/63457?type=amendment
Chronological list by year,1956,No. 23 of 1956,Hotels Development Corporation,amendment,63483,https://laws.gov.tt/ttdll-web/revision/download/63483?type=amendment
Chronological list by year,1956,No. 22 of 1956,Agricultural Credit Bank (Amendment),amendment,63485,https://laws.gov.tt/ttdll-web/revision/download/63485?type=amendment
Chronological list by year,1956,No. 21 of 1956,There was no Ord. 21 of 1956,amendment,63479,https://laws.gov.tt/ttdll-web/revision/download/63479?type=amendment
Chronological list by year,1956,No. 20 of 1956,Legislative Council (Elections) (Amendment),amendment,63481,https://laws.gov.tt/ttdll-web/revision/download/63481?type=amendment
Chronological list by year,1956,No. 19 of 1956,Petroleum (Amendment),amendment,63475,https://laws.gov.tt/ttdll-web/revision/download/63475?type=amendment
Chronological list by year,1956,No. 18 of 1956,Sugar Industry Special Funds (Amendment),amendment,33174,https://laws.gov.tt/ttdll-web/revision/download/33174?type=amendment
Chronological list by year,1956,No. 17 of 1956,Ashby (Retiring Allowance),amendment,63477,https://laws.gov.tt/ttdll-web/revision/download/63477?type=amendment
Chronological list by year,1956,No. 16 of 1956,Aid to Pioneer Industries (Amendment),amendment,63471,https://laws.gov.tt/ttdll-web/revision/download/63471?type=amendment
Chronological list by year,1956,No. 15 of 1956,Port-of-Spain Corporation (Amendment),amendment,76595,https://laws.gov.tt/ttdll-web/revision/download/76595?type=amendment
Chronological list by year,1956,No. 14 of 1956,Arima Race Club (Incorporation),amendment,63473,https://laws.gov.tt/ttdll-web/revision/download/63473?type=amendment
Chronological list by year,1956,No. 13 of 1956,Registration of Clubs (Amendment),amendment,28958,https://laws.gov.tt/ttdll-web/revision/download/28958?type=amendment
Chronological list by year,1956,No. 12 of 1956,Liquor Licences (Temporary Extension),amendment,19573,https://laws.gov.tt/ttdll-web/revision/download/19573?type=amendment
Chronological list by year,1956,No. 11 of 1956,Income Tax (Amendment),amendment,11889,https://laws.gov.tt/ttdll-web/revision/download/11889?type=amendment
Chronological list by year,1956,No. 10 of 1956,Promissory Oaths (Amendment),amendment,27578,https://laws.gov.tt/ttdll-web/revision/download/27578?type=amendment
Chronological list by year,1956,No. 9 of 1956,Swann (Gratuity and Reduced Pension),amendment,63433,https://laws.gov.tt/ttdll-web/revision/download/63433?type=amendment
Chronological list by year,1956,No. 8 of 1956,Pipelines (Amendment),amendment,26480,https://laws.gov.tt/ttdll-web/revision/download/26480?type=amendment
Chronological list by year,1956,No. 7 of 1956,Deportation (British Sublects) (Amendment),amendment,63431,https://laws.gov.tt/ttdll-web/revision/download/63431?type=amendment
Chronological list by year,1956,No. 6 of 1956,Widows' and Orphans' Pensions (Refund of Contributions to George James),amendment,63437,https://laws.gov.tt/ttdll-web/revision/download/63437?type=amendment
Chronological list by year,1956,No. 5 of 1956,Customs (Amendment),amendment,9344,https://laws.gov.tt/ttdll-web/revision/download/9344?type=amendment
Chronological list by year,1956,No. 4 of 1956,Customs Brokers,amendment,63435,https://laws.gov.tt/ttdll-web/revision/download/63435?type=amendment
Chronological list by year,1956,No. 3 of 1956,Ethiopian Orthodox Church (Incorporation),amendment,63425,https://laws.gov.tt/ttdll-web/revision/download/63425?type=amendment
Chronological list by year,1956,No. 2 of 1956,Arima Corporation (Amendment No. 2),amendment,63423,https://laws.gov.tt/ttdll-web/revision/download/63423?type=amendment
Chronological list by year,1956,No. 1 of 1956,County Councils (Amendment),amendment,63429,https://laws.gov.tt/ttdll-web/revision/download/63429?type=amendment
Chronological list by year,1955,No. 49 of 1955,Appropriation (Amendment),amendment,63427,https://laws.gov.tt/ttdll-web/revision/download/63427?type=amendment
Chronological list by year,1955,No. 48 of 1955,Income Tax (In Aid of Industry) (Amendment),amendment,12894,https://laws.gov.tt/ttdll-web/revision/download/12894?type=amendment
Chronological list by year,1955,No. 47 of 1955,Wild Animals and Birds (Protection) (Amendment),amendment,63449,https://laws.gov.tt/ttdll-web/revision/download/63449?type=amendment
Chronological list by year,1955,No. 46 of 1955,Samuel Massiah (Special Gratuity),amendment,63447,https://laws.gov.tt/ttdll-web/revision/download/63447?type=amendment
Chronological list by year,1955,No. 45 of 1955,Appropriation,amendment,63453,https://laws.gov.tt/ttdll-web/revision/download/63453?type=amendment
Chronological list by year,1955,No. 44 of 1955,Children and Young Persons (Harmful Publications),amendment,63451,https://laws.gov.tt/ttdll-web/revision/download/63451?type=amendment
Chronological list by year,1955,No. 43 of 1955,Arima Corporation (Amendment),amendment,63441,https://laws.gov.tt/ttdll-web/revision/download/63441?type=amendment
Chronological list by year,1955,No. 42 of 1955,San Fernando Corporation (Amendment),amendment,63439,https://laws.gov.tt/ttdll-web/revision/download/63439?type=amendment
Chronological list by year,1955,No. 41 of 1955,Port-of-Spain Corporation (Amendment No. 2),amendment,63445,https://laws.gov.tt/ttdll-web/revision/download/63445?type=amendment
Chronological list by year,1955,No. 40 of 1955,Teachers’ Pensions (Amendment),amendment,33821,https://laws.gov.tt/ttdll-web/revision/download/33821?type=amendment
Chronological list by year,1955,No. 39 of 1955,Pensions (Amendment No. 3),amendment,25505,https://laws.gov.tt/ttdll-web/revision/download/25505?type=amendment
Chronological list by year,1955,No. 38 of 1955,School Teachers’ Pensions (Amendment),amendment,76938,https://laws.gov.tt/ttdll-web/revision/download/76938?type=amendment
Chronological list by year,1955,No. 37 of 1955,Police (Amendment No. 2),amendment,76940,https://laws.gov.tt/ttdll-web/revision/download/76940?type=amendment
Chronological list by year,1955,No. 36 of 1955,Port-of-Spain Corporation (Electricity) (Amendment),amendment,63443,https://laws.gov.tt/ttdll-web/revision/download/63443?type=amendment
Chronological list by year,1955,No. 35 of 1955,Legislative Council (Elections) (Amendment),amendment,63399,https://laws.gov.tt/ttdll-web/revision/download/63399?type=amendment
Chronological list by year,1955,No. 34 of 1955,Government Currency Notes (Repeal),amendment,63401,https://laws.gov.tt/ttdll-web/revision/download/63401?type=amendment
Chronological list by year,1955,No. 33 of 1955,Agricultural Credit Bank (Amendment),amendment,63403,https://laws.gov.tt/ttdll-web/revision/download/63403?type=amendment
Chronological list by year,1955,No. 32 of 1955,Railway (Amendment) No. 2,amendment,63405,https://laws.gov.tt/ttdll-web/revision/download/63405?type=amendment
Chronological list by year,1955,No. 31 of 1955,Currency (Amendment),amendment,63391,https://laws.gov.tt/ttdll-web/revision/download/63391?type=amendment
Chronological list by year,1955,No. 30 of 1955,Public Housing Loans,amendment,76942,https://laws.gov.tt/ttdll-web/revision/download/76942?type=amendment
Chronological list by year,1955,No. 29 of 1955,Spirits and Spirit Compounds (Amendment) (No. 2),amendment,31897,https://laws.gov.tt/ttdll-web/revision/download/31897?type=amendment
Chronological list by year,1955,No. 28 of 1955,Registration of Clubs,amendment,28964,https://laws.gov.tt/ttdll-web/revision/download/28964?type=amendment
Chronological list by year,1955,No. 27 of 1955,Liquor Licences,amendment,19571,https://laws.gov.tt/ttdll-web/revision/download/19571?type=amendment
Chronological list by year,1955,No. 26 of 1955,Income Tax (Amendment),amendment,11885,https://laws.gov.tt/ttdll-web/revision/download/11885?type=amendment
Chronological list by year,1955,No. 25 of 1955,Real Property (Amendment),amendment,63393,https://laws.gov.tt/ttdll-web/revision/download/63393?type=amendment
Chronological list by year,1955,No. 24 of 1955,Bruce Stephens Trust (Alphonse Perrin Pension),amendment,4117,https://laws.gov.tt/ttdll-web/revision/download/4117?type=amendment
Chronological list by year,1955,No. 23 of 1955,Widows and Orphans’ Pensions (Amendment),amendment,31282,https://laws.gov.tt/ttdll-web/revision/download/31282?type=amendment
Chronological list by year,1955,No. 22 of 1955,Registration of Deeds (Amendment),amendment,63395,https://laws.gov.tt/ttdll-web/revision/download/63395?type=amendment
Chronological list by year,1955,No. 21 of 1955,Commissioners of Affidavits (Amendment),amendment,4978,https://laws.gov.tt/ttdll-web/revision/download/4978?type=amendment
Chronological list by year,1955,No. 20 of 1955,Pensions (Amendment No. 2),amendment,25503,https://laws.gov.tt/ttdll-web/revision/download/25503?type=amendment
Chronological list by year,1955,No. 19 of 1955,Veterinary Surgeons (Registration) (Amendment),amendment,31182,https://laws.gov.tt/ttdll-web/revision/download/31182?type=amendment
Chronological list by year,1955,No. 18 of 1955,1953 Supplementary Appropriation,amendment,63397,https://laws.gov.tt/ttdll-web/revision/download/63397?type=amendment
Chronological list by year,1955,No. 17 of 1955,Fishing Industry (Assistance),amendment,63415,https://laws.gov.tt/ttdll-web/revision/download/63415?type=amendment
Chronological list by year,1955,No. 16 of 1955,Gilkes (Special Gratuity),amendment,76622,https://laws.gov.tt/ttdll-web/revision/download/76622?type=amendment
Chronological list by year,1955,No. 15 of 1955,Statistics (Amendment),amendment,32890,https://laws.gov.tt/ttdll-web/revision/download/32890?type=amendment
Chronological list by year,1955,No. 14 of 1955,Port-of-Spain Corporation (Amendment),amendment,63417,https://laws.gov.tt/ttdll-web/revision/download/63417?type=amendment
Chronological list by year,1955,No. 13 of 1955,Roads (Amendment),amendment,63419,https://laws.gov.tt/ttdll-web/revision/download/63419?type=amendment
Chronological list by year,1955,No. 12 of 1955,"Port Services (Dues, Charges and Management) (Amendment)",amendment,63421,https://laws.gov.tt/ttdll-web/revision/download/63421?type=amendment
Chronological list by year,1955,No. 11 of 1955,Trade Marks,amendment,25291,https://laws.gov.tt/ttdll-web/revision/download/25291?type=amendment
Chronological list by year,1955,No. 10 of 1955,Railway (Amendment),amendment,63407,https://laws.gov.tt/ttdll-web/revision/download/63407?type=amendment
Chronological list by year,1955,No. 9 of 1955,British Caribbean Shipping Agreement,amendment,63409,https://laws.gov.tt/ttdll-web/revision/download/63409?type=amendment
Chronological list by year,1955,No. 8 of 1955,Supplemental Police (Amendment),amendment,34988,https://laws.gov.tt/ttdll-web/revision/download/34988?type=amendment
Chronological list by year,1955,No. 7 of 1955,Evidence (Amendment),amendment,5643,https://laws.gov.tt/ttdll-web/revision/download/5643?type=amendment
Chronological list by year,1955,No. 6 of 1955,Police (Amendment),amendment,63411,https://laws.gov.tt/ttdll-web/revision/download/63411?type=amendment
Chronological list by year,1955,No. 5 of 1955,Pensions (Amendment),amendment,25501,https://laws.gov.tt/ttdll-web/revision/download/25501?type=amendment
Chronological list by year,1955,No. 4 of 1955,Distribution of German Enemy Property,amendment,63413,https://laws.gov.tt/ttdll-web/revision/download/63413?type=amendment
Chronological list by year,1955,No. 3 of 1955,Laws of Trinidad and Tobago (1950 Edition) (Miscellaneous) (Amendments),amendment,9342,https://laws.gov.tt/ttdll-web/revision/download/9342?type=amendment
Chronological list by year,1955,No. 2 of 1955,Spirits and Spirit Compounds (Amendment),amendment,31893,https://laws.gov.tt/ttdll-web/revision/download/31893?type=amendment
Chronological list by year,1955,No. 1 of 1955,Indictable Offences (Preliminary Enquiry) (Amendment),amendment,13051,https://laws.gov.tt/ttdll-web/revision/download/13051?type=amendment
Chronological list by year,1954,No. 44 of 1954,Police (Amendment) (No. 2),amendment,63123,https://laws.gov.tt/ttdll-web/revision/download/63123?type=amendment
Chronological list by year,1954,No. 43 of 1954,Oil Rights (Alien Control) (Amendment),amendment,63125,https://laws.gov.tt/ttdll-web/revision/download/63125?type=amendment
Chronological list by year,1954,No. 42 of 1954,Appropriation,amendment,63119,https://laws.gov.tt/ttdll-web/revision/download/63119?type=amendment
Chronological list by year,1954,No. 41 of 1954,Executive Council and Legislative Council (Emoluments),amendment,63121,https://laws.gov.tt/ttdll-web/revision/download/63121?type=amendment
Chronological list by year,1954,No. 40 of 1954,Governor's Emoluments (Amendment),amendment,63131,https://laws.gov.tt/ttdll-web/revision/download/63131?type=amendment
Chronological list by year,1954,No. 39 of 1954,Sugar Industry Special Funds (Amendment),amendment,33170,https://laws.gov.tt/ttdll-web/revision/download/33170?type=amendment
Chronological list by year,1954,No. 38 of 1954,Summary Offences (Amendment),amendment,35513,https://laws.gov.tt/ttdll-web/revision/download/35513?type=amendment
Chronological list by year,1954,No. 37 of 1954,Customs (Amendment),amendment,9338,https://laws.gov.tt/ttdll-web/revision/download/9338?type=amendment
Chronological list by year,1954,No. 36 of 1954,Port-of-Spain Corporation (Amendment) No. 2,amendment,63133,https://laws.gov.tt/ttdll-web/revision/download/63133?type=amendment
Chronological list by year,1954,No. 35 of 1954,Interpretation (Amendment),amendment,63127,https://laws.gov.tt/ttdll-web/revision/download/63127?type=amendment
Chronological list by year,1954,No. 34 of 1954,San Fernando Corporation (Amendment),amendment,63129,https://laws.gov.tt/ttdll-web/revision/download/63129?type=amendment
Chronological list by year,1954,No. 33 of 1954,Judicature (Amendment),amendment,76944,https://laws.gov.tt/ttdll-web/revision/download/76944?type=amendment
Chronological list by year,1954,No. 32 of 1954,Marketing Board (Amendment),amendment,63107,https://laws.gov.tt/ttdll-web/revision/download/63107?type=amendment
Chronological list by year,1954,No. 31 of 1954,Hotels (Development Encouragement) (Amendment),amendment,63109,https://laws.gov.tt/ttdll-web/revision/download/63109?type=amendment
Chronological list by year,1954,No. 30 of 1954,Income Tax (Amendment) No. 2,amendment,11882,https://laws.gov.tt/ttdll-web/revision/download/11882?type=amendment
Chronological list by year,1954,No. 29 of 1954,Nurses Registration (Amendment),amendment,63103,https://laws.gov.tt/ttdll-web/revision/download/63103?type=amendment
Chronological list by year,1954,No. 28 of 1954,Medical Board (Amendment),amendment,63105,https://laws.gov.tt/ttdll-web/revision/download/63105?type=amendment
Chronological list by year,1954,No. 27 of 1954,Cocoa Subsidy Special Taxation (Amendment),amendment,63115,https://laws.gov.tt/ttdll-web/revision/download/63115?type=amendment
Chronological list by year,1954,No. 26 of 1954,Trinidad and Tobago Electricity Commission (Amendment),amendment,34668,https://laws.gov.tt/ttdll-web/revision/download/34668?type=amendment
Chronological list by year,1954,No. 25 of 1954,San Fernando Electric Works (Amendment),amendment,63117,https://laws.gov.tt/ttdll-web/revision/download/63117?type=amendment
Chronological list by year,1954,No. 24 of 1954,Exportation of Cocoa (Amendment),amendment,76651,https://laws.gov.tt/ttdll-web/revision/download/76651?type=amendment
Chronological list by year,1954,No. 23 of 1954,Jury (Amendment),amendment,14752,https://laws.gov.tt/ttdll-web/revision/download/14752?type=amendment
Chronological list by year,1954,No. 22 of 1954,Criminal Procedure (Amendment),amendment,4821,https://laws.gov.tt/ttdll-web/revision/download/4821?type=amendment
Chronological list by year,1954,No. 21 of 1954,Consular Conventions,amendment,76647,https://laws.gov.tt/ttdll-web/revision/download/76647?type=amendment
Chronological list by year,1954,No. 20 of 1954,Income Tax (Amendment),amendment,11868,https://laws.gov.tt/ttdll-web/revision/download/11868?type=amendment
Chronological list by year,1954,No. 19 of 1954,Animals (Diseases and Importation),amendment,63111,https://laws.gov.tt/ttdll-web/revision/download/63111?type=amendment
Chronological list by year,1954,No. 18 of 1954,Wild Animals and Birds (Protection) (Amendment),amendment,63113,https://laws.gov.tt/ttdll-web/revision/download/63113?type=amendment
Chronological list by year,1954,No. 17 of 1954,1952 Supplementary Appropriation,amendment,63093,https://laws.gov.tt/ttdll-web/revision/download/63093?type=amendment
Chronological list by year,1954,No. 16 of 1954,Slum Clearance and Housing (Amendment),amendment,31345,https://laws.gov.tt/ttdll-web/revision/download/31345?type=amendment
Chronological list by year,1954,No. 15 of 1954,Widows’ and Orphans’ Pensions (Amendment),amendment,31280,https://laws.gov.tt/ttdll-web/revision/download/31280?type=amendment
Chronological list by year,1954,No. 14 of 1954,Community Centre Concert Hall,amendment,63091,https://laws.gov.tt/ttdll-web/revision/download/63091?type=amendment
Chronological list by year,1954,No. 13 of 1954,Cocoa Industry (Amendment),amendment,76642,https://laws.gov.tt/ttdll-web/revision/download/76642?type=amendment
Chronological list by year,1954,No. 12 of 1954,Municipal Corporations (Pensions) (Amendment),amendment,22957,https://laws.gov.tt/ttdll-web/revision/download/22957?type=amendment
Chronological list by year,1954,No. 11 of 1954,"Port Services (Dues, Charges and Management) (Amendment)",amendment,63089,https://laws.gov.tt/ttdll-web/revision/download/63089?type=amendment
Chronological list by year,1954,No. 10 of 1954,Police (Amendment),amendment,63087,https://laws.gov.tt/ttdll-web/revision/download/63087?type=amendment
Chronological list by year,1954,No. 9 of 1954,Port-of-Spain Corporation (Amendment),amendment,63101,https://laws.gov.tt/ttdll-web/revision/download/63101?type=amendment
Chronological list by year,1954,No. 8 of 1954,Mariners Club,amendment,63099,https://laws.gov.tt/ttdll-web/revision/download/63099?type=amendment
Chronological list by year,1954,No. 7 of 1954,Summary Offences (Amendment),amendment,35509,https://laws.gov.tt/ttdll-web/revision/download/35509?type=amendment
Chronological list by year,1954,No. 6 of 1954,Agricultural Credit Societies,amendment,63097,https://laws.gov.tt/ttdll-web/revision/download/63097?type=amendment
Chronological list by year,1954,No. 5 of 1954,Old Age Pensions (Amendment),amendment,31675,https://laws.gov.tt/ttdll-web/revision/download/31675?type=amendment
Chronological list by year,1954,No. 4 of 1954,Electricity Loan,amendment,63095,https://laws.gov.tt/ttdll-web/revision/download/63095?type=amendment
Chronological list by year,1954,No. 3 of 1954,Teachers’ Pensions (Amendment),amendment,33823,https://laws.gov.tt/ttdll-web/revision/download/33823?type=amendment
Chronological list by year,1954,No. 2 of 1954,Notaries Public (Tobago) (Amendment),amendment,63077,https://laws.gov.tt/ttdll-web/revision/download/63077?type=amendment
Chronological list by year,1954,No. 1 of 1954,Pensions (Amendment),amendment,25499,https://laws.gov.tt/ttdll-web/revision/download/25499?type=amendment
Chronological list by year,1953,No. 26 of 1953,Appropriation,amendment,63075,https://laws.gov.tt/ttdll-web/revision/download/63075?type=amendment
Chronological list by year,1953,No. 25 of 1953,Law Revision (Amendment),amendment,18411,https://laws.gov.tt/ttdll-web/revision/download/18411?type=amendment
Chronological list by year,1953,No. 24 of 1953,Summary Offences (Amendment),amendment,35505,https://laws.gov.tt/ttdll-web/revision/download/35505?type=amendment
Chronological list by year,1953,No. 23 of 1953,Prevention of Crime (Offensive Weapons),amendment,63073,https://laws.gov.tt/ttdll-web/revision/download/63073?type=amendment
Chronological list by year,1953,No. 22 of 1953,Ministers Salaries,amendment,63071,https://laws.gov.tt/ttdll-web/revision/download/63071?type=amendment
Chronological list by year,1953,No. 21 of 1953,Walls (Special Pension),amendment,63085,https://laws.gov.tt/ttdll-web/revision/download/63085?type=amendment
Chronological list by year,1953,No. 20 of 1953,Laws of Trinidad and Tobago (1950 Edition) (Miscellaneous Amendments),amendment,31068,https://laws.gov.tt/ttdll-web/revision/download/31068?type=amendment
Chronological list by year,1953,No. 19 of 1953,Raymond (Gratuity),amendment,63083,https://laws.gov.tt/ttdll-web/revision/download/63083?type=amendment
Chronological list by year,1953,No. 18 of 1953,Alice Gittens (Pension),amendment,63081,https://laws.gov.tt/ttdll-web/revision/download/63081?type=amendment
Chronological list by year,1953,No. 17 of 1953,Electric Installations (Buildings) (Amendment),amendment,6568,https://laws.gov.tt/ttdll-web/revision/download/6568?type=amendment
Chronological list by year,1953,No. 16 of 1953,Cremation,amendment,3775,https://laws.gov.tt/ttdll-web/revision/download/3775?type=amendment
Chronological list by year,1953,No. 15 of 1953,Princess Elizabeth Home for Handicapped Children Association (Incorporation),amendment,63079,https://laws.gov.tt/ttdll-web/revision/download/63079?type=amendment
Chronological list by year,1953,No. 14 of 1953,Hindu Marriage (Amendment),amendment,13764,https://laws.gov.tt/ttdll-web/revision/download/13764?type=amendment
Chronological list by year,1953,No. 13 of 1953,Local Authorities Grants and Loans,amendment,63055,https://laws.gov.tt/ttdll-web/revision/download/63055?type=amendment
Chronological list by year,1953,No. 12 of 1953,Municipal Elections (Amendment),amendment,63057,https://laws.gov.tt/ttdll-web/revision/download/63057?type=amendment
Chronological list by year,1953,No. 11 of 1953,San Fernando Corporation (Amendment),amendment,76664,https://laws.gov.tt/ttdll-web/revision/download/76664?type=amendment
Chronological list by year,1953,No. 10 of 1953,1951 Supplementary Appropriation,amendment,63059,https://laws.gov.tt/ttdll-web/revision/download/63059?type=amendment
Chronological list by year,1953,No. 9 of 1953,Trinidad and Tobago Blind Welfare Association (Incorporation),amendment,63061,https://laws.gov.tt/ttdll-web/revision/download/63061?type=amendment
Chronological list by year,1953,No. 8 of 1953,Government Housing Loans (Amendment),amendment,63063,https://laws.gov.tt/ttdll-web/revision/download/63063?type=amendment
Chronological list by year,1953,No. 7 of 1953,Corporal Punishment (Offenders over sixteen),amendment,63065,https://laws.gov.tt/ttdll-web/revision/download/63065?type=amendment
Chronological list by year,1953,No. 6 of 1953,Children (Amendment),amendment,4103,https://laws.gov.tt/ttdll-web/revision/download/4103?type=amendment
Chronological list by year,1953,No. 5 of 1953,Thomas Pension Validation,amendment,63067,https://laws.gov.tt/ttdll-web/revision/download/63067?type=amendment
Chronological list by year,1953,No. 4 of 1953,Presentation Brothers (Incorporation),amendment,63069,https://laws.gov.tt/ttdll-web/revision/download/63069?type=amendment
Chronological list by year,1953,No. 3 of 1953,Legislative Council (Powers and Privileges)-(now House of Representatives) (Powers and Privileges),amendment,63039,https://laws.gov.tt/ttdll-web/revision/download/63039?type=amendment
Chronological list by year,1953,No. 2 of 1953,Summary Offences (Amendment),amendment,35501,https://laws.gov.tt/ttdll-web/revision/download/35501?type=amendment
Chronological list by year,1953,No. 1 of 1953,Pensions (Amendment),amendment,25497,https://laws.gov.tt/ttdll-web/revision/download/25497?type=amendment
Chronological list by year,1952,No. 58 of 1952,Public Health (Amendment),amendment,63041,https://laws.gov.tt/ttdll-web/revision/download/63041?type=amendment
Chronological list by year,1952,No. 57 of 1952,Appropriation (No. 2),amendment,63043,https://laws.gov.tt/ttdll-web/revision/download/63043?type=amendment
Chronological list by year,1952,No. 56 of 1952,Copyright (Amendment),amendment,41825,https://laws.gov.tt/ttdll-web/revision/download/41825?type=amendment
Chronological list by year,1952,No. 55 of 1952,"Port Services (Dues, Charges and Management) (Amendment)",amendment,63045,https://laws.gov.tt/ttdll-web/revision/download/63045?type=amendment
Chronological list by year,1952,No. 54 of 1952,Port-of-Spain Corporation (Electricity) (Amendment No. 2),amendment,63047,https://laws.gov.tt/ttdll-web/revision/download/63047?type=amendment
Chronological list by year,1952,No. 53 of 1952,Central Water Distribution Authority (Amendment),amendment,63049,https://laws.gov.tt/ttdll-web/revision/download/63049?type=amendment
Chronological list by year,1952,No. 52 of 1952,Gamblin (Amendment),amendment,63051,https://laws.gov.tt/ttdll-web/revision/download/63051?type=amendment
Chronological list by year,1952,No. 51 of 1952,Sale of Produce (Amendment),amendment,30235,https://laws.gov.tt/ttdll-web/revision/download/30235?type=amendment
Chronological list by year,1952,No. 50 of 1952,Spirits and Spirit Compounds (Amendment No. 2),amendment,31889,https://laws.gov.tt/ttdll-web/revision/download/31889?type=amendment
Chronological list by year,1952,No. 49 of 1952,Trinidad and Tobago Electricity Commission (Amendment No. 2),amendment,34652,https://laws.gov.tt/ttdll-web/revision/download/34652?type=amendment
Chronological list by year,1952,No. 48 of 1952,Cocoa Industry (Amendment),amendment,63053,https://laws.gov.tt/ttdll-web/revision/download/63053?type=amendment
Chronological list by year,1952,No. 47 of 1952,Motor Vehicles and Road Traffic (Amendment No. 3),amendment,21505,https://laws.gov.tt/ttdll-web/revision/download/21505?type=amendment
Chronological list by year,1952,No. 46 of 1952,Blanc (Injury Allowance),amendment,63025,https://laws.gov.tt/ttdll-web/revision/download/63025?type=amendment
Chronological list by year,1952,No. 45 of 1952,Oil Mining (High Water Mark),amendment,63023,https://laws.gov.tt/ttdll-web/revision/download/63023?type=amendment
Chronological list by year,1952,No. 44 of 1952,Agricultural Credit Societies (Amendment),amendment,63029,https://laws.gov.tt/ttdll-web/revision/download/63029?type=amendment
Chronological list by year,1952,No. 43 of 1952,Agricultural Credit Bank (Amendment No. 2),amendment,63027,https://laws.gov.tt/ttdll-web/revision/download/63027?type=amendment
Chronological list by year,1952,No. 42 of 1952,Co-operatives Societies,amendment,63033,https://laws.gov.tt/ttdll-web/revision/download/63033?type=amendment
Chronological list by year,1952,No. 41 of 1952,Sanatan Dharma Maha-Sabha of Trinidad and Tobago (Incorporation),amendment,63031,https://laws.gov.tt/ttdll-web/revision/download/63031?type=amendment
Chronological list by year,1952,No. 40 of 1952,Alstons Limited Provident Fund Board (Incorporation),amendment,63037,https://laws.gov.tt/ttdll-web/revision/download/63037?type=amendment
Chronological list by year,1952,No. 39 of 1952,County Councils,amendment,4154,https://laws.gov.tt/ttdll-web/revision/download/4154?type=amendment
Chronological list by year,1952,No. 38 of 1952,Government Provident Fund,amendment,27362,https://laws.gov.tt/ttdll-web/revision/download/27362?type=amendment
Chronological list by year,1952,No. 37 of 1952,Exportation of Cocoa (Amendment),amendment,63035,https://laws.gov.tt/ttdll-web/revision/download/63035?type=amendment
Chronological list by year,1952,No. 36 of 1952,"Mines, Borings and Quarries (Amendment)",amendment,63009,https://laws.gov.tt/ttdll-web/revision/download/63009?type=amendment
Chronological list by year,1952,No. 35 of 1952,Marriage (Amendment),amendment,26592,https://laws.gov.tt/ttdll-web/revision/download/26592?type=amendment
Chronological list by year,1952,No. 34 of 1952,Births and Deaths Registration (Amendment No. 2),amendment,63007,https://laws.gov.tt/ttdll-web/revision/download/63007?type=amendment
Chronological list by year,1952,No. 33 of 1952,Hotels (Development Encouragement) (Amendment),amendment,11856,https://laws.gov.tt/ttdll-web/revision/download/11856?type=amendment
Chronological list by year,1952,No. 32 of 1952,Trinidad and Tobago Electricity Commission (Amendment),amendment,34648,https://laws.gov.tt/ttdll-web/revision/download/34648?type=amendment
Chronological list by year,1952,No. 31 of 1952,Port-of-Spain Corporation (Electricity) (Amendment),amendment,63013,https://laws.gov.tt/ttdll-web/revision/download/63013?type=amendment
Chronological list by year,1952,No. 30 of 1952,Motor Vehicles and Road Traffic (Amendment No. 2),amendment,21503,https://laws.gov.tt/ttdll-web/revision/download/21503?type=amendment
Chronological list by year,1952,No. 29 of 1952,Railway,amendment,63011,https://laws.gov.tt/ttdll-web/revision/download/63011?type=amendment
Chronological list by year,1952,No. 28 of 1952,Exportation of Cocoa,amendment,63017,https://laws.gov.tt/ttdll-web/revision/download/63017?type=amendment
Chronological list by year,1952,No. 27 of 1952,Trinidad and Tobago Association for the Prevention of Tuberculosis (Incorporation),amendment,63015,https://laws.gov.tt/ttdll-web/revision/download/63015?type=amendment
Chronological list by year,1952,No. 26 of 1952,Statistics,amendment,63021,https://laws.gov.tt/ttdll-web/revision/download/63021?type=amendment
Chronological list by year,1952,No. 25 of 1952,Customs (Amendment No. 2),amendment,9336,https://laws.gov.tt/ttdll-web/revision/download/9336?type=amendment
Chronological list by year,1952,No. 24 of 1952,Customs (Amendment),amendment,9334,https://laws.gov.tt/ttdll-web/revision/download/9334?type=amendment
Chronological list by year,1952,No. 23 of 1952,Brewery (Amendment),amendment,7130,https://laws.gov.tt/ttdll-web/revision/download/7130?type=amendment
Chronological list by year,1952,No. 22 of 1952,Teachers' Pensions,amendment,63019,https://laws.gov.tt/ttdll-web/revision/download/63019?type=amendment
Chronological list by year,1952,No. 21 of 1952,Widows’ and Orphans’ Pensions (Amendment),amendment,31278,https://laws.gov.tt/ttdll-web/revision/download/31278?type=amendment
Chronological list by year,1952,No. 20 of 1952,Registration of Deeds (Amendment),amendment,63259,https://laws.gov.tt/ttdll-web/revision/download/63259?type=amendment
Chronological list by year,1952,No. 19 of 1952,Land Surveyors,amendment,18054,https://laws.gov.tt/ttdll-web/revision/download/18054?type=amendment
Chronological list by year,1952,No. 18 of 1952,Credit Union Societies (Amendment),amendment,76697,https://laws.gov.tt/ttdll-web/revision/download/76697?type=amendment
Chronological list by year,1952,No. 17 of 1952,Agricultural Credit Bank (Amendment),amendment,63261,https://laws.gov.tt/ttdll-web/revision/download/63261?type=amendment
Chronological list by year,1952,No. 16 of 1952,Diseases of Animals (Poultry),amendment,12246,https://laws.gov.tt/ttdll-web/revision/download/12246?type=amendment
Chronological list by year,1952,No. 15 of 1952,Spirits and Spirit Compounds (Amendment),amendment,31887,https://laws.gov.tt/ttdll-web/revision/download/31887?type=amendment
Chronological list by year,1952,No. 14 of 1952,Stamp Duty (Amendment),amendment,35074,https://laws.gov.tt/ttdll-web/revision/download/35074?type=amendment
Chronological list by year,1952,No. 13 of 1952,1950 Supplementary Appropriation,amendment,63255,https://laws.gov.tt/ttdll-web/revision/download/63255?type=amendment
Chronological list by year,1952,No. 12 of 1952,Zoological Society of Trinidad and Tobago (Incorporation),amendment,63257,https://laws.gov.tt/ttdll-web/revision/download/63257?type=amendment
Chronological list by year,1952,No. 11 of 1952,1949 Supplementary Appropriation (Amendment),amendment,63251,https://laws.gov.tt/ttdll-web/revision/download/63251?type=amendment
Chronological list by year,1952,No. 10 of 1952,Pensions (Amendment),amendment,25495,https://laws.gov.tt/ttdll-web/revision/download/25495?type=amendment
Chronological list by year,1952,No. 9 of 1952,Douglas (Special Allowance),amendment,63253,https://laws.gov.tt/ttdll-web/revision/download/63253?type=amendment
Chronological list by year,1952,No. 8 of 1952,Aid to Pioneer Industries (Amendment),amendment,63247,https://laws.gov.tt/ttdll-web/revision/download/63247?type=amendment
Chronological list by year,1952,No. 7 of 1952,British West Indian Airways Limited (Pilots) Provident Fund Board (Incorporation),amendment,63249,https://laws.gov.tt/ttdll-web/revision/download/63249?type=amendment
Chronological list by year,1952,No. 6 of 1952,British West Indian Airways Limited (General Staff) Provident Fund Board (Incorporation),amendment,63243,https://laws.gov.tt/ttdll-web/revision/download/63243?type=amendment
Chronological list by year,1952,No. 5 of 1952,Births and Deaths Registration (Amendment),amendment,3763,https://laws.gov.tt/ttdll-web/revision/download/3763?type=amendment
Chronological list by year,1952,No. 4 of 1952,Old Age Pensions (Amendment),amendment,31673,https://laws.gov.tt/ttdll-web/revision/download/31673?type=amendment
Chronological list by year,1952,No. 3 of 1952,Police (Amendment),amendment,63245,https://laws.gov.tt/ttdll-web/revision/download/63245?type=amendment
Chronological list by year,1952,No. 2 of 1952,Motor Vehicles and Road Traffic (Amendment),amendment,21501,https://laws.gov.tt/ttdll-web/revision/download/21501?type=amendment
Chronological list by year,1952,No. 1 of 1952,Diplomatic Privileges (Extension) (Amendment),amendment,63239,https://laws.gov.tt/ttdll-web/revision/download/63239?type=amendment
Chronological list by year,1951,No. 48 of 1951,Appropriation (No. 2),amendment,63241,https://laws.gov.tt/ttdll-web/revision/download/63241?type=amendment
Chronological list by year,1951,No. 47 of 1951,Stamp Duty (Amendment),amendment,35072,https://laws.gov.tt/ttdll-web/revision/download/35072?type=amendment
Chronological list by year,1951,No. 46 of 1951,Solicitors (Amendment),amendment,63235,https://laws.gov.tt/ttdll-web/revision/download/63235?type=amendment
Chronological list by year,1951,No. 45 of 1951,Dogs (Amendment),amendment,5238,https://laws.gov.tt/ttdll-web/revision/download/5238?type=amendment
Chronological list by year,1951,No. 44 of 1951,Customs (Amendment),amendment,9332,https://laws.gov.tt/ttdll-web/revision/download/9332?type=amendment
Chronological list by year,1951,No. 43 of 1951,Supplementary Appropriation,amendment,63237,https://laws.gov.tt/ttdll-web/revision/download/63237?type=amendment
Chronological list by year,1951,No. 42 of 1951,Pensions (Certain Employees),amendment,63231,https://laws.gov.tt/ttdll-web/revision/download/63231?type=amendment
Chronological list by year,1951,No. 41 of 1951,Cement Industry (Development),amendment,29846,https://laws.gov.tt/ttdll-web/revision/download/29846?type=amendment
Chronological list by year,1951,No. 40 of 1951,Sugar Industry Labour Welfare Committee (Incorporation),amendment,63233,https://laws.gov.tt/ttdll-web/revision/download/63233?type=amendment
Chronological list by year,1951,No. 39 of 1951,Slum Clearance and Housing (Temporary Provision),amendment,31343,https://laws.gov.tt/ttdll-web/revision/download/31343?type=amendment
Chronological list by year,1951,No. 38 of 1951,Public Assistance (Amendment),amendment,27980,https://laws.gov.tt/ttdll-web/revision/download/27980?type=amendment
Chronological list by year,1951,No. 37 of 1951,Old Age Pensions (Amendment No. 2),amendment,31661,https://laws.gov.tt/ttdll-web/revision/download/31661?type=amendment
Chronological list by year,1951,No. 36 of 1951,Larceny (Amendment),amendment,18247,https://laws.gov.tt/ttdll-web/revision/download/18247?type=amendment
Chronological list by year,1951,No. 35 of 1951,"Port Services (Dues, Charges and Management) (Amendment)",amendment,63229,https://laws.gov.tt/ttdll-web/revision/download/63229?type=amendment
Chronological list by year,1951,No. 34 of 1951,Public Service Commission,amendment,63227,https://laws.gov.tt/ttdll-web/revision/download/63227?type=amendment
Chronological list by year,1951,No. 33 of 1951,Firearms and Ammunition (Amendment),amendment,63225,https://laws.gov.tt/ttdll-web/revision/download/63225?type=amendment
Chronological list by year,1951,No. 32 of 1951,Motor Vehicles and Road Traffic (Amendment),amendment,21499,https://laws.gov.tt/ttdll-web/revision/download/21499?type=amendment
Chronological list by year,1951,No. 31 of 1951,Police (Amendment),amendment,63223,https://laws.gov.tt/ttdll-web/revision/download/63223?type=amendment
Chronological list by year,1951,No. 30 of 1951,Motor Vehicles and Road Traffic (Amendment),amendment,21497,https://laws.gov.tt/ttdll-web/revision/download/21497?type=amendment
Chronological list by year,1951,No. 29 of 1951,Hotels (Development Encouragement) (Continuance),amendment,63221,https://laws.gov.tt/ttdll-web/revision/download/63221?type=amendment
Chronological list by year,1951,No. 28 of 1951,Private Schools,amendment,63219,https://laws.gov.tt/ttdll-web/revision/download/63219?type=amendment
Chronological list by year,1951,No. 27 of 1951,Education,amendment,8766,https://laws.gov.tt/ttdll-web/revision/download/8766?type=amendment
Chronological list by year,1951,No. 26 of 1951,Government Employees (Gratuities and Pensions),amendment,76726,https://laws.gov.tt/ttdll-web/revision/download/76726?type=amendment
Chronological list by year,1951,No. 25 of 1951,Oil Pollution of Territorial Waters,amendment,63217,https://laws.gov.tt/ttdll-web/revision/download/63217?type=amendment
Chronological list by year,1951,No. 24 of 1951,Summary Courts (Amendment),amendment,35671,https://laws.gov.tt/ttdll-web/revision/download/35671?type=amendment
Chronological list by year,1951,No. 23 of 1951,Income Tax (Amendment) (No. 3),amendment,11854,https://laws.gov.tt/ttdll-web/revision/download/11854?type=amendment
Chronological list by year,1951,No. 22 of 1951,Income Tax (Amendment) (No. 2),amendment,11852,https://laws.gov.tt/ttdll-web/revision/download/11852?type=amendment
Chronological list by year,1951,No. 21 of 1951,Jury (Amendment),amendment,14745,https://laws.gov.tt/ttdll-web/revision/download/14745?type=amendment
Chronological list by year,1951,No. 20 of 1951,Shouters Prohibition (Repeal),amendment,63215,https://laws.gov.tt/ttdll-web/revision/download/63215?type=amendment
Chronological list by year,1951,No. 19 of 1951,Old Age Pensions (Amendment),amendment,31657,https://laws.gov.tt/ttdll-web/revision/download/31657?type=amendment
Chronological list by year,1951,No. 18 of 1951,Public Assistance,amendment,63213,https://laws.gov.tt/ttdll-web/revision/download/63213?type=amendment
Chronological list by year,1951,No. 17 of 1951,Provident Fund (Amendment),amendment,27360,https://laws.gov.tt/ttdll-web/revision/download/27360?type=amendment
Chronological list by year,1951,No. 16 of 1951,Benjamin Semper (Gratuity and Reduced Pension),amendment,63211,https://laws.gov.tt/ttdll-web/revision/download/63211?type=amendment
Chronological list by year,1951,No. 15 of 1951,Theatres and Dance Halls (Amendment),amendment,33506,https://laws.gov.tt/ttdll-web/revision/download/33506?type=amendment
Chronological list by year,1951,No. 14 of 1951,Edwin Young (Gratuity and Reduced Pension),amendment,63209,https://laws.gov.tt/ttdll-web/revision/download/63209?type=amendment
Chronological list by year,1951,No. 13 of 1951,Summary Offences (Amendment),amendment,35497,https://laws.gov.tt/ttdll-web/revision/download/35497?type=amendment
Chronological list by year,1951,No. 12 of 1951,Fire Brigades (Amendment),amendment,63207,https://laws.gov.tt/ttdll-web/revision/download/63207?type=amendment
Chronological list by year,1951,No. 11 of 1951,Economic Programme Loan,amendment,63205,https://laws.gov.tt/ttdll-web/revision/download/63205?type=amendment
Chronological list by year,1951,No. 10 of 1951,General Local Loan (Municipal Corporations) (Amendment),amendment,11858,https://laws.gov.tt/ttdll-web/revision/download/11858?type=amendment
Chronological list by year,1951,No. 9 of 1951,General Local Loan (Amendment),amendment,12208,https://laws.gov.tt/ttdll-web/revision/download/12208?type=amendment
Chronological list by year,1951,No. 8 of 1951,General Loan and Stock,amendment,63203,https://laws.gov.tt/ttdll-web/revision/download/63203?type=amendment
Chronological list by year,1951,No. 7 of 1951,Pool Betting (Amendment),amendment,63201,https://laws.gov.tt/ttdll-web/revision/download/63201?type=amendment
Chronological list by year,1951,No. 6 of 1951,British Nationality Offences and Fees,amendment,63199,https://laws.gov.tt/ttdll-web/revision/download/63199?type=amendment
Chronological list by year,1951,No. 5 of 1951,Appropriation,amendment,12890,https://laws.gov.tt/ttdll-web/revision/download/12890?type=amendment
Chronological list by year,1951,No. 4 of 1951,Public Library (Amendment),amendment,63191,https://laws.gov.tt/ttdll-web/revision/download/63191?type=amendment
Chronological list by year,1951,No. 3 of 1951,Government Housing Loans (Amendment),amendment,63193,https://laws.gov.tt/ttdll-web/revision/download/63193?type=amendment
Chronological list by year,1951,No. 2 of 1951,Florence Kernahan (Gratuity and Reduced Pension),amendment,63195,https://laws.gov.tt/ttdll-web/revision/download/63195?type=amendment
Chronological list by year,1951,No. 1 of 1951,Income Tax (Amendment),amendment,11848,https://laws.gov.tt/ttdll-web/revision/download/11848?type=amendment
Chronological list by year,1950,No. 47 of 1950,Real Property (Amendment),amendment,63197,https://laws.gov.tt/ttdll-web/revision/download/63197?type=amendment
Chronological list by year,1950,No. 46 of 1950,Diseases of Animals (Amendment),amendment,63183,https://laws.gov.tt/ttdll-web/revision/download/63183?type=amendment
Chronological list by year,1950,No. 45 of 1950,Legislative and Executive Council Members (Classification of Status),amendment,63185,https://laws.gov.tt/ttdll-web/revision/download/63185?type=amendment
Chronological list by year,1950,No. 44 of 1950,Control of Importation of Live Fish,amendment,63187,https://laws.gov.tt/ttdll-web/revision/download/63187?type=amendment
Chronological list by year,1950,No. 43 of 1950,Friendly Societies,amendment,13241,https://laws.gov.tt/ttdll-web/revision/download/13241?type=amendment
Chronological list by year,1950,No. 42 of 1950,Legislative Council (Elections) (Amendment No. 3),amendment,63189,https://laws.gov.tt/ttdll-web/revision/download/63189?type=amendment
Chronological list by year,1950,No. 41 of 1950,Legislative Council (Elections) (Amendment No. 2),amendment,63175,https://laws.gov.tt/ttdll-web/revision/download/63175?type=amendment
Chronological list by year,1950,No. 40 of 1950,Aid to Pioneer Industries (Amendment),amendment,63177,https://laws.gov.tt/ttdll-web/revision/download/63177?type=amendment
Chronological list by year,1950,No. 39 of 1950,Currency,amendment,63179,https://laws.gov.tt/ttdll-web/revision/download/63179?type=amendment
Chronological list by year,1950,No. 38 of 1950,Nurses Registration,amendment,63181,https://laws.gov.tt/ttdll-web/revision/download/63181?type=amendment
Chronological list by year,1950,No. 37 of 1950,Pounds,amendment,26818,https://laws.gov.tt/ttdll-web/revision/download/26818?type=amendment
Chronological list by year,1950,No. 36 of 1950,Government Housing Loans (Amendment),amendment,63167,https://laws.gov.tt/ttdll-web/revision/download/63167?type=amendment
Chronological list by year,1950,No. 35 of 1950,Society of St. Vincent de Paul Incorporation,amendment,63169,https://laws.gov.tt/ttdll-web/revision/download/63169?type=amendment
Chronological list by year,1950,No. 34 of 1950,Excess Profits Tax (Post War Refunds),amendment,63171,https://laws.gov.tt/ttdll-web/revision/download/63171?type=amendment
Chronological list by year,1950,No. 33 of 1950,Pool Betting,amendment,63173,https://laws.gov.tt/ttdll-web/revision/download/63173?type=amendment
Chronological list by year,1950,No. 32 of 1950,Electricity Inspection (Amendment),amendment,6758,https://laws.gov.tt/ttdll-web/revision/download/6758?type=amendment
Chronological list by year,1950,No. 31 of 1950,Motor Launches,amendment,22756,https://laws.gov.tt/ttdll-web/revision/download/22756?type=amendment
Chronological list by year,1950,No. 30 of 1950,Legislative Council (Elections) (Amendment),amendment,63161,https://laws.gov.tt/ttdll-web/revision/download/63161?type=amendment
Chronological list by year,1950,No. 29 of 1950,Supplementary Appropriation,amendment,63159,https://laws.gov.tt/ttdll-web/revision/download/63159?type=amendment
Chronological list by year,1950,No. 28 of 1950,Pensions,amendment,25479,https://laws.gov.tt/ttdll-web/revision/download/25479?type=amendment
Chronological list by year,1950,No. 27 of 1950,Friendly Societies Housing Corporation,amendment,63165,https://laws.gov.tt/ttdll-web/revision/download/63165?type=amendment
Chronological list by year,1950,No. 26 of 1950,Trinidad Muslim League Incorporation,amendment,63163,https://laws.gov.tt/ttdll-web/revision/download/63163?type=amendment
Chronological list by year,1950,No. 25 of 1950,Fire Brigades (Amendment),amendment,63153,https://laws.gov.tt/ttdll-web/revision/download/63153?type=amendment
Chronological list by year,1950,No. 24 of 1950,Sugar Industry Special Funds,amendment,33164,https://laws.gov.tt/ttdll-web/revision/download/33164?type=amendment
Chronological list by year,1950,No. 23 of 1950,Labour Statistics (Amendment),amendment,63151,https://laws.gov.tt/ttdll-web/revision/download/63151?type=amendment
Chronological list by year,1950,No. 22 of 1950,Wages Councils (Amendment),amendment,63157,https://laws.gov.tt/ttdll-web/revision/download/63157?type=amendment
Chronological list by year,1950,No. 21 of 1950,Shop (Hours of Opening and Employment),amendment,31225,https://laws.gov.tt/ttdll-web/revision/download/31225?type=amendment
Chronological list by year,1950,No. 20 of 1950,Bankers Licences and Bank Notes (Amendment),amendment,63155,https://laws.gov.tt/ttdll-web/revision/download/63155?type=amendment
Chronological list by year,1950,No. 19 of 1950,Production of Cane,amendment,27070,https://laws.gov.tt/ttdll-web/revision/download/27070?type=amendment
Chronological list by year,1950,No. 18 of 1950,Friendly Societies,amendment,63145,https://laws.gov.tt/ttdll-web/revision/download/63145?type=amendment
Chronological list by year,1950,No. 17 of 1950,Pensions,amendment,25477,https://laws.gov.tt/ttdll-web/revision/download/25477?type=amendment
Chronological list by year,1950,No. 16 of 1950,Railways (Amendment),amendment,63143,https://laws.gov.tt/ttdll-web/revision/download/63143?type=amendment
Chronological list by year,1950,No. 15 of 1950,Supplemental Police,amendment,34984,https://laws.gov.tt/ttdll-web/revision/download/34984?type=amendment
Chronological list by year,1950,No. 14 of 1950,Police,amendment,63149,https://laws.gov.tt/ttdll-web/revision/download/63149?type=amendment
Chronological list by year,1950,No. 13 of 1950,Aid of Pioneer Industries,amendment,63147,https://laws.gov.tt/ttdll-web/revision/download/63147?type=amendment
Chronological list by year,1950,No. 12 of 1950,Income Tax (In Aid of industry),amendment,63137,https://laws.gov.tt/ttdll-web/revision/download/63137?type=amendment
Chronological list by year,1950,No. 11 of 1950,Rent Restriction Continuation,amendment,63135,https://laws.gov.tt/ttdll-web/revision/download/63135?type=amendment
Chronological list by year,1950,No. 10 of 1950,Motion Picture Films (Carriage and Storage),amendment,63141,https://laws.gov.tt/ttdll-web/revision/download/63141?type=amendment
Chronological list by year,1950,No. 9 of 1950,Agricultural Credit Bank (Amendment),amendment,63139,https://laws.gov.tt/ttdll-web/revision/download/63139?type=amendment
Chronological list by year,1950,No. 8 of 1950,State Lands,amendment,35368,https://laws.gov.tt/ttdll-web/revision/download/35368?type=amendment
Chronological list by year,1950,No. 7 of 1950,Port-of-Spain Corporation (Amendment),amendment,69379,https://laws.gov.tt/ttdll-web/revision/download/69379?type=amendment
Chronological list by year,1950,No. 6 of 1950,Registration of Business Names,amendment,28825,https://laws.gov.tt/ttdll-web/revision/download/28825?type=amendment
Chronological list by year,1950,No. 5 of 1950,Companies (Amendment),amendment,69381,https://laws.gov.tt/ttdll-web/revision/download/69381?type=amendment
Chronological list by year,1950,No. 4 of 1950,Gambling (Amendment),amendment,69375,https://laws.gov.tt/ttdll-web/revision/download/69375?type=amendment
Chronological list by year,1950,No. 3 of 1950,Governors Emoluments (Amendment),amendment,69377,https://laws.gov.tt/ttdll-web/revision/download/69377?type=amendment
Chronological list by year,1950,No. 2 of 1950,Provident Fund,amendment,27358,https://laws.gov.tt/ttdll-web/revision/download/27358?type=amendment
Chronological list by year,1950,No. 1 of 1950,Income Tax (Amendment),amendment,69371,https://laws.gov.tt/ttdll-web/revision/download/69371?type=amendment
Chronological list by year,1949,No. 40 of 1949,County Councils (Amendment),amendment,69373,https://laws.gov.tt/ttdll-web/revision/download/69373?type=amendment
Chronological list by year,1949,No. 39 of 1949,Rents of Small Agricultural Holdings (Amendment),amendment,69367,https://laws.gov.tt/ttdll-web/revision/download/69367?type=amendment
Chronological list by year,1949,No. 38 of 1949,Rent Restriction (Amendment),amendment,69369,https://laws.gov.tt/ttdll-web/revision/download/69369?type=amendment
Chronological list by year,1949,No. 37 of 1949,Motor Vehicles and Road Traffic (Amendment No. 2),amendment,21495,https://laws.gov.tt/ttdll-web/revision/download/21495?type=amendment
Chronological list by year,1949,No. 36 of 1949,Appropriation No. 2,amendment,69363,https://laws.gov.tt/ttdll-web/revision/download/69363?type=amendment
Chronological list by year,1949,No. 35 of 1949,Oil Field Fires Control (Amendment),amendment,69365,https://laws.gov.tt/ttdll-web/revision/download/69365?type=amendment
Chronological list by year,1949,No. 34 of 1949,Oil Mining and Refining (Amendment),amendment,69359,https://laws.gov.tt/ttdll-web/revision/download/69359?type=amendment
Chronological list by year,1949,No. 33 of 1949,Oil Bearing Sands (Water Control) (Amendment),amendment,69361,https://laws.gov.tt/ttdll-web/revision/download/69361?type=amendment
Chronological list by year,1949,No. 32 of 1949,Port-of-Spain Corporation (Amendment),amendment,69355,https://laws.gov.tt/ttdll-web/revision/download/69355?type=amendment
Chronological list by year,1949,No. 31 of 1949,San Fernando Slaugher Houses Bye Laws-(Validation),amendment,69357,https://laws.gov.tt/ttdll-web/revision/download/69357?type=amendment
Chronological list by year,1949,No. 30 of 1949,Mary Antionette Pierre (Gratuity and Pensions),amendment,69351,https://laws.gov.tt/ttdll-web/revision/download/69351?type=amendment
Chronological list by year,1949,No. 29 of 1949,Catherine Reid Ross (Widows Pensions),amendment,69353,https://laws.gov.tt/ttdll-web/revision/download/69353?type=amendment
Chronological list by year,1949,No. 28 of 1949,Arima Corporation (Amendment),amendment,69349,https://laws.gov.tt/ttdll-web/revision/download/69349?type=amendment
Chronological list by year,1949,No. 27 of 1949,Education (Amendment No. 2),amendment,8762,https://laws.gov.tt/ttdll-web/revision/download/8762?type=amendment
Chronological list by year,1949,No. 26 of 1949,United States Bases (Temporary Provisions) (Amendment),amendment,69347,https://laws.gov.tt/ttdll-web/revision/download/69347?type=amendment
Chronological list by year,1949,No. 25 of 1949,Bruce Stephens Trust (Amendment),amendment,4109,https://laws.gov.tt/ttdll-web/revision/download/4109?type=amendment
Chronological list by year,1949,No. 24 of 1949,West Indian United Baptist Sacred Order Incorporation,amendment,69345,https://laws.gov.tt/ttdll-web/revision/download/69345?type=amendment
Chronological list by year,1949,No. 23 of 1949,Law Revision,amendment,18409,https://laws.gov.tt/ttdll-web/revision/download/18409?type=amendment
Chronological list by year,1949,No. 22 of 1949,Cinematograph (Amendment),amendment,4394,https://laws.gov.tt/ttdll-web/revision/download/4394?type=amendment
Chronological list by year,1949,No. 21 of 1949,Excise (General Provisions) (Amendment),amendment,5917,https://laws.gov.tt/ttdll-web/revision/download/5917?type=amendment
Chronological list by year,1949,No. 20 of 1949,Wages Councils,amendment,69341,https://laws.gov.tt/ttdll-web/revision/download/69341?type=amendment
Chronological list by year,1949,No. 19 of 1949,Gambling (Amendment),amendment,76752,https://laws.gov.tt/ttdll-web/revision/download/76752?type=amendment
Chronological list by year,1949,No. 18 of 1949,Mount Saint Benedict Monastery (Incorporation) (Amendment),amendment,76750,https://laws.gov.tt/ttdll-web/revision/download/76750?type=amendment
Chronological list by year,1949,No. 17 of 1949,Education (Amendment),amendment,8756,https://laws.gov.tt/ttdll-web/revision/download/8756?type=amendment
Chronological list by year,1949,No. 16 of 1949,Landlord and Tenant (Amendment),amendment,69339,https://laws.gov.tt/ttdll-web/revision/download/69339?type=amendment
Chronological list by year,1949,No. 15 of 1949,Diplomatic Privileges (Extension) (Amendment),amendment,69337,https://laws.gov.tt/ttdll-web/revision/download/69337?type=amendment
Chronological list by year,1949,No. 14 of 1949,Lime Oil (Control of Manufacture),amendment,69335,https://laws.gov.tt/ttdll-web/revision/download/69335?type=amendment
Chronological list by year,1949,No. 13 of 1949,Aliens (Land Holding) (Amendment),amendment,69333,https://laws.gov.tt/ttdll-web/revision/download/69333?type=amendment
Chronological list by year,1949,No. 12 of 1949,Trinidad and Tobago Nursery Association Incorporation,amendment,69331,https://laws.gov.tt/ttdll-web/revision/download/69331?type=amendment
Chronological list by year,1949,No. 11 of 1949,Child Welfare League of Trinidad and Tobago Incorporation,amendment,69329,https://laws.gov.tt/ttdll-web/revision/download/69329?type=amendment
Chronological list by year,1949,No. 10 of 1949,Motor Vehicles and Road Traffic,amendment,21493,https://laws.gov.tt/ttdll-web/revision/download/21493?type=amendment
Chronological list by year,1949,No. 9 of 1949,Holy Name Convent Incorporation,amendment,69327,https://laws.gov.tt/ttdll-web/revision/download/69327?type=amendment
Chronological list by year,1949,No. 8 of 1949,Local Naturalisation (Repeal),amendment,69325,https://laws.gov.tt/ttdll-web/revision/download/69325?type=amendment
Chronological list by year,1949,No. 7 of 1949,Beekeeping and Bee Products (Amendment),amendment,3944,https://laws.gov.tt/ttdll-web/revision/download/3944?type=amendment
Chronological list by year,1949,No. 6 of 1949,Supplementary Appropriation,amendment,76747,https://laws.gov.tt/ttdll-web/revision/download/76747?type=amendment
Chronological list by year,1949,No. 5 of 1949,Central Library of Trinidad and Tobago,amendment,76745,https://laws.gov.tt/ttdll-web/revision/download/76745?type=amendment
Chronological list by year,1949,No. 4 of 1949,Harbours (Amendment),amendment,14342,https://laws.gov.tt/ttdll-web/revision/download/14342?type=amendment
Chronological list by year,1949,No. 3 of 1949,Appropriation,amendment,76742,https://laws.gov.tt/ttdll-web/revision/download/76742?type=amendment
Chronological list by year,1949,No. 2 of 1949,Petty Civil Courts (Amendment),amendment,24218,https://laws.gov.tt/ttdll-web/revision/download/24218?type=amendment
Chronological list by year,1949,No. 1 of 1949,Electric Installations (Buildings) (Amendment),amendment,6558,https://laws.gov.tt/ttdll-web/revision/download/6558?type=amendment
Chronological list by year,1948,No. 36 of 1948,Cinematograph Entertainments (Maximum Charges),amendment,69323,https://laws.gov.tt/ttdll-web/revision/download/69323?type=amendment
Chronological list by year,1948,No. 35 of 1948,San Fernando Corporation (Amendment),amendment,69321,https://laws.gov.tt/ttdll-web/revision/download/69321?type=amendment
Chronological list by year,1948,No. 34 of 1948,Public Authorities Protection (Amendment),amendment,69319,https://laws.gov.tt/ttdll-web/revision/download/69319?type=amendment
Chronological list by year,1948,No. 33 of 1948,Motor Vehicles and Road Traffic (Amendment),amendment,21491,https://laws.gov.tt/ttdll-web/revision/download/21491?type=amendment
Chronological list by year,1948,No. 32 of 1948,"Port Services (Dues, Charges and Management)",amendment,69311,https://laws.gov.tt/ttdll-web/revision/download/69311?type=amendment
Chronological list by year,1948,No. 31 of 1948,Cinematograph (Amendment),amendment,4386,https://laws.gov.tt/ttdll-web/revision/download/4386?type=amendment
Chronological list by year,1948,No. 30 of 1948,Income Tax (Amendment No. 3),amendment,69313,https://laws.gov.tt/ttdll-web/revision/download/69313?type=amendment
Chronological list by year,1948,No. 29 of 1948,Petroleum (Amendment),amendment,69315,https://laws.gov.tt/ttdll-web/revision/download/69315?type=amendment
Chronological list by year,1948,No. 28 of 1948,Customs (Amendment),amendment,9330,https://laws.gov.tt/ttdll-web/revision/download/9330?type=amendment
Chronological list by year,1948,No. 27 of 1948,Cocoa Industry (Amendment),amendment,69317,https://laws.gov.tt/ttdll-web/revision/download/69317?type=amendment
Chronological list by year,1948,No. 26 of 1948,Summary Offences (Amendment),amendment,35493,https://laws.gov.tt/ttdll-web/revision/download/35493?type=amendment
Chronological list by year,1948,No. 25 of 1948,Indictable Offences (Preliminary Enquiry) (Amendment),amendment,13049,https://laws.gov.tt/ttdll-web/revision/download/13049?type=amendment
Chronological list by year,1948,No. 24 of 1948,Summary Counts (Amendment),amendment,35667,https://laws.gov.tt/ttdll-web/revision/download/35667?type=amendment
Chronological list by year,1948,No. 22 of 1948,Gilbert Roberts (Pensions),amendment,69303,https://laws.gov.tt/ttdll-web/revision/download/69303?type=amendment
Chronological list by year,1948,No. 21 of 1948,Petroleum Office and Conservation Board (Amendment),amendment,69305,https://laws.gov.tt/ttdll-web/revision/download/69305?type=amendment
Chronological list by year,1948,No. 20 of 1948,Agricultural Credit Societies (Amendment),amendment,69307,https://laws.gov.tt/ttdll-web/revision/download/69307?type=amendment
Chronological list by year,1948,No. 19 of 1948,Re-organization of the Mines Department,amendment,5915,https://laws.gov.tt/ttdll-web/revision/download/5915?type=amendment
Chronological list by year,1948,No. 18 of 1948,Antibiotics,amendment,69309,https://laws.gov.tt/ttdll-web/revision/download/69309?type=amendment
Chronological list by year,1948,No. 17 of 1948,British and Allied Merchant Navy Club (Amendment),amendment,69295,https://laws.gov.tt/ttdll-web/revision/download/69295?type=amendment
Chronological list by year,1948,No. 16 of 1948,Jury (Amendment),amendment,14729,https://laws.gov.tt/ttdll-web/revision/download/14729?type=amendment
Chronological list by year,1948,No. 15 of 1948,Adoption of Children (Amendment),amendment,15270,https://laws.gov.tt/ttdll-web/revision/download/15270?type=amendment
Chronological list by year,1948,No. 14 of 1948,School Teachers Pensions (Amendment),amendment,69297,https://laws.gov.tt/ttdll-web/revision/download/69297?type=amendment
Chronological list by year,1948,No. 13 of 1948,Diseases of Animals (Amendment),amendment,69299,https://laws.gov.tt/ttdll-web/revision/download/69299?type=amendment
Chronological list by year,1948,No. 12 of 1948,Sugar industry Special Funds,amendment,69301,https://laws.gov.tt/ttdll-web/revision/download/69301?type=amendment
Chronological list by year,1948,No. 11 of 1948,Lands and Buildings Taxes (Amendment),amendment,17879,https://laws.gov.tt/ttdll-web/revision/download/17879?type=amendment
Chronological list by year,1948,No. 10 of 1948,Education (Amendment),amendment,8750,https://laws.gov.tt/ttdll-web/revision/download/8750?type=amendment
Chronological list by year,1948,No. 9 of 1948,Income Tax (Amendment No. 2),amendment,69287,https://laws.gov.tt/ttdll-web/revision/download/69287?type=amendment
Chronological list by year,1948,No. 8 of 1948,County Councils (Amendment),amendment,69289,https://laws.gov.tt/ttdll-web/revision/download/69289?type=amendment
Chronological list by year,1948,No. 7 of 1948,Marketing Board,amendment,69291,https://laws.gov.tt/ttdll-web/revision/download/69291?type=amendment
Chronological list by year,1948,No. 6 of 1948,Carenage Pier,amendment,69293,https://laws.gov.tt/ttdll-web/revision/download/69293?type=amendment
Chronological list by year,1948,No. 5 of 1948,Income Tax (Amendment),amendment,69281,https://laws.gov.tt/ttdll-web/revision/download/69281?type=amendment
Chronological list by year,1948,No. 4 of 1948,Appropriation,amendment,69279,https://laws.gov.tt/ttdll-web/revision/download/69279?type=amendment
Chronological list by year,1948,No. 3 of 1948,Public Works Loan (Amendment),amendment,69285,https://laws.gov.tt/ttdll-web/revision/download/69285?type=amendment
Chronological list by year,1948,No. 2 of 1948,Motor Vehicles and Road Traffic (Amendment),amendment,21489,https://laws.gov.tt/ttdll-web/revision/download/21489?type=amendment
Chronological list by year,1948,No. 1 of 1948,Agricultural Credit Bank (Amendment),amendment,69283,https://laws.gov.tt/ttdll-web/revision/download/69283?type=amendment
Chronological list by year,1947,No. 47 of 1947,Education (Amendment),amendment,8744,https://laws.gov.tt/ttdll-web/revision/download/8744?type=amendment
Chronological list by year,1947,No. 46 of 1947,Alexander Ewart Lakhan (Pension),amendment,69273,https://laws.gov.tt/ttdll-web/revision/download/69273?type=amendment
Chronological list by year,1947,No. 45 of 1947,Prevention of Crimes (Amendment),amendment,27182,https://laws.gov.tt/ttdll-web/revision/download/27182?type=amendment
Chronological list by year,1947,No. 44 of 1947,Released Prisoners Licences,amendment,69271,https://laws.gov.tt/ttdll-web/revision/download/69271?type=amendment
Chronological list by year,1947,No. 43 of 1947,Diplomatic Privileges (Extension),amendment,69277,https://laws.gov.tt/ttdll-web/revision/download/69277?type=amendment
Chronological list by year,1947,No. 42 of 1947,Supplementary Appropriation,amendment,69275,https://laws.gov.tt/ttdll-web/revision/download/69275?type=amendment
Chronological list by year,1947,No. 41 of 1947,Real Property (Amendment),amendment,69265,https://laws.gov.tt/ttdll-web/revision/download/69265?type=amendment
Chronological list by year,1947,No. 40 of 1947,Land Acquisition,amendment,16561,https://laws.gov.tt/ttdll-web/revision/download/16561?type=amendment
Chronological list by year,1947,No. 39 of 1947,Evidence (Amendment),amendment,5635,https://laws.gov.tt/ttdll-web/revision/download/5635?type=amendment
Chronological list by year,1947,No. 38 of 1947,Births and Deaths Registration (Amendment),amendment,3761,https://laws.gov.tt/ttdll-web/revision/download/3761?type=amendment
Chronological list by year,1947,No. 37 of 1947,Liquor Licences (Amendment),amendment,19529,https://laws.gov.tt/ttdll-web/revision/download/19529?type=amendment
Chronological list by year,1947,No. 36 of 1947,Summary Courts (Amendment),amendment,35663,https://laws.gov.tt/ttdll-web/revision/download/35663?type=amendment
Chronological list by year,1947,No. 35 of 1947,Probation of Offenders,amendment,27460,https://laws.gov.tt/ttdll-web/revision/download/27460?type=amendment
Chronological list by year,1947,No. 34 of 1947,Saw Mills (Amendment),amendment,69263,https://laws.gov.tt/ttdll-web/revision/download/69263?type=amendment
Chronological list by year,1947,No. 33 of 1947,Trade Disputes and Protection of Property (Amendment),amendment,33142,https://laws.gov.tt/ttdll-web/revision/download/33142?type=amendment
Chronological list by year,1947,No. 32 of 1947,Administration of Estates (Amendment),amendment,14918,https://laws.gov.tt/ttdll-web/revision/download/14918?type=amendment
Chronological list by year,1947,No. 31 of 1947,Letting of Houses-(Implied Terms),amendment,69269,https://laws.gov.tt/ttdll-web/revision/download/69269?type=amendment
Chronological list by year,1947,No. 30 of 1947,Sale of Produce (Amendment),amendment,30233,https://laws.gov.tt/ttdll-web/revision/download/30233?type=amendment
Chronological list by year,1947,No. 29 of 1947,Cocoa Subsidy (Special Taxation) (Amendment),amendment,69267,https://laws.gov.tt/ttdll-web/revision/download/69267?type=amendment
Chronological list by year,1947,No. 28 of 1947,Gambling (Amendment),amendment,69257,https://laws.gov.tt/ttdll-web/revision/download/69257?type=amendment
Chronological list by year,1947,No. 27 of 1947,Income Tax (In Aid of Industry),amendment,69255,https://laws.gov.tt/ttdll-web/revision/download/69255?type=amendment
Chronological list by year,1947,No. 26 of 1947,Trade Duty,amendment,69261,https://laws.gov.tt/ttdll-web/revision/download/69261?type=amendment
Chronological list by year,1947,No. 25 of 1947,Income Tax (Amendment No. 2),amendment,69259,https://laws.gov.tt/ttdll-web/revision/download/69259?type=amendment
Chronological list by year,1947,No. 24 of 1947,Marriage (Amendment),amendment,26588,https://laws.gov.tt/ttdll-web/revision/download/26588?type=amendment
Chronological list by year,1947,No. 23 of 1947,Hindu Marriage (Amendment),amendment,13762,https://laws.gov.tt/ttdll-web/revision/download/13762?type=amendment
Chronological list by year,1947,No. 22 of 1947,Merchant Shipping (Amendment),amendment,69499,https://laws.gov.tt/ttdll-web/revision/download/69499?type=amendment
Chronological list by year,1947,No. 21 of 1947,Income Tax (Amendment),amendment,69501,https://laws.gov.tt/ttdll-web/revision/download/69501?type=amendment
Chronological list by year,1947,No. 20 of 1947,Agricultural Credit Bank (Amendment),amendment,69495,https://laws.gov.tt/ttdll-web/revision/download/69495?type=amendment
Chronological list by year,1947,No. 19 of 1947,Assurance Companies (Amendment),amendment,69497,https://laws.gov.tt/ttdll-web/revision/download/69497?type=amendment
Chronological list by year,1947,No. 18 of 1947,Lands and Buildings Taxes (Amendment),amendment,17875,https://laws.gov.tt/ttdll-web/revision/download/17875?type=amendment
Chronological list by year,1947,No. 17 of 1947,Slum Clearance and Housing (Temporary Provision) (Amendment),amendment,69507,https://laws.gov.tt/ttdll-web/revision/download/69507?type=amendment
Chronological list by year,1947,No. 16 of 1947,Industrial Training (Amendment),amendment,13497,https://laws.gov.tt/ttdll-web/revision/download/13497?type=amendment
Chronological list by year,1947,No. 15 of 1947,Royal Victoria institute,amendment,69509,https://laws.gov.tt/ttdll-web/revision/download/69509?type=amendment
Chronological list by year,1947,No. 14 of 1947,Trinidad and Tobago Blind Welfare Association,amendment,69503,https://laws.gov.tt/ttdll-web/revision/download/69503?type=amendment
Chronological list by year,1947,No. 13 of 1947,Port-of-Spain Corporation (Electricity) (Amendment),amendment,69505,https://laws.gov.tt/ttdll-web/revision/download/69505?type=amendment
Chronological list by year,1947,No. 12 of 1947,Trinidad Consolidated Telephone (Sale of Tobago Telephone System),amendment,69483,https://laws.gov.tt/ttdll-web/revision/download/69483?type=amendment
Chronological list by year,1947,No. 11 of 1947,St Joseph's Convent (Incorporation),amendment,69485,https://laws.gov.tt/ttdll-web/revision/download/69485?type=amendment
Chronological list by year,1947,No. 10 of 1947,Registration of Clubs (Amendment),amendment,69479,https://laws.gov.tt/ttdll-web/revision/download/69479?type=amendment
Chronological list by year,1947,No. 9 of 1947,H. B. Kangaloo (Gratuity and Reduced Pension),amendment,69481,https://laws.gov.tt/ttdll-web/revision/download/69481?type=amendment
Chronological list by year,1947,No. 8 of 1947,Nomination and Election (Validation and Indemnity),amendment,69491,https://laws.gov.tt/ttdll-web/revision/download/69491?type=amendment
Chronological list by year,1947,No. 7 of 1947,Appropriation,amendment,69493,https://laws.gov.tt/ttdll-web/revision/download/69493?type=amendment
Chronological list by year,1947,No. 6 of 1947,Labour Statistics,amendment,69487,https://laws.gov.tt/ttdll-web/revision/download/69487?type=amendment
Chronological list by year,1947,No. 5 of 1947,Patents Designs and Trade Marks (Amendment),amendment,34739,https://laws.gov.tt/ttdll-web/revision/download/34739?type=amendment
Chronological list by year,1947,No. 4 of 1947,Rent Restriction (Amendment),amendment,69489,https://laws.gov.tt/ttdll-web/revision/download/69489?type=amendment
Chronological list by year,1947,No. 3 of 1947,Emergency Powers,amendment,69469,https://laws.gov.tt/ttdll-web/revision/download/69469?type=amendment
Chronological list by year,1947,No. 2 of 1947,Marriage Validation,amendment,69467,https://laws.gov.tt/ttdll-web/revision/download/69467?type=amendment
Chronological list by year,1947,No. 1 of 1947,Petroleum (Amendment),amendment,69465,https://laws.gov.tt/ttdll-web/revision/download/69465?type=amendment
Chronological list by year,1946,No. 61 of 1946,Production of Cane,amendment,69463,https://laws.gov.tt/ttdll-web/revision/download/69463?type=amendment
Chronological list by year,1946,No. 60 of 1946,Public Officers Guarantee Fund (Repeal),amendment,69477,https://laws.gov.tt/ttdll-web/revision/download/69477?type=amendment
Chronological list by year,1946,No. 59 of 1946,Liquor Licences,amendment,19493,https://laws.gov.tt/ttdll-web/revision/download/19493?type=amendment
Chronological list by year,1946,No. 58 of 1946,Supplementary Appropriation,amendment,69475,https://laws.gov.tt/ttdll-web/revision/download/69475?type=amendment
Chronological list by year,1946,No. 57 of 1946,City of San Fernando,amendment,4656,https://laws.gov.tt/ttdll-web/revision/download/4656?type=amendment
Chronological list by year,1946,No. 56 of 1946,Income Tax (Amendment No. 2),amendment,69473,https://laws.gov.tt/ttdll-web/revision/download/69473?type=amendment
Chronological list by year,1946,No. 55 of 1946,Pensions,amendment,25474,https://laws.gov.tt/ttdll-web/revision/download/25474?type=amendment
Chronological list by year,1946,No. 54 of 1946,Coroners (Amendment),amendment,6247,https://laws.gov.tt/ttdll-web/revision/download/6247?type=amendment
Chronological list by year,1946,No. 53 of 1946,Plant Protection (Amendment),amendment,69471,https://laws.gov.tt/ttdll-web/revision/download/69471?type=amendment
Chronological list by year,1946,No. 52 of 1946,Central Water Distribution Authority (Amendment No. 2),amendment,69453,https://laws.gov.tt/ttdll-web/revision/download/69453?type=amendment
Chronological list by year,1946,No. 51 of 1946,Judicature (Amendment),amendment,69451,https://laws.gov.tt/ttdll-web/revision/download/69451?type=amendment
Chronological list by year,1946,No. 50 of 1946,Provident Fund,amendment,27354,https://laws.gov.tt/ttdll-web/revision/download/27354?type=amendment
Chronological list by year,1946,No. 49 of 1946,Oil Mining and Refining (Amendment),amendment,69449,https://laws.gov.tt/ttdll-web/revision/download/69449?type=amendment
Chronological list by year,1946,No. 48 of 1946,Landlord and Tenant (Amendment),amendment,69447,https://laws.gov.tt/ttdll-web/revision/download/69447?type=amendment
Chronological list by year,1946,No. 47 of 1946,Rebecca Halkhorce (Gratuity and Reduced Pension),amendment,69461,https://laws.gov.tt/ttdll-web/revision/download/69461?type=amendment
Chronological list by year,1946,No. 46 of 1946,Rent Restriction (Amendment),amendment,69459,https://laws.gov.tt/ttdll-web/revision/download/69459?type=amendment
Chronological list by year,1946,No. 45 of 1946,Gas Cylinders (Use Conveyance and Storage),amendment,69457,https://laws.gov.tt/ttdll-web/revision/download/69457?type=amendment
Chronological list by year,1946,No. 44 of 1946,Factories,amendment,4088,https://laws.gov.tt/ttdll-web/revision/download/4088?type=amendment
Chronological list by year,1946,No. 43 of 1946,Municipal Elections (Amendment),amendment,69455,https://laws.gov.tt/ttdll-web/revision/download/69455?type=amendment
Chronological list by year,1946,No. 42 of 1946,School Teachers' Pensions (Amendment),amendment,69431,https://laws.gov.tt/ttdll-web/revision/download/69431?type=amendment
Chronological list by year,1946,No. 41 of 1946,Electricity Loan,amendment,69433,https://laws.gov.tt/ttdll-web/revision/download/69433?type=amendment
Chronological list by year,1946,No. 40 of 1946,Motor Vehicles and Road Traffic,amendment,21487,https://laws.gov.tt/ttdll-web/revision/download/21487?type=amendment
Chronological list by year,1946,No. 39 of 1946,Seunarine Dharam Sabha of Trinidad Incorporation,amendment,69435,https://laws.gov.tt/ttdll-web/revision/download/69435?type=amendment
Chronological list by year,1946,No. 38 of 1946,Harbours and Wharves (Dues and Management) (Amendment),amendment,69437,https://laws.gov.tt/ttdll-web/revision/download/69437?type=amendment
Chronological list by year,1946,No. 37 of 1946,Roads (Amendment),amendment,69439,https://laws.gov.tt/ttdll-web/revision/download/69439?type=amendment
Chronological list by year,1946,No. 36 of 1946,Hotels Development Encouragement,amendment,69441,https://laws.gov.tt/ttdll-web/revision/download/69441?type=amendment
Chronological list by year,1946,No. 35 of 1946,Port-of-Spain Corporation (Amendment),amendment,69443,https://laws.gov.tt/ttdll-web/revision/download/69443?type=amendment
Chronological list by year,1946,No. 34 of 1946,Arima Corporation (Amendment),amendment,69445,https://laws.gov.tt/ttdll-web/revision/download/69445?type=amendment
Chronological list by year,1946,No. 33 of 1946,City of San Fernando,amendment,4650,https://laws.gov.tt/ttdll-web/revision/download/4650?type=amendment
Chronological list by year,1946,No. 32 of 1946,Races,amendment,69415,https://laws.gov.tt/ttdll-web/revision/download/69415?type=amendment
Chronological list by year,1946,No. 31 of 1946,Adoption of Children,amendment,69417,https://laws.gov.tt/ttdll-web/revision/download/69417?type=amendment
Chronological list by year,1946,No. 30 of 1946,Trinidad Society for the Prevention of Cruelty to Animals Incorporation,amendment,69419,https://laws.gov.tt/ttdll-web/revision/download/69419?type=amendment
Chronological list by year,1946,No. 29 of 1946,Young Women's Christian Association of Trinidad (Incorporation),amendment,69421,https://laws.gov.tt/ttdll-web/revision/download/69421?type=amendment
Chronological list by year,1946,No. 28 of 1946,Motor Vehicles Insurance (Third-Party Risks),amendment,22878,https://laws.gov.tt/ttdll-web/revision/download/22878?type=amendment
Chronological list by year,1946,No. 27 of 1946,Production of Cane and Sugar (Amendment),amendment,69423,https://laws.gov.tt/ttdll-web/revision/download/69423?type=amendment
Chronological list by year,1946,No. 26 of 1946,Separation and Maintenance (Amendment),amendment,69425,https://laws.gov.tt/ttdll-web/revision/download/69425?type=amendment
Chronological list by year,1946,No. 25 of 1946,Affiliation (Amendment),amendment,69427,https://laws.gov.tt/ttdll-web/revision/download/69427?type=amendment
Chronological list by year,1946,No. 24 of 1946,Children Act,amendment,3975,https://laws.gov.tt/ttdll-web/revision/download/3975?type=amendment
Chronological list by year,1946,No. 23 of 1946,Excess Profits Tax (Amendment),amendment,69429,https://laws.gov.tt/ttdll-web/revision/download/69429?type=amendment
Chronological list by year,1946,No. 22 of 1946,Income Tax,amendment,11846,https://laws.gov.tt/ttdll-web/revision/download/11846?type=amendment
Chronological list by year,1946,No. 21 of 1946,Excess Profits Tax (Termination of Operations),amendment,69401,https://laws.gov.tt/ttdll-web/revision/download/69401?type=amendment
Chronological list by year,1946,No. 20 of 1946,Railways (Amendment),amendment,69399,https://laws.gov.tt/ttdll-web/revision/download/69399?type=amendment
Chronological list by year,1946,No. 19 of 1946,Elections (Legislative Council and County Councils) (Special Provisions),amendment,76857,https://laws.gov.tt/ttdll-web/revision/download/76857?type=amendment
Chronological list by year,1946,No. 18 of 1946,County Councils,amendment,69405,https://laws.gov.tt/ttdll-web/revision/download/69405?type=amendment
Chronological list by year,1946,No. 17 of 1946,Petroleum (Amendment),amendment,69403,https://laws.gov.tt/ttdll-web/revision/download/69403?type=amendment
Chronological list by year,1946,No. 16 of 1946,Port-of-Spain Corporation House Rate-Fixation,amendment,69409,https://laws.gov.tt/ttdll-web/revision/download/69409?type=amendment
Chronological list by year,1946,No. 15 of 1946,Sulphonamide Drugs,amendment,69407,https://laws.gov.tt/ttdll-web/revision/download/69407?type=amendment
Chronological list by year,1946,No. 14 of 1946,Special Reserve Police,amendment,69413,https://laws.gov.tt/ttdll-web/revision/download/69413?type=amendment
Chronological list by year,1946,No. 13 of 1946,Motor Vehicles and Road Traffic (Amendment),amendment,21485,https://laws.gov.tt/ttdll-web/revision/download/21485?type=amendment
Chronological list by year,1946,No. 12 of 1946,Lunacy and Mental Treatment (Amendment),amendment,69411,https://laws.gov.tt/ttdll-web/revision/download/69411?type=amendment
Chronological list by year,1946,No. 11 of 1946,Estate and Succession Duties (Killed in War) (Amendment),amendment,69385,https://laws.gov.tt/ttdll-web/revision/download/69385?type=amendment
Chronological list by year,1946,No. 9 of 1946,Census,amendment,69383,https://laws.gov.tt/ttdll-web/revision/download/69383?type=amendment
Chronological list by year,1946,No. 8 of 1946,Spirits and Spirit Compounds (Amendment),amendment,31885,https://laws.gov.tt/ttdll-web/revision/download/31885?type=amendment
Chronological list by year,1946,No. 7 of 1946,Central Water Distribution Authority (Amendment),amendment,69389,https://laws.gov.tt/ttdll-web/revision/download/69389?type=amendment
Chronological list by year,1946,No. 6 of 1946,Appropriation,amendment,69387,https://laws.gov.tt/ttdll-web/revision/download/69387?type=amendment
Chronological list by year,1946,No. 5 of 1946,Wild Animals and Birds (Protection) (Amendment),amendment,69393,https://laws.gov.tt/ttdll-web/revision/download/69393?type=amendment
Chronological list by year,1946,No. 4 of 1946,Criminal Jurisdiction (Increase of Jurisdiction and Sentence),amendment,69391,https://laws.gov.tt/ttdll-web/revision/download/69391?type=amendment
Chronological list by year,1946,No. 3 of 1946,Solicitors-(Special Provisions),amendment,69397,https://laws.gov.tt/ttdll-web/revision/download/69397?type=amendment
Chronological list by year,1946,No. 2 of 1946,Merchant Shipping (Amendment),amendment,69395,https://laws.gov.tt/ttdll-web/revision/download/69395?type=amendment
Chronological list by year,1946,No. 1 of 1946,Corporal Punishment,amendment,69621,https://laws.gov.tt/ttdll-web/revision/download/69621?type=amendment
Chronological list by year,1945,No. 48 of 1945,Credit Union Societies,amendment,69619,https://laws.gov.tt/ttdll-web/revision/download/69619?type=amendment
Chronological list by year,1945,No. 47 of 1945,Land Acquisition,amendment,16559,https://laws.gov.tt/ttdll-web/revision/download/16559?type=amendment
Chronological list by year,1945,No. 46 of 1945,Public Works Loan,amendment,69617,https://laws.gov.tt/ttdll-web/revision/download/69617?type=amendment
Chronological list by year,1945,No. 44 of 1945,Electricity (Inspection),amendment,69615,https://laws.gov.tt/ttdll-web/revision/download/69615?type=amendment
Chronological list by year,1945,No. 43 of 1945,Port-of-Spain Corporation (Electricity),amendment,69613,https://laws.gov.tt/ttdll-web/revision/download/69613?type=amendment
Chronological list by year,1945,No. 42 of 1945,Trinidad and Tobago Electricity Commission,amendment,69611,https://laws.gov.tt/ttdll-web/revision/download/69611?type=amendment
Chronological list by year,1945,No. 41 of 1945,Public Nuisance (Special Provisions),amendment,69609,https://laws.gov.tt/ttdll-web/revision/download/69609?type=amendment
Chronological list by year,1945,No. 40 of 1945,Summary Offences,amendment,35489,https://laws.gov.tt/ttdll-web/revision/download/35489?type=amendment
Chronological list by year,1945,No. 39 of 1945,Electric Installations (Buildings) (Amendment),amendment,6545,https://laws.gov.tt/ttdll-web/revision/download/6545?type=amendment
Chronological list by year,1945,No. 38 of 1945,Poor Relief (Amendment),amendment,69607,https://laws.gov.tt/ttdll-web/revision/download/69607?type=amendment
Chronological list by year,1945,No. 37 of 1945,County Councils (Amendment),amendment,69637,https://laws.gov.tt/ttdll-web/revision/download/69637?type=amendment
Chronological list by year,1945,No. 36 of 1945,Supplementary Appropriation,amendment,69635,https://laws.gov.tt/ttdll-web/revision/download/69635?type=amendment
Chronological list by year,1945,No. 35 of 1945,Bankruptcy (Amendment),amendment,6812,https://laws.gov.tt/ttdll-web/revision/download/6812?type=amendment
Chronological list by year,1945,No. 34 of 1945,Wills and Probate (Amendment No. 2),amendment,69633,https://laws.gov.tt/ttdll-web/revision/download/69633?type=amendment
Chronological list by year,1945,No. 33 of 1945,Infants,amendment,13538,https://laws.gov.tt/ttdll-web/revision/download/13538?type=amendment
Chronological list by year,1945,No. 32 of 1945,Judicature (Amendment),amendment,69631,https://laws.gov.tt/ttdll-web/revision/download/69631?type=amendment
Chronological list by year,1945,No. 31 of 1945,Bernard Wescolt Turner-Smith Pension,amendment,69629,https://laws.gov.tt/ttdll-web/revision/download/69629?type=amendment
Chronological list by year,1945,No. 30 of 1945,Firearms and Ammunition (Amendment),amendment,69627,https://laws.gov.tt/ttdll-web/revision/download/69627?type=amendment
Chronological list by year,1945,No. 29 of 1945,Quarantine,amendment,29277,https://laws.gov.tt/ttdll-web/revision/download/29277?type=amendment
Chronological list by year,1945,No. 28 of 1945,Education (Amendment),amendment,8742,https://laws.gov.tt/ttdll-web/revision/download/8742?type=amendment
Chronological list by year,1945,No. 27 of 1945,Adolphus Wilson (Gratuity and Reduced Pension),amendment,69625,https://laws.gov.tt/ttdll-web/revision/download/69625?type=amendment
Chronological list by year,1945,No. 26 of 1945,Petroleum Office and Conservation Board (Amendment),amendment,69623,https://laws.gov.tt/ttdll-web/revision/download/69623?type=amendment
Chronological list by year,1945,No. 25 of 1945,Wills and Probate (Amendment),amendment,69587,https://laws.gov.tt/ttdll-web/revision/download/69587?type=amendment
Chronological list by year,1945,No. 24 of 1945,Motor Vehicles and Road Traffic,amendment,21483,https://laws.gov.tt/ttdll-web/revision/download/21483?type=amendment
Chronological list by year,1945,No. 23 of 1945,Registration of Clubs (Amendment),amendment,69589,https://laws.gov.tt/ttdll-web/revision/download/69589?type=amendment
Chronological list by year,1945,No. 22 of 1945,Stamp Duty,amendment,35070,https://laws.gov.tt/ttdll-web/revision/download/35070?type=amendment
Chronological list by year,1945,No. 21 of 1945,Young Offenders Detention,amendment,29936,https://laws.gov.tt/ttdll-web/revision/download/29936?type=amendment
Chronological list by year,1945,No. 20 of 1945,Real Property,amendment,69583,https://laws.gov.tt/ttdll-web/revision/download/69583?type=amendment
Chronological list by year,1945,No. 19 of 1945,Immigration (Restriction) (Amendment),amendment,69585,https://laws.gov.tt/ttdll-web/revision/download/69585?type=amendment
Chronological list by year,1945,No. 18 of 1945,County Councils,amendment,69579,https://laws.gov.tt/ttdll-web/revision/download/69579?type=amendment
Chronological list by year,1945,No. 17 of 1945,Electric Installations (Buildings),amendment,69581,https://laws.gov.tt/ttdll-web/revision/download/69581?type=amendment
Chronological list by year,1945,No. 16 of 1945,Agricultural Credit Societies (Amendment),amendment,69575,https://laws.gov.tt/ttdll-web/revision/download/69575?type=amendment
Chronological list by year,1945,No. 15 of 1945,Agricultural Co-operative Societies (Amendment),amendment,69577,https://laws.gov.tt/ttdll-web/revision/download/69577?type=amendment
Chronological list by year,1945,No. 14 of 1945,Agricultural Credit Bank,amendment,69603,https://laws.gov.tt/ttdll-web/revision/download/69603?type=amendment
Chronological list by year,1945,No. 13 of 1945,Hindu Marriage,amendment,69605,https://laws.gov.tt/ttdll-web/revision/download/69605?type=amendment
Chronological list by year,1945,No. 11 of 1945,Licensing of Dealers-Precious Metals and Stones,amendment,69599,https://laws.gov.tt/ttdll-web/revision/download/69599?type=amendment
Chronological list by year,1945,No. 10 of 1945,Provident Fund,amendment,27338,https://laws.gov.tt/ttdll-web/revision/download/27338?type=amendment
Chronological list by year,1945,No. 9 of 1945,City Of San Fernando,amendment,4646,https://laws.gov.tt/ttdll-web/revision/download/4646?type=amendment
Chronological list by year,1945,No. 8 of 1945,Pipelines,amendment,26474,https://laws.gov.tt/ttdll-web/revision/download/26474?type=amendment
Chronological list by year,1945,No. 7 of 1945,Pawnbrokers,amendment,25382,https://laws.gov.tt/ttdll-web/revision/download/25382?type=amendment
Chronological list by year,1945,No. 6 of 1945,Moneylenders,amendment,22651,https://laws.gov.tt/ttdll-web/revision/download/22651?type=amendment
Chronological list by year,1945,No. 5 of 1945,Auctioneers (Amendment),amendment,15300,https://laws.gov.tt/ttdll-web/revision/download/15300?type=amendment
Chronological list by year,1945,No. 4 of 1945,Solicitors (Amendment),amendment,69601,https://laws.gov.tt/ttdll-web/revision/download/69601?type=amendment
Chronological list by year,1945,No. 3 of 1945,Criminal Offences,amendment,4758,https://laws.gov.tt/ttdll-web/revision/download/4758?type=amendment
Chronological list by year,1945,No. 2 of 1945,Widows' and Orphans' Pensions,amendment,31276,https://laws.gov.tt/ttdll-web/revision/download/31276?type=amendment
Chronological list by year,1945,No. 1 of 1945,Estate and Succession Duties (Killed in War) (Amendment),amendment,69595,https://laws.gov.tt/ttdll-web/revision/download/69595?type=amendment
Chronological list by year,1944,No. 41 of 1944,Appropriation,amendment,69597,https://laws.gov.tt/ttdll-web/revision/download/69597?type=amendment
Chronological list by year,1944,No. 40 of 1944,Agricultural Fires (Amendment),amendment,15418,https://laws.gov.tt/ttdll-web/revision/download/15418?type=amendment
Chronological list by year,1944,No. 39 of 1944,Rent Restriction (Amendment),amendment,69591,https://laws.gov.tt/ttdll-web/revision/download/69591?type=amendment
Chronological list by year,1944,No. 38 of 1944,Judicature (Amendment),amendment,69593,https://laws.gov.tt/ttdll-web/revision/download/69593?type=amendment
Chronological list by year,1944,No. 37 of 1944,Lodge Alexandra of Freemasons (Incorporation),amendment,69553,https://laws.gov.tt/ttdll-web/revision/download/69553?type=amendment
Chronological list by year,1944,No. 36 of 1944,Spirits and Spirit Compounds (Amendment),amendment,31883,https://laws.gov.tt/ttdll-web/revision/download/31883?type=amendment
Chronological list by year,1944,No. 35 of 1944,Supplementary Appropriation,amendment,69551,https://laws.gov.tt/ttdll-web/revision/download/69551?type=amendment
Chronological list by year,1944,No. 34 of 1944,Motor Vehicles and Road Traffic (Amendment) No. 2),amendment,21471,https://laws.gov.tt/ttdll-web/revision/download/21471?type=amendment
Chronological list by year,1944,No. 33 of 1944,San Fernando-(Redemption of Loans and Improvement) Loan,amendment,69557,https://laws.gov.tt/ttdll-web/revision/download/69557?type=amendment
Chronological list by year,1944,No. 32 of 1944,Compulsory Education (Amendment),amendment,69555,https://laws.gov.tt/ttdll-web/revision/download/69555?type=amendment
Chronological list by year,1944,No. 31 of 1944,Assurance Companies (Amendment No. 2),amendment,69545,https://laws.gov.tt/ttdll-web/revision/download/69545?type=amendment
Chronological list by year,1944,No. 30 of 1944,Slum Clearance and Housing (Loan),amendment,69543,https://laws.gov.tt/ttdll-web/revision/download/69543?type=amendment
Chronological list by year,1944,No. 29 of 1944,Country Markets (Amendment),amendment,4184,https://laws.gov.tt/ttdll-web/revision/download/4184?type=amendment
Chronological list by year,1944,No. 28 of 1944,Motor Vehicles and Road Traffic (Amendment),amendment,21469,https://laws.gov.tt/ttdll-web/revision/download/21469?type=amendment
Chronological list by year,1944,No. 27 of 1944,School Teachers' Pensions (Amendment),amendment,69549,https://laws.gov.tt/ttdll-web/revision/download/69549?type=amendment
Chronological list by year,1944,No. 26 of 1944,Government Housing Loans,amendment,69547,https://laws.gov.tt/ttdll-web/revision/download/69547?type=amendment
Chronological list by year,1944,No. 25 of 1944,Control of Licensed Premises (Temporary Provisions) (Amendment),amendment,69569,https://laws.gov.tt/ttdll-web/revision/download/69569?type=amendment
Chronological list by year,1944,No. 24 of 1944,Liquor Licences (Amendment),amendment,19481,https://laws.gov.tt/ttdll-web/revision/download/19481?type=amendment
Chronological list by year,1944,No. 23 of 1944,Public Health (Amendment),amendment,69567,https://laws.gov.tt/ttdll-web/revision/download/69567?type=amendment
Chronological list by year,1944,No. 22 of 1944,Slum Clearance and Housing (Temporary Provisions) (Amendment),amendment,69573,https://laws.gov.tt/ttdll-web/revision/download/69573?type=amendment
Chronological list by year,1944,No. 21 of 1944,Slum Clearance and Housing (Temporary Provisions),amendment,69571,https://laws.gov.tt/ttdll-web/revision/download/69571?type=amendment
Chronological list by year,1944,No. 20 of 1944,Law Officers (Amendment),amendment,69561,https://laws.gov.tt/ttdll-web/revision/download/69561?type=amendment
Chronological list by year,1944,No. 19 of 1944,Quarantine,amendment,69559,https://laws.gov.tt/ttdll-web/revision/download/69559?type=amendment
Chronological list by year,1944,No. 18 of 1944,Immigration (Special Provisions) (Amendment),amendment,69565,https://laws.gov.tt/ttdll-web/revision/download/69565?type=amendment
Chronological list by year,1944,No. 17 of 1944,Provident Fund (Amendment),amendment,27336,https://laws.gov.tt/ttdll-web/revision/download/27336?type=amendment
Chronological list by year,1944,No. 16 of 1944,Estate and Succession Duties-(Killed in War),amendment,69563,https://laws.gov.tt/ttdll-web/revision/download/69563?type=amendment
Chronological list by year,1944,No. 15 of 1944,Police (Amendment),amendment,69519,https://laws.gov.tt/ttdll-web/revision/download/69519?type=amendment
Chronological list by year,1944,No. 14 of 1944,Rent Restriction (Short Tenancies),amendment,69521,https://laws.gov.tt/ttdll-web/revision/download/69521?type=amendment
Chronological list by year,1944,No. 13 of 1944,British and Allied Merchant Navy Club,amendment,69523,https://laws.gov.tt/ttdll-web/revision/download/69523?type=amendment
Chronological list by year,1944,No. 12 of 1944,Control of Licensed Premises (Temporary Provisions) (Amendment),amendment,69525,https://laws.gov.tt/ttdll-web/revision/download/69525?type=amendment
Chronological list by year,1944,No. 11 of 1944,Land Acquisition (Special Provisions),amendment,16557,https://laws.gov.tt/ttdll-web/revision/download/16557?type=amendment
Chronological list by year,1944,No. 10 of 1944,Assurance Companies (Amendment),amendment,69511,https://laws.gov.tt/ttdll-web/revision/download/69511?type=amendment
Chronological list by year,1944,No. 9 of 1944,Production of Cane and Sugar,amendment,69513,https://laws.gov.tt/ttdll-web/revision/download/69513?type=amendment
Chronological list by year,1944,No. 8 of 1944,Pensions (Amendment),amendment,25472,https://laws.gov.tt/ttdll-web/revision/download/25472?type=amendment
Chronological list by year,1944,No. 7 of 1944,Oil and Water Board (Amendment),amendment,69515,https://laws.gov.tt/ttdll-web/revision/download/69515?type=amendment
Chronological list by year,1944,No. 6 of 1944,Central Water Distribution Authority,amendment,69517,https://laws.gov.tt/ttdll-web/revision/download/69517?type=amendment
Chronological list by year,1944,No. 5 of 1944,Waterworks and Water Conservation,amendment,69535,https://laws.gov.tt/ttdll-web/revision/download/69535?type=amendment
Chronological list by year,1944,No. 4 of 1944,War Loan (Amendment),amendment,69537,https://laws.gov.tt/ttdll-web/revision/download/69537?type=amendment
Chronological list by year,1944,No. 3 of 1944,Municipal Corporations (Pensions) (Amendment),amendment,22953,https://laws.gov.tt/ttdll-web/revision/download/22953?type=amendment
Chronological list by year,1944,No. 2 of 1944,Income Tax (Amendment),amendment,69539,https://laws.gov.tt/ttdll-web/revision/download/69539?type=amendment
Chronological list by year,1944,No. 1 of 1944,Motor Launches (Amendment),amendment,22754,https://laws.gov.tt/ttdll-web/revision/download/22754?type=amendment
Chronological list by year,1943,No. 49 of 1943,Cocoa Subsidy (Special Taxation) (Amendment),amendment,69541,https://laws.gov.tt/ttdll-web/revision/download/69541?type=amendment
Chronological list by year,1943,No. 48 of 1943,Emergency Taxation-Repeal,amendment,69527,https://laws.gov.tt/ttdll-web/revision/download/69527?type=amendment
Chronological list by year,1943,No. 47 of 1943,Excess Profits Tax (Amendment),amendment,69529,https://laws.gov.tt/ttdll-web/revision/download/69529?type=amendment
Chronological list by year,1943,No. 46 of 1943,Trade Unions (Amendment),amendment,33432,https://laws.gov.tt/ttdll-web/revision/download/33432?type=amendment
Chronological list by year,1943,No. 45 of 1943,Poor Relief (Amendment),amendment,69531,https://laws.gov.tt/ttdll-web/revision/download/69531?type=amendment
Chronological list by year,1943,No. 44 of 1943,Appropriation,amendment,69533,https://laws.gov.tt/ttdll-web/revision/download/69533?type=amendment
Chronological list by year,1943,No. 43 of 1943,Arya Pratinidhi Sabha of Trinidad (Incorporation),amendment,69741,https://laws.gov.tt/ttdll-web/revision/download/69741?type=amendment
Chronological list by year,1943,No. 42 of 1943,Police (Amendment),amendment,69739,https://laws.gov.tt/ttdll-web/revision/download/69739?type=amendment
Chronological list by year,1943,No. 41 of 1943,Local Militia Forces,amendment,69737,https://laws.gov.tt/ttdll-web/revision/download/69737?type=amendment
Chronological list by year,1943,No. 40 of 1943,Bankers Licences and Bank Notes (Amendment),amendment,69735,https://laws.gov.tt/ttdll-web/revision/download/69735?type=amendment
Chronological list by year,1943,No. 39 of 1943,Roads (Amendment),amendment,69749,https://laws.gov.tt/ttdll-web/revision/download/69749?type=amendment
Chronological list by year,1943,No. 38 of 1943,Leprosy,amendment,69747,https://laws.gov.tt/ttdll-web/revision/download/69747?type=amendment
Chronological list by year,1943,No. 37 of 1943,Rent Restriction (Amendment No. 2),amendment,69745,https://laws.gov.tt/ttdll-web/revision/download/69745?type=amendment
Chronological list by year,1943,No. 36 of 1943,Mines Borings and Quarries (Amendment),amendment,69743,https://laws.gov.tt/ttdll-web/revision/download/69743?type=amendment
Chronological list by year,1943,No. 35 of 1943,Sawmills,amendment,69757,https://laws.gov.tt/ttdll-web/revision/download/69757?type=amendment
Chronological list by year,1943,No. 34 of 1943,Dudley Ernest Best (Gratuity and Annual Allowance),amendment,69755,https://laws.gov.tt/ttdll-web/revision/download/69755?type=amendment
Chronological list by year,1943,No. 33 of 1943,Pensions (Amendment),amendment,25470,https://laws.gov.tt/ttdll-web/revision/download/25470?type=amendment
Chronological list by year,1943,No. 32 of 1943,San Fernando Corporation (Amendment),amendment,69753,https://laws.gov.tt/ttdll-web/revision/download/69753?type=amendment
Chronological list by year,1943,No. 31 of 1943,Services-(Charges Control),amendment,69751,https://laws.gov.tt/ttdll-web/revision/download/69751?type=amendment
Chronological list by year,1943,No. 30 of 1943,Provident Fund (Amendment),amendment,27333,https://laws.gov.tt/ttdll-web/revision/download/27333?type=amendment
Chronological list by year,1943,No. 29 of 1943,Colonial Secretary Incorporation,amendment,69765,https://laws.gov.tt/ttdll-web/revision/download/69765?type=amendment
Chronological list by year,1943,No. 28 of 1943,Control of Licensed Premises (Temporary Provisions),amendment,69763,https://laws.gov.tt/ttdll-web/revision/download/69763?type=amendment
Chronological list by year,1943,No. 27 of 1943,Land Acquisition (Amendment),amendment,16555,https://laws.gov.tt/ttdll-web/revision/download/16555?type=amendment
Chronological list by year,1943,No. 26 of 1943,Immigration (Restriction) (Amendment),amendment,69761,https://laws.gov.tt/ttdll-web/revision/download/69761?type=amendment
Chronological list by year,1943,No. 25 of 1943,Sleeping Accommodation (Control of Charges),amendment,69759,https://laws.gov.tt/ttdll-web/revision/download/69759?type=amendment
Chronological list by year,1943,No. 24 of 1943,Marriage (Amendment),amendment,26586,https://laws.gov.tt/ttdll-web/revision/download/26586?type=amendment
Chronological list by year,1943,No. 23 of 1943,Supplementary Appropriation,amendment,69707,https://laws.gov.tt/ttdll-web/revision/download/69707?type=amendment
Chronological list by year,1943,No. 22 of 1943,Oil Mining and Refining,amendment,69709,https://laws.gov.tt/ttdll-web/revision/download/69709?type=amendment
Chronological list by year,1943,No. 21 of 1943,Summary Courts (Amendment),amendment,35659,https://laws.gov.tt/ttdll-web/revision/download/35659?type=amendment
Chronological list by year,1943,No. 20 of 1943,Workmens' Compensation (Amendment),amendment,69703,https://laws.gov.tt/ttdll-web/revision/download/69703?type=amendment
Chronological list by year,1943,No. 19 of 1943,Spirits and Spirit Compounds (Amendment),amendment,31881,https://laws.gov.tt/ttdll-web/revision/download/31881?type=amendment
Chronological list by year,1943,No. 18 of 1943,Gambling (Amendment),amendment,69705,https://laws.gov.tt/ttdll-web/revision/download/69705?type=amendment
Chronological list by year,1943,No. 17 of 1943,Arima Corporation (Amendment),amendment,69715,https://laws.gov.tt/ttdll-web/revision/download/69715?type=amendment
Chronological list by year,1943,No. 16 of 1943,War Risks Insurance,amendment,69717,https://laws.gov.tt/ttdll-web/revision/download/69717?type=amendment
Chronological list by year,1943,No. 15 of 1943,John Rollin Elijah Warner Pension,amendment,69711,https://laws.gov.tt/ttdll-web/revision/download/69711?type=amendment
Chronological list by year,1943,No. 14 of 1943,Rents of Small Agricultural holdings,amendment,69713,https://laws.gov.tt/ttdll-web/revision/download/69713?type=amendment
Chronological list by year,1943,No. 13 of 1943,Cinematograph Entertainment Tax,amendment,69723,https://laws.gov.tt/ttdll-web/revision/download/69723?type=amendment
Chronological list by year,1943,No. 12 of 1943,Motor Vehicles Insurance—Third Party Risks (Amendment),amendment,22868,https://laws.gov.tt/ttdll-web/revision/download/22868?type=amendment
Chronological list by year,1943,No. 11 of 1943,Assurance Companies,amendment,69725,https://laws.gov.tt/ttdll-web/revision/download/69725?type=amendment
Chronological list by year,1943,No. 10 of 1943,Rent Restriction (Serviced Premises),amendment,69719,https://laws.gov.tt/ttdll-web/revision/download/69719?type=amendment
Chronological list by year,1943,No. 9 of 1943,Petty Civil Courts (Amendment),amendment,24212,https://laws.gov.tt/ttdll-web/revision/download/24212?type=amendment
Chronological list by year,1943,No. 8 of 1943,Schlumberger Organisations (Taxation Exemption),amendment,69721,https://laws.gov.tt/ttdll-web/revision/download/69721?type=amendment
Chronological list by year,1943,No. 7 of 1943,Trade Disputes and Protection of Property,amendment,76894,https://laws.gov.tt/ttdll-web/revision/download/76894?type=amendment
Chronological list by year,1943,No. 6 of 1943,Estate and Succession Duties (Amendment),amendment,69731,https://laws.gov.tt/ttdll-web/revision/download/69731?type=amendment
Chronological list by year,1943,No. 5 of 1943,Governor's Emoluments (Amendment),amendment,69733,https://laws.gov.tt/ttdll-web/revision/download/69733?type=amendment
Chronological list by year,1943,No. 4 of 1943,Rent Restriction (Amendment),amendment,69727,https://laws.gov.tt/ttdll-web/revision/download/69727?type=amendment
Chronological list by year,1943,No. 3 of 1943,Cane Farming Control (Amendment),amendment,69729,https://laws.gov.tt/ttdll-web/revision/download/69729?type=amendment
Chronological list by year,1943,No. 2 of 1943,War Loan (Amendment),amendment,69673,https://laws.gov.tt/ttdll-web/revision/download/69673?type=amendment
Chronological list by year,1943,No. 1 of 1943,Appropriation,amendment,69671,https://laws.gov.tt/ttdll-web/revision/download/69671?type=amendment
Chronological list by year,1942,No. 42 of 1942,Money Lenders (Amendment),amendment,22649,https://laws.gov.tt/ttdll-web/revision/download/22649?type=amendment
Chronological list by year,1942,No. 41 of 1942,Old Metal and Marine Stores (Amendment),amendment,27315,https://laws.gov.tt/ttdll-web/revision/download/27315?type=amendment
Chronological list by year,1942,No. 40 of 1942,Registration of Clubs (Amendment),amendment,69677,https://laws.gov.tt/ttdll-web/revision/download/69677?type=amendment
Chronological list by year,1942,No. 39 of 1942,Explosives (Amendment),amendment,7049,https://laws.gov.tt/ttdll-web/revision/download/7049?type=amendment
Chronological list by year,1942,No. 38 of 1942,Liquor Licences (Amendment),amendment,19475,https://laws.gov.tt/ttdll-web/revision/download/19475?type=amendment
Chronological list by year,1942,No. 37 of 1942,Firearms and Ammunition (Amendment),amendment,69675,https://laws.gov.tt/ttdll-web/revision/download/69675?type=amendment
Chronological list by year,1942,No. 36 of 1942,Bills of Exchange (Amendment),amendment,3916,https://laws.gov.tt/ttdll-web/revision/download/3916?type=amendment
Chronological list by year,1942,No. 35 of 1942,Deportation British Subjects (Amendment),amendment,69681,https://laws.gov.tt/ttdll-web/revision/download/69681?type=amendment
Chronological list by year,1942,No. 34 of 1942,Government Employees Housing Loans,amendment,69679,https://laws.gov.tt/ttdll-web/revision/download/69679?type=amendment
Chronological list by year,1942,No. 33 of 1942,Solicitors,amendment,69685,https://laws.gov.tt/ttdll-web/revision/download/69685?type=amendment
Chronological list by year,1942,No. 32 of 1942,Bankers Licences and Bank Notes (Amendment),amendment,69683,https://laws.gov.tt/ttdll-web/revision/download/69683?type=amendment
Chronological list by year,1942,No. 31 of 1942,United States Bases-(Temporary Provisions) (Construction),amendment,69689,https://laws.gov.tt/ttdll-web/revision/download/69689?type=amendment
Chronological list by year,1942,No. 30 of 1942,Legislative Council-(Special Provisions as to Register),amendment,69687,https://laws.gov.tt/ttdll-web/revision/download/69687?type=amendment
Chronological list by year,1942,No. 29 of 1942,Post Office (Amendment),amendment,34492,https://laws.gov.tt/ttdll-web/revision/download/34492?type=amendment
Chronological list by year,1942,No. 28 of 1942,Legislative Council (Elections) (Amendment),amendment,69693,https://laws.gov.tt/ttdll-web/revision/download/69693?type=amendment
Chronological list by year,1942,No. 27 of 1942,Shop (Hours of Opening and Employment) (Amendment),amendment,31223,https://laws.gov.tt/ttdll-web/revision/download/31223?type=amendment
Chronological list by year,1942,No. 26 of 1942,Affiliation (Amendment),amendment,69691,https://laws.gov.tt/ttdll-web/revision/download/69691?type=amendment
Chronological list by year,1942,No. 25 of 1942,Widows and Orphans Pensions (Amendment),amendment,31274,https://laws.gov.tt/ttdll-web/revision/download/31274?type=amendment
Chronological list by year,1942,No. 24 of 1942,Judicature (Amendment),amendment,69697,https://laws.gov.tt/ttdll-web/revision/download/69697?type=amendment
Chronological list by year,1942,No. 23 of 1942,Trinidad Electricity Board Loan (Amendment),amendment,69695,https://laws.gov.tt/ttdll-web/revision/download/69695?type=amendment
Chronological list by year,1942,No. 22 of 1942,Cane Farming Control (Amendment),amendment,69701,https://laws.gov.tt/ttdll-web/revision/download/69701?type=amendment
Chronological list by year,1942,No. 21 of 1942,Central Waterworks (Amendment),amendment,69699,https://laws.gov.tt/ttdll-web/revision/download/69699?type=amendment
Chronological list by year,1942,No. 20 of 1942,Supplementary Appropriation,amendment,69639,https://laws.gov.tt/ttdll-web/revision/download/69639?type=amendment
Chronological list by year,1942,No. 19 of 1942,Arima Corporation (Amendment),amendment,69641,https://laws.gov.tt/ttdll-web/revision/download/69641?type=amendment
Chronological list by year,1942,No. 18 of 1942,Irrigation,amendment,69643,https://laws.gov.tt/ttdll-web/revision/download/69643?type=amendment
Chronological list by year,1942,No. 17 of 1942,Sale of Produce (Amendment),amendment,30231,https://laws.gov.tt/ttdll-web/revision/download/30231?type=amendment
Chronological list by year,1942,No. 16 of 1942,Aliens Land Holding (Amendment),amendment,69645,https://laws.gov.tt/ttdll-web/revision/download/69645?type=amendment
Chronological list by year,1942,No. 15 of 1942,Oil Rights (Alien Control),amendment,69647,https://laws.gov.tt/ttdll-web/revision/download/69647?type=amendment
Chronological list by year,1942,No. 14 of 1942,Harbours and Wharves-Dues and Management,amendment,69649,https://laws.gov.tt/ttdll-web/revision/download/69649?type=amendment
Chronological list by year,1942,No. 13 of 1942,Port-of-Spain Corporation-House Rate Validation,amendment,69651,https://laws.gov.tt/ttdll-web/revision/download/69651?type=amendment
Chronological list by year,1942,No. 12 of 1942,Evidence (Amendment),amendment,5627,https://laws.gov.tt/ttdll-web/revision/download/5627?type=amendment
Chronological list by year,1942,No. 11 of 1942,Agricultural Fires (Amendment),amendment,15416,https://laws.gov.tt/ttdll-web/revision/download/15416?type=amendment
Chronological list by year,1942,No. 10 of 1942,Land Acquisition (Amendment),amendment,16553,https://laws.gov.tt/ttdll-web/revision/download/16553?type=amendment
Chronological list by year,1942,No. 9 of 1942,Young Offenders Detention (Amendment),amendment,29928,https://laws.gov.tt/ttdll-web/revision/download/29928?type=amendment
Chronological list by year,1942,No. 8 of 1942,Diseases of Animals (Amendment),amendment,69653,https://laws.gov.tt/ttdll-web/revision/download/69653?type=amendment
Chronological list by year,1942,No. 7 of 1942,Railways (Amendment),amendment,69655,https://laws.gov.tt/ttdll-web/revision/download/69655?type=amendment
Chronological list by year,1942,No. 6 of 1942,Stamp Duty (Amendment),amendment,35068,https://laws.gov.tt/ttdll-web/revision/download/35068?type=amendment
Chronological list by year,1942,No. 5 of 1942,Limes Export Levy,amendment,69657,https://laws.gov.tt/ttdll-web/revision/download/69657?type=amendment
Chronological list by year,1942,No. 4 of 1942,Immigration (Special Provisions),amendment,69659,https://laws.gov.tt/ttdll-web/revision/download/69659?type=amendment
Chronological list by year,1942,No. 3 of 1942,Restriction of Ribbon Development,amendment,69661,https://laws.gov.tt/ttdll-web/revision/download/69661?type=amendment
Chronological list by year,1942,No. 2 of 1942,Compulsory Training and Services (Emergency),amendment,69663,https://laws.gov.tt/ttdll-web/revision/download/69663?type=amendment
Chronological list by year,1942,No. 1 of 1942,Cocoa Industry Suspension,amendment,69665,https://laws.gov.tt/ttdll-web/revision/download/69665?type=amendment
Chronological list by year,1941,No. 38 of 1941,Appropriation,amendment,69667,https://laws.gov.tt/ttdll-web/revision/download/69667?type=amendment
Chronological list by year,1941,No. 37 of 1941,United States Bases (Temporary Provisions),amendment,69669,https://laws.gov.tt/ttdll-web/revision/download/69669?type=amendment
Chronological list by year,1941,No. 36 of 1941,Coterie of Social Workers (Incorporation),amendment,69855,https://laws.gov.tt/ttdll-web/revision/download/69855?type=amendment
Chronological list by year,1941,No. 35 of 1941,San Fernando Corporation (Amendment),amendment,4629,https://laws.gov.tt/ttdll-web/revision/download/4629?type=amendment
Chronological list by year,1941,No. 34 of 1941,Slum Clearances and Housing (Amendment),amendment,31341,https://laws.gov.tt/ttdll-web/revision/download/31341?type=amendment
Chronological list by year,1941,No. 33 of 1941,Excess Profits Tax (Amendment),amendment,69857,https://laws.gov.tt/ttdll-web/revision/download/69857?type=amendment
Chronological list by year,1941,No. 32 of 1941,Cinematograph (Amendment),amendment,4384,https://laws.gov.tt/ttdll-web/revision/download/4384?type=amendment
Chronological list by year,1941,No. 31 of 1941,Local Forces (Amendment),amendment,69859,https://laws.gov.tt/ttdll-web/revision/download/69859?type=amendment
Chronological list by year,1941,No. 30 of 1941,Customs (Amendment),amendment,9328,https://laws.gov.tt/ttdll-web/revision/download/9328?type=amendment
Chronological list by year,1941,No. 29 of 1941,Immigration (Restriction) (Amendment),amendment,69861,https://laws.gov.tt/ttdll-web/revision/download/69861?type=amendment
Chronological list by year,1941,No. 28 of 1941,Herbert Stephen Pension,amendment,69847,https://laws.gov.tt/ttdll-web/revision/download/69847?type=amendment
Chronological list by year,1941,No. 27 of 1941,Trinidad Electricity Board (Loan),amendment,69849,https://laws.gov.tt/ttdll-web/revision/download/69849?type=amendment
Chronological list by year,1941,No. 26 of 1941,Widows and Orphans Pensions (Amendment),amendment,31272,https://laws.gov.tt/ttdll-web/revision/download/31272?type=amendment
Chronological list by year,1941,No. 25 of 1941,Income Tax (Amendment),amendment,69851,https://laws.gov.tt/ttdll-web/revision/download/69851?type=amendment
Chronological list by year,1941,No. 24 of 1941,Pilotage (Amendment),amendment,26313,https://laws.gov.tt/ttdll-web/revision/download/26313?type=amendment
Chronological list by year,1941,No. 23 of 1941,Wireless Telegraphy (Amendment),amendment,69853,https://laws.gov.tt/ttdll-web/revision/download/69853?type=amendment
Chronological list by year,1941,No. 22 of 1941,Criminal Procedure (Amendment),amendment,76923,https://laws.gov.tt/ttdll-web/revision/download/76923?type=amendment
Chronological list by year,1941,No. 21 of 1941,School Teachers Pensions (Amendment),amendment,69839,https://laws.gov.tt/ttdll-web/revision/download/69839?type=amendment
Chronological list by year,1941,No. 20 of 1941,Corporal Punishment,amendment,69841,https://laws.gov.tt/ttdll-web/revision/download/69841?type=amendment
Chronological list by year,1941,No. 19 of 1941,Minimum Penalties and Fines (Removal),amendment,69843,https://laws.gov.tt/ttdll-web/revision/download/69843?type=amendment
Chronological list by year,1941,No. 18 of 1941,Trinidad Electricity Board (Amendment),amendment,69845,https://laws.gov.tt/ttdll-web/revision/download/69845?type=amendment
Chronological list by year,1941,No. 17 of 1941,Public Health (Amendment),amendment,69831,https://laws.gov.tt/ttdll-web/revision/download/69831?type=amendment
Chronological list by year,1941,No. 16 of 1941,Government Currency Notes (Amendment),amendment,69833,https://laws.gov.tt/ttdll-web/revision/download/69833?type=amendment
Chronological list by year,1941,No. 15 of 1941,United States Counsel,amendment,69835,https://laws.gov.tt/ttdll-web/revision/download/69835?type=amendment
Chronological list by year,1941,No. 14 of 1941,Land Acquisition,amendment,16551,https://laws.gov.tt/ttdll-web/revision/download/16551?type=amendment
Chronological list by year,1941,No. 13 of 1941,Rent Restriction,amendment,69837,https://laws.gov.tt/ttdll-web/revision/download/69837?type=amendment
Chronological list by year,1941,No. 12 of 1941,Wild Animals and Birds Protection (Amendment),amendment,69889,https://laws.gov.tt/ttdll-web/revision/download/69889?type=amendment
Chronological list by year,1941,No. 11 of 1941,Criminal Procedure (Amendment),amendment,4819,https://laws.gov.tt/ttdll-web/revision/download/4819?type=amendment
Chronological list by year,1941,No. 10 of 1941,Cane Farming Control (Amendment),amendment,69887,https://laws.gov.tt/ttdll-web/revision/download/69887?type=amendment
Chronological list by year,1941,No. 9 of 1941,Trustee (Amendment),amendment,69893,https://laws.gov.tt/ttdll-web/revision/download/69893?type=amendment
Chronological list by year,1941,No. 8 of 1941,Stamp Duty (Amendment),amendment,35066,https://laws.gov.tt/ttdll-web/revision/download/35066?type=amendment
Chronological list by year,1941,No. 7 of 1941,Jury (Amendment),amendment,14723,https://laws.gov.tt/ttdll-web/revision/download/14723?type=amendment
Chronological list by year,1941,No. 6 of 1941,Port-of-Spain Corporation (Amendment),amendment,69891,https://laws.gov.tt/ttdll-web/revision/download/69891?type=amendment
Chronological list by year,1941,No. 5 of 1941,Cocoa Industry (Amendment),amendment,69881,https://laws.gov.tt/ttdll-web/revision/download/69881?type=amendment
Chronological list by year,1941,No. 4 of 1941,Currency Notes (Barbados and British Guiana),amendment,69879,https://laws.gov.tt/ttdll-web/revision/download/69879?type=amendment
Chronological list by year,1941,No. 3 of 1941,War Loan,amendment,69885,https://laws.gov.tt/ttdll-web/revision/download/69885?type=amendment
Chronological list by year,1941,No. 2 of 1941,Emergency Taxation (Construction),amendment,69883,https://laws.gov.tt/ttdll-web/revision/download/69883?type=amendment
Chronological list by year,1941,No. 1 of 1941,Land Acquisition (Amendment),amendment,16549,https://laws.gov.tt/ttdll-web/revision/download/16549?type=amendment
Chronological list by year,1940,No. 29 of 1940,Appropriation,amendment,69873,https://laws.gov.tt/ttdll-web/revision/download/69873?type=amendment
Chronological list by year,1940,No. 28 of 1940,Cocoa Industry,amendment,69871,https://laws.gov.tt/ttdll-web/revision/download/69871?type=amendment
Chronological list by year,1940,No. 27 of 1940,"Patents, Designs, Copyright and Trade Marks (Emergency)",amendment,34737,https://laws.gov.tt/ttdll-web/revision/download/34737?type=amendment
Chronological list by year,1940,No. 26 of 1940,Central Waterworks (Amendment),amendment,69877,https://laws.gov.tt/ttdll-web/revision/download/69877?type=amendment
Chronological list by year,1940,No. 25 of 1940,Arima Corporation (Amendment),amendment,69875,https://laws.gov.tt/ttdll-web/revision/download/69875?type=amendment
Chronological list by year,1940,No. 24 of 1940,San Fernando Corporation (Amendment),amendment,69865,https://laws.gov.tt/ttdll-web/revision/download/69865?type=amendment
Chronological list by year,1940,No. 23 of 1940,Agricultural Industry Hurricane Relief (Amendment),amendment,69863,https://laws.gov.tt/ttdll-web/revision/download/69863?type=amendment
Chronological list by year,1940,No. 22 of 1940,Excess Profits Tax,amendment,69869,https://laws.gov.tt/ttdll-web/revision/download/69869?type=amendment
Chronological list by year,1940,No. 21 of 1940,Truck (Amendment),amendment,32760,https://laws.gov.tt/ttdll-web/revision/download/32760?type=amendment
Chronological list by year,1940,No. 20 of 1940,Truck Order Validation,amendment,32758,https://laws.gov.tt/ttdll-web/revision/download/32758?type=amendment
Chronological list by year,1940,No. 19 of 1940,Cinematograph (Amendment),amendment,4382,https://laws.gov.tt/ttdll-web/revision/download/4382?type=amendment
Chronological list by year,1940,No. 18 of 1940,"Registers of Births, Deaths and Marriages",amendment,69867,https://laws.gov.tt/ttdll-web/revision/download/69867?type=amendment
Chronological list by year,1940,No. 17 of 1940,Supplementary Estimates 1939,amendment,69795,https://laws.gov.tt/ttdll-web/revision/download/69795?type=amendment
Chronological list by year,1940,No. 16 of 1940,Pensions (War Service),amendment,25468,https://laws.gov.tt/ttdll-web/revision/download/25468?type=amendment
Chronological list by year,1940,No. 15 of 1940,Rural Pedlars (Amendment),amendment,29237,https://laws.gov.tt/ttdll-web/revision/download/29237?type=amendment
Chronological list by year,1940,No. 14 of 1940,Habitual Criminals (Repeal),amendment,69797,https://laws.gov.tt/ttdll-web/revision/download/69797?type=amendment
Chronological list by year,1940,No. 13 of 1940,San Fernando Electric Works (Amendment),amendment,69791,https://laws.gov.tt/ttdll-web/revision/download/69791?type=amendment
Chronological list by year,1940,No. 12 of 1940,Electric Lighting and Tramways (Amendment),amendment,69793,https://laws.gov.tt/ttdll-web/revision/download/69793?type=amendment
Chronological list by year,1940,No. 11 of 1940,Motors Vehicles Insurance (Third Party Risks) (Amendment),amendment,22866,https://laws.gov.tt/ttdll-web/revision/download/22866?type=amendment
Chronological list by year,1940,No. 10 of 1940,Naval Volunteer and Defence,amendment,69787,https://laws.gov.tt/ttdll-web/revision/download/69787?type=amendment
Chronological list by year,1940,No. 9 of 1940,Immigration (Amendment),amendment,69789,https://laws.gov.tt/ttdll-web/revision/download/69789?type=amendment
Chronological list by year,1940,No. 8 of 1940,Plant Protection,amendment,69783,https://laws.gov.tt/ttdll-web/revision/download/69783?type=amendment
Chronological list by year,1940,No. 7 of 1940,Wills and Probate (Amendment),amendment,69785,https://laws.gov.tt/ttdll-web/revision/download/69785?type=amendment
Chronological list by year,1940,No. 6 of 1940,Overseas Nurses' Pensions (Amendment),amendment,69779,https://laws.gov.tt/ttdll-web/revision/download/69779?type=amendment
Chronological list by year,1940,No. 5 of 1940,Weights and Measures (Amendment),amendment,69781,https://laws.gov.tt/ttdll-web/revision/download/69781?type=amendment
Chronological list by year,1940,No. 4 of 1940,Deportation-British Subjects (Amendment),amendment,69775,https://laws.gov.tt/ttdll-web/revision/download/69775?type=amendment
Chronological list by year,1940,No. 3 of 1940,Post Office (Amendment),amendment,34488,https://laws.gov.tt/ttdll-web/revision/download/34488?type=amendment
Chronological list by year,1940,No. 2 of 1940,Country Markets (Amendment),amendment,4182,https://laws.gov.tt/ttdll-web/revision/download/4182?type=amendment
Chronological list by year,1940,No. 1 of 1940,Joseph A. Hemming Pension,amendment,69777,https://laws.gov.tt/ttdll-web/revision/download/69777?type=amendment
Chronological list by year,1939,No. 36 of 1939,Rent Restriction (Amendment),amendment,69771,https://laws.gov.tt/ttdll-web/revision/download/69771?type=amendment
Chronological list by year,1939,No. 35 of 1939,Central Waterworks (Amendment),amendment,69773,https://laws.gov.tt/ttdll-web/revision/download/69773?type=amendment
Chronological list by year,1939,No. 34 of 1939,Port-of-Spain Improvement Loan,amendment,69767,https://laws.gov.tt/ttdll-web/revision/download/69767?type=amendment
Chronological list by year,1939,No. 33 of 1939,Pilotage,amendment,69769,https://laws.gov.tt/ttdll-web/revision/download/69769?type=amendment
Chronological list by year,1939,No. 32 of 1939,Emergency Taxation,amendment,69829,https://laws.gov.tt/ttdll-web/revision/download/69829?type=amendment
Chronological list by year,1939,No. 31 of 1939,Brewery (Amendment),amendment,7128,https://laws.gov.tt/ttdll-web/revision/download/7128?type=amendment
Chronological list by year,1939,No. 30 of 1939,Public Health (Amendment),amendment,69827,https://laws.gov.tt/ttdll-web/revision/download/69827?type=amendment
Chronological list by year,1939,No. 29 of 1939,Colony Survey,amendment,32874,https://laws.gov.tt/ttdll-web/revision/download/32874?type=amendment
Chronological list by year,1939,No. 28 of 1939,Appropriation,amendment,69825,https://laws.gov.tt/ttdll-web/revision/download/69825?type=amendment
Chronological list by year,1939,No. 27 of 1939,Naval Volunteer,amendment,69823,https://laws.gov.tt/ttdll-web/revision/download/69823?type=amendment
Chronological list by year,1939,No. 26 of 1939,Street Collection (Control),amendment,69821,https://laws.gov.tt/ttdll-web/revision/download/69821?type=amendment
Chronological list by year,1939,No. 25 of 1939,Land Improvement (Drainage),amendment,69819,https://laws.gov.tt/ttdll-web/revision/download/69819?type=amendment
Chronological list by year,1939,No. 24 of 1939,Robert Augustus Valentine Pension,amendment,69817,https://laws.gov.tt/ttdll-web/revision/download/69817?type=amendment
Chronological list by year,1939,No. 23 of 1939,Rust's Road Tramway (Repeal),amendment,69815,https://laws.gov.tt/ttdll-web/revision/download/69815?type=amendment
Chronological list by year,1939,No. 22 of 1939,Dogs (Amendment),amendment,5236,https://laws.gov.tt/ttdll-web/revision/download/5236?type=amendment
Chronological list by year,1939,No. 21 of 1939,Immigration (Restriction) (Amendment),amendment,69813,https://laws.gov.tt/ttdll-web/revision/download/69813?type=amendment
Chronological list by year,1939,No. 20 of 1939,Trading with the Enemy,amendment,33589,https://laws.gov.tt/ttdll-web/revision/download/33589?type=amendment
Chronological list by year,1939,No. 19 of 1939,Real Property and Registration (Miscellaneous Amendment),amendment,3116,https://laws.gov.tt/ttdll-web/revision/download/3116?type=amendment
Chronological list by year,1939,No. 18 of 1939,Conveyancing and Law of Property,amendment,26042,https://laws.gov.tt/ttdll-web/revision/download/26042?type=amendment
Chronological list by year,1939,No. 17 of 1939,Wills and Probate,amendment,69811,https://laws.gov.tt/ttdll-web/revision/download/69811?type=amendment
Chronological list by year,1939,No. 16 of 1939,Public Holidays (Amendment),amendment,28201,https://laws.gov.tt/ttdll-web/revision/download/28201?type=amendment
Chronological list by year,1939,No. 15 of 1939,Old Age Pensions,amendment,69809,https://laws.gov.tt/ttdll-web/revision/download/69809?type=amendment
Chronological list by year,1939,No. 14 of 1939,Administration of Justice,amendment,13047,https://laws.gov.tt/ttdll-web/revision/download/13047?type=amendment
Chronological list by year,1939,No. 13 of 1939,Interpretation (Amendment),amendment,69807,https://laws.gov.tt/ttdll-web/revision/download/69807?type=amendment
Chronological list by year,1939,No. 12 of 1939,Supplementary Appropriation,amendment,69805,https://laws.gov.tt/ttdll-web/revision/download/69805?type=amendment
Chronological list by year,1939,No. 11 of 1939,Affiliation,amendment,69803,https://laws.gov.tt/ttdll-web/revision/download/69803?type=amendment
Chronological list by year,1939,No. 10 of 1939,Local Forces and Volunteer Reserved (Amendment),amendment,69801,https://laws.gov.tt/ttdll-web/revision/download/69801?type=amendment
Chronological list by year,1939,No. 9 of 1939,Criminal Appeal (Amendment),amendment,69799,https://laws.gov.tt/ttdll-web/revision/download/69799?type=amendment
Chronological list by year,1939,No. 8 of 1939,Production of Telegrams,amendment,69975,https://laws.gov.tt/ttdll-web/revision/download/69975?type=amendment
Chronological list by year,1939,No. 7 of 1939,Weights and Measures,amendment,69977,https://laws.gov.tt/ttdll-web/revision/download/69977?type=amendment
Chronological list by year,1939,No. 6 of 1939,Governor's Emoluments,amendment,69979,https://laws.gov.tt/ttdll-web/revision/download/69979?type=amendment
Chronological list by year,1939,No. 5 of 1939,Arbitration,amendment,69981,https://laws.gov.tt/ttdll-web/revision/download/69981?type=amendment
Chronological list by year,1939,No. 4 of 1939,Trustee,amendment,69983,https://laws.gov.tt/ttdll-web/revision/download/69983?type=amendment
Chronological list by year,1939,No. 3 of 1939,Employment of Women (Night Work),amendment,69985,https://laws.gov.tt/ttdll-web/revision/download/69985?type=amendment
Chronological list by year,1939,No. 2 of 1939,Criminal Procedure (Amendment),amendment,44324,https://laws.gov.tt/ttdll-web/revision/download/44324?type=amendment
Chronological list by year,1939,No. 1 of 1939,Customs Bonds,amendment,69987,https://laws.gov.tt/ttdll-web/revision/download/69987?type=amendment
Chronological list by year,1938,No. 43 of 1938,Companies,amendment,49294,https://laws.gov.tt/ttdll-web/revision/download/49294?type=amendment
Chronological list by year,1938,No. 42 of 1938,Town and Regional Planning,amendment,69989,https://laws.gov.tt/ttdll-web/revision/download/69989?type=amendment
Chronological list by year,1938,No. 41 of 1938,Slum Clearance and Housing,amendment,69959,https://laws.gov.tt/ttdll-web/revision/download/69959?type=amendment
Chronological list by year,1938,No. 40 of 1938,Mortgates Extension (Amendment),amendment,69961,https://laws.gov.tt/ttdll-web/revision/download/69961?type=amendment
Chronological list by year,1938,No. 39 of 1938,Agricultural Industry Hurricane Relief (Amendment),amendment,69963,https://laws.gov.tt/ttdll-web/revision/download/69963?type=amendment
Chronological list by year,1938,No. 38 of 1938,Trinidad Electricity Board (Amendment),amendment,69965,https://laws.gov.tt/ttdll-web/revision/download/69965?type=amendment
Chronological list by year,1938,No. 37 of 1938,Motor Vehicles and Road Traffic (Amendment),amendment,21467,https://laws.gov.tt/ttdll-web/revision/download/21467?type=amendment
Chronological list by year,1938,No. 36 of 1938,Cane-farming Control,amendment,69967,https://laws.gov.tt/ttdll-web/revision/download/69967?type=amendment
Chronological list by year,1938,No. 35 of 1938,Law Revision,amendment,18407,https://laws.gov.tt/ttdll-web/revision/download/18407?type=amendment
Chronological list by year,1938,No. 34 of 1938,Income Tax,amendment,69969,https://laws.gov.tt/ttdll-web/revision/download/69969?type=amendment
Chronological list by year,1938,No. 33 of 1938,Dangerous Drugs (Amendment),amendment,69971,https://laws.gov.tt/ttdll-web/revision/download/69971?type=amendment
Chronological list by year,1938,No. 32 of 1938,Land Acquisition (Amendment),amendment,16547,https://laws.gov.tt/ttdll-web/revision/download/16547?type=amendment
Chronological list by year,1938,No. 31 of 1938,Rent Restriction (Amendment),amendment,69973,https://laws.gov.tt/ttdll-web/revision/download/69973?type=amendment
Chronological list by year,1938,No. 30 of 1938,General Local Loan (Amendment),amendment,11850,https://laws.gov.tt/ttdll-web/revision/download/11850?type=amendment
Chronological list by year,1938,No. 29 of 1938,Recruiting of Workers,amendment,70009,https://laws.gov.tt/ttdll-web/revision/download/70009?type=amendment
Chronological list by year,1938,No. 28 of 1938,Masters and Servants,amendment,70007,https://laws.gov.tt/ttdll-web/revision/download/70007?type=amendment
Chronological list by year,1938,No. 27 of 1938,Trinidad Consolidated Telephones (Limited) (Amendment),amendment,70013,https://laws.gov.tt/ttdll-web/revision/download/70013?type=amendment
Chronological list by year,1938,No. 26 of 1938,Judicature (Amendment),amendment,70011,https://laws.gov.tt/ttdll-web/revision/download/70011?type=amendment
Chronological list by year,1938,No. 25 of 1938,Licensing of Vehicles,amendment,70017,https://laws.gov.tt/ttdll-web/revision/download/70017?type=amendment
Chronological list by year,1938,No. 24 of 1938,Botanic Gardens,amendment,4068,https://laws.gov.tt/ttdll-web/revision/download/4068?type=amendment
Chronological list by year,1938,No. 23 of 1938,Post Office,amendment,34484,https://laws.gov.tt/ttdll-web/revision/download/34484?type=amendment
Chronological list by year,1938,No. 22 of 1938,"Customs Ordinance, 1938",amendment,9326,https://laws.gov.tt/ttdll-web/revision/download/9326?type=amendment
Chronological list by year,1938,No. 21 of 1938,Pensions (Amendment),amendment,25466,https://laws.gov.tt/ttdll-web/revision/download/25466?type=amendment
Chronological list by year,1938,No. 20 of 1938,Appropriation,amendment,70015,https://laws.gov.tt/ttdll-web/revision/download/70015?type=amendment
Chronological list by year,1938,No. 19 of 1938,Motor Vehicles Insurance—(Third Party Risks) (Amendment),amendment,22864,https://laws.gov.tt/ttdll-web/revision/download/22864?type=amendment
Chronological list by year,1938,No. 18 of 1938,Copra Products (Control) (Amendment),amendment,3753,https://laws.gov.tt/ttdll-web/revision/download/3753?type=amendment
Chronological list by year,1938,No. 16 of 1938,Trade Disputes (Arbitration and Enquiry) (Amendment),amendment,70021,https://laws.gov.tt/ttdll-web/revision/download/70021?type=amendment
Chronological list by year,1938,No. 15 of 1938,Petroleum Office and Conservation Board (Amendment),amendment,70019,https://laws.gov.tt/ttdll-web/revision/download/70019?type=amendment
Chronological list by year,1938,No. 14 of 1938,Diseases of Animals (Amendment),amendment,69993,https://laws.gov.tt/ttdll-web/revision/download/69993?type=amendment
Chronological list by year,1938,No. 13 of 1938,Crown Lands (Amendment),amendment,35366,https://laws.gov.tt/ttdll-web/revision/download/35366?type=amendment
Chronological list by year,1938,No. 12 of 1938,Carts,amendment,69991,https://laws.gov.tt/ttdll-web/revision/download/69991?type=amendment
Chronological list by year,1938,No. 11 of 1938,Arima Corporation,amendment,69997,https://laws.gov.tt/ttdll-web/revision/download/69997?type=amendment
Chronological list by year,1938,No. 10 of 1938,Supplementary Estimates,amendment,69995,https://laws.gov.tt/ttdll-web/revision/download/69995?type=amendment
Chronological list by year,1938,No. 9 of 1938,Plant (Export Prohibition),amendment,70001,https://laws.gov.tt/ttdll-web/revision/download/70001?type=amendment
Chronological list by year,1938,No. 8 of 1938,Agricultural Credit Societies (Amendment),amendment,69999,https://laws.gov.tt/ttdll-web/revision/download/69999?type=amendment
Chronological list by year,1938,No. 7 of 1938,Trade Disputes-(Arbitration and Enquiry),amendment,70005,https://laws.gov.tt/ttdll-web/revision/download/70005?type=amendment
Chronological list by year,1938,No. 6 of 1938,Shop (Hours of Opening and Employment),amendment,70003,https://laws.gov.tt/ttdll-web/revision/download/70003?type=amendment
Chronological list by year,1938,No. 5 of 1938,Police,amendment,69915,https://laws.gov.tt/ttdll-web/revision/download/69915?type=amendment
Chronological list by year,1938,No. 4 of 1938,Petroleum Office and Conservation Board,amendment,69917,https://laws.gov.tt/ttdll-web/revision/download/69917?type=amendment
Chronological list by year,1938,No. 3 of 1938,Cane-farming Control (Amendment),amendment,69911,https://laws.gov.tt/ttdll-web/revision/download/69911?type=amendment
Chronological list by year,1938,No. 2 of 1938,Education (Amendment),amendment,8738,https://laws.gov.tt/ttdll-web/revision/download/8738?type=amendment
Chronological list by year,1938,No. 1 of 1938,Harbours (Amendment),amendment,14340,https://laws.gov.tt/ttdll-web/revision/download/14340?type=amendment
Chronological list by year,1937,No. 25 of 1937,Motor Vehicles and Road Traffic (Licensing of Motor Omnibuses),amendment,69913,https://laws.gov.tt/ttdll-web/revision/download/69913?type=amendment
Chronological list by year,1937,No. 24 of 1937,Truck (Amendment),amendment,32756,https://laws.gov.tt/ttdll-web/revision/download/32756?type=amendment
Chronological list by year,1937,No. 23 of 1937,Trinidad Electricity Board (Amendment),amendment,69923,https://laws.gov.tt/ttdll-web/revision/download/69923?type=amendment
Chronological list by year,1937,No. 22 of 1937,Summary Jurisdiction (Married Women) (Amendment),amendment,69925,https://laws.gov.tt/ttdll-web/revision/download/69925?type=amendment
Chronological list by year,1937,No. 21 of 1937,Electric Lighting and Tramways (Amendment),amendment,69919,https://laws.gov.tt/ttdll-web/revision/download/69919?type=amendment
Chronological list by year,1937,No. 20 of 1937,Summary Conviction Offences (Amendment),amendment,35481,https://laws.gov.tt/ttdll-web/revision/download/35481?type=amendment
Chronological list by year,1937,No. 19 of 1937,Appropriation,amendment,69921,https://laws.gov.tt/ttdll-web/revision/download/69921?type=amendment
Chronological list by year,1937,No. 18 of 1937,Harbour Dues (Amendment),amendment,69899,https://laws.gov.tt/ttdll-web/revision/download/69899?type=amendment
Chronological list by year,1937,No. 17 of 1937,St. James Area Improvement,amendment,69901,https://laws.gov.tt/ttdll-web/revision/download/69901?type=amendment
Chronological list by year,1937,No. 16 of 1937,Registration of Deeds (Amendment),amendment,28911,https://laws.gov.tt/ttdll-web/revision/download/28911?type=amendment
Chronological list by year,1937,No. 15 of 1937,Excise General Provisions (Amendment),amendment,5913,https://laws.gov.tt/ttdll-web/revision/download/5913?type=amendment
Chronological list by year,1937,No. 14 of 1937,San Fernando Corporation (Amendment),amendment,69895,https://laws.gov.tt/ttdll-web/revision/download/69895?type=amendment
Chronological list by year,1937,No. 13 of 1937,Cane Farming Control,amendment,69897,https://laws.gov.tt/ttdll-web/revision/download/69897?type=amendment
Chronological list by year,1937,No. 12 of 1937,Sugar Quotas,amendment,69907,https://laws.gov.tt/ttdll-web/revision/download/69907?type=amendment
Chronological list by year,1937,No. 11 of 1937,Commissioners Powers-Conferment of,amendment,69909,https://laws.gov.tt/ttdll-web/revision/download/69909?type=amendment
Chronological list by year,1937,No. 10 of 1937,Motor Vehicles and Road Traffic (Amendment),amendment,21465,https://laws.gov.tt/ttdll-web/revision/download/21465?type=amendment
Chronological list by year,1937,No. 9 of 1937,Port-of-Spain Corporation-Validation of Insurance Expenditure,amendment,69903,https://laws.gov.tt/ttdll-web/revision/download/69903?type=amendment
Chronological list by year,1937,No. 8 of 1937,Stamp Duty (Amendment),amendment,35064,https://laws.gov.tt/ttdll-web/revision/download/35064?type=amendment
Chronological list by year,1937,No. 7 of 1937,Department of Agriculture (Amendment),amendment,69905,https://laws.gov.tt/ttdll-web/revision/download/69905?type=amendment
Chronological list by year,1937,No. 6 of 1937,Promissory Oaths (Amendment),amendment,27570,https://laws.gov.tt/ttdll-web/revision/download/27570?type=amendment
Chronological list by year,1937,No. 5 of 1937,Governors Emoluments,amendment,69949,https://laws.gov.tt/ttdll-web/revision/download/69949?type=amendment
Chronological list by year,1937,No. 4 of 1937,Supplementary Appropriation,amendment,69947,https://laws.gov.tt/ttdll-web/revision/download/69947?type=amendment
Chronological list by year,1937,No. 3 of 1937,Importation of Textiles Quotas (Amendment),amendment,69945,https://laws.gov.tt/ttdll-web/revision/download/69945?type=amendment
Chronological list by year,1937,No. 2 of 1937,Estate and Succession Duties,amendment,69943,https://laws.gov.tt/ttdll-web/revision/download/69943?type=amendment
Chronological list by year,1937,No. 1 of 1937,Trade Licensing (Repeal),amendment,69957,https://laws.gov.tt/ttdll-web/revision/download/69957?type=amendment
Chronological list by year,1936,No. 29 of 1936,Municipal Corporations Pensions,amendment,69955,https://laws.gov.tt/ttdll-web/revision/download/69955?type=amendment
Chronological list by year,1936,No. 28 of 1936,Constabulary (Amendment),amendment,69953,https://laws.gov.tt/ttdll-web/revision/download/69953?type=amendment
Chronological list by year,1936,No. 27 of 1936,Law Officers,amendment,4815,https://laws.gov.tt/ttdll-web/revision/download/4815?type=amendment
Chronological list by year,1936,No. 26 of 1936,Summary Jurisdiction (Miscellaneous Provisions),amendment,8113,https://laws.gov.tt/ttdll-web/revision/download/8113?type=amendment
Chronological list by year,1936,No. 25 of 1936,Married Women’s Property (Amendment),amendment,18242,https://laws.gov.tt/ttdll-web/revision/download/18242?type=amendment
Chronological list by year,1936,No. 24 of 1936,Judicature (Amendment),amendment,3451,https://laws.gov.tt/ttdll-web/revision/download/3451?type=amendment
Chronological list by year,1936,No. 23 of 1936,Summary Conviction Offences (Amendment),amendment,35477,https://laws.gov.tt/ttdll-web/revision/download/35477?type=amendment
Chronological list by year,1936,No. 22 of 1936,Summary Conviction Offences—Procedure (Amendment),amendment,35651,https://laws.gov.tt/ttdll-web/revision/download/35651?type=amendment
Chronological list by year,1936,No. 21 of 1936,Indictable Offences (Preliminary Enquiry) (Amendment),amendment,13045,https://laws.gov.tt/ttdll-web/revision/download/13045?type=amendment
Chronological list by year,1936,No. 20 of 1936,Criminal justice,amendment,11909,https://laws.gov.tt/ttdll-web/revision/download/11909?type=amendment
Chronological list by year,1936,No. 19 of 1936,Criminal Procedure (Amendment),amendment,4813,https://laws.gov.tt/ttdll-web/revision/download/4813?type=amendment
Chronological list by year,1936,No. 18 of 1936,Cinematograph,amendment,69951,https://laws.gov.tt/ttdll-web/revision/download/69951?type=amendment
Chronological list by year,1936,No. 17 of 1936,Wireless Telegraphy,amendment,77237,https://laws.gov.tt/ttdll-web/revision/download/77237?type=amendment
Chronological list by year,1936,No. 16 of 1936,Sugar Quotas,amendment,69933,https://laws.gov.tt/ttdll-web/revision/download/69933?type=amendment
Chronological list by year,1936,No. 15 of 1936,San Fernando Corporation (Vesting of La Coulee Lands),amendment,69931,https://laws.gov.tt/ttdll-web/revision/download/69931?type=amendment
Chronological list by year,1936,No. 14 of 1936,Explosives (Amendment),amendment,7047,https://laws.gov.tt/ttdll-web/revision/download/7047?type=amendment
Chronological list by year,1936,No. 13 of 1936,Appropriation,amendment,69929,https://laws.gov.tt/ttdll-web/revision/download/69929?type=amendment
Chronological list by year,1936,No. 12 of 1936,School Teachers Pensions (Amendment),amendment,69927,https://laws.gov.tt/ttdll-web/revision/download/69927?type=amendment
Chronological list by year,1936,No. 11 of 1936,Pensions (Amendment),amendment,69941,https://laws.gov.tt/ttdll-web/revision/download/69941?type=amendment
Chronological list by year,1936,No. 10 of 1936,Gas Works (Amendment),amendment,69939,https://laws.gov.tt/ttdll-web/revision/download/69939?type=amendment
Chronological list by year,1936,No. 9 of 1936,Supplementary Appropriation,amendment,69937,https://laws.gov.tt/ttdll-web/revision/download/69937?type=amendment
Chronological list by year,1936,No. 8 of 1936,Trinidad Electricity Board (Amendment),amendment,69935,https://laws.gov.tt/ttdll-web/revision/download/69935?type=amendment
Chronological list by year,1936,No. 7 of 1936,Education (Amendment),amendment,8716,https://laws.gov.tt/ttdll-web/revision/download/8716?type=amendment
Chronological list by year,1936,No. 6 of 1936,Licensing of Vehicles (Amendment),amendment,70097,https://laws.gov.tt/ttdll-web/revision/download/70097?type=amendment
Chronological list by year,1936,No. 5 of 1936,Deportation (British Subjects),amendment,70095,https://laws.gov.tt/ttdll-web/revision/download/70095?type=amendment
Chronological list by year,1936,No. 4 of 1936,Immigration Restriction,amendment,70101,https://laws.gov.tt/ttdll-web/revision/download/70101?type=amendment
Chronological list by year,1936,No. 3 of 1936,Constabulary (Amendment),amendment,70099,https://laws.gov.tt/ttdll-web/revision/download/70099?type=amendment
Chronological list by year,1936,No. 2 of 1936,Motor Vehicles and Road Traffic (Amendment),amendment,21463,https://laws.gov.tt/ttdll-web/revision/download/21463?type=amendment
Chronological list by year,1936,No. 1 of 1936,Lands and Buildings Taxes (Amendment),amendment,17873,https://laws.gov.tt/ttdll-web/revision/download/17873?type=amendment
Chronological list by year,1935,No. 40 of 1935,San Fernando Corporation,amendment,70089,https://laws.gov.tt/ttdll-web/revision/download/70089?type=amendment
Chronological list by year,1935,No. 39 of 1935,Trinidad Electricity Board,amendment,70087,https://laws.gov.tt/ttdll-web/revision/download/70087?type=amendment
Chronological list by year,1935,No. 38 of 1935,Cocoa Subsidy Loan,amendment,70093,https://laws.gov.tt/ttdll-web/revision/download/70093?type=amendment
Chronological list by year,1935,No. 37 of 1935,Trade Licensing,amendment,70091,https://laws.gov.tt/ttdll-web/revision/download/70091?type=amendment
Chronological list by year,1935,No. 36 of 1935,Cocoa Subsidy Special Taxation,amendment,70113,https://laws.gov.tt/ttdll-web/revision/download/70113?type=amendment
Chronological list by year,1935,No. 35 of 1935,Post Office Savings Bank,amendment,26769,https://laws.gov.tt/ttdll-web/revision/download/26769?type=amendment
Chronological list by year,1935,No. 34 of 1935,Firearms (Amendment),amendment,70111,https://laws.gov.tt/ttdll-web/revision/download/70111?type=amendment
Chronological list by year,1935,No. 33 of 1935,Trinidad and Tobago Ground Provisions Depot,amendment,70117,https://laws.gov.tt/ttdll-web/revision/download/70117?type=amendment
Chronological list by year,1935,No. 32 of 1935,Jury (Amendment),amendment,14705,https://laws.gov.tt/ttdll-web/revision/download/14705?type=amendment
Chronological list by year,1935,No. 31 of 1935,Appropriation,amendment,70115,https://laws.gov.tt/ttdll-web/revision/download/70115?type=amendment
Chronological list by year,1935,No. 30 of 1935,Friendly Societies (Amendment),amendment,13237,https://laws.gov.tt/ttdll-web/revision/download/13237?type=amendment
Chronological list by year,1935,No. 29 of 1935,Muslim Marriage and Divorce Registration,amendment,70105,https://laws.gov.tt/ttdll-web/revision/download/70105?type=amendment
Chronological list by year,1935,No. 28 of 1935,Beekeeping and Bee Products (Control),amendment,70103,https://laws.gov.tt/ttdll-web/revision/download/70103?type=amendment
Chronological list by year,1935,No. 27 of 1935,Central Waterworks (Amendment),amendment,70109,https://laws.gov.tt/ttdll-web/revision/download/70109?type=amendment
Chronological list by year,1935,No. 26 of 1935,Theatres and Dance Halls (Amendment),amendment,33504,https://laws.gov.tt/ttdll-web/revision/download/33504?type=amendment
Chronological list by year,1935,No. 25 of 1935,Royal Philanthropic Lodge of Freemasons Incorporation,amendment,70107,https://laws.gov.tt/ttdll-web/revision/download/70107?type=amendment
Chronological list by year,1935,No. 24 of 1935,Anjuman Sunnal al Jammat Association- Incorporation,amendment,70127,https://laws.gov.tt/ttdll-web/revision/download/70127?type=amendment
Chronological list by year,1935,No. 23 of 1935,Private Schools,amendment,70129,https://laws.gov.tt/ttdll-web/revision/download/70129?type=amendment
Chronological list by year,1935,No. 22 of 1935,Municipal Elections (Amendment),amendment,70131,https://laws.gov.tt/ttdll-web/revision/download/70131?type=amendment
Chronological list by year,1935,No. 21 of 1935,Deep Water Harbour Loan (Amendment),amendment,70133,https://laws.gov.tt/ttdll-web/revision/download/70133?type=amendment
Chronological list by year,1935,No. 20 of 1935,Estate and Succession Duties (Amendment),amendment,70119,https://laws.gov.tt/ttdll-web/revision/download/70119?type=amendment
Chronological list by year,1935,No. 19 of 1935,School Teachers Pensions (Amendment),amendment,70121,https://laws.gov.tt/ttdll-web/revision/download/70121?type=amendment
Chronological list by year,1935,No. 18 of 1935,Housing Commission,amendment,70123,https://laws.gov.tt/ttdll-web/revision/download/70123?type=amendment
Chronological list by year,1935,No. 17 of 1935,Slum Clearance,amendment,70125,https://laws.gov.tt/ttdll-web/revision/download/70125?type=amendment
Chronological list by year,1935,No. 16 of 1935,Motor Vehicles Insurance- Third Party Risks (Amendment),amendment,22862,https://laws.gov.tt/ttdll-web/revision/download/22862?type=amendment
Chronological list by year,1935,No. 15 of 1935,Central Waterworks,amendment,70143,https://laws.gov.tt/ttdll-web/revision/download/70143?type=amendment
Chronological list by year,1935,No. 14 of 1935,Registrar General's (Amendment),amendment,29404,https://laws.gov.tt/ttdll-web/revision/download/29404?type=amendment
Chronological list by year,1935,No. 13 of 1935,Port-of-Spain Corporation (Amendment),amendment,70145,https://laws.gov.tt/ttdll-web/revision/download/70145?type=amendment
Chronological list by year,1935,No. 12 of 1935,Savings Bank (Amendment),amendment,70147,https://laws.gov.tt/ttdll-web/revision/download/70147?type=amendment
Chronological list by year,1935,No. 11 of 1935,Supplementary Appropriation,amendment,70149,https://laws.gov.tt/ttdll-web/revision/download/70149?type=amendment
Chronological list by year,1935,No. 10 of 1935,Friendly Societies (Amendment),amendment,13235,https://laws.gov.tt/ttdll-web/revision/download/13235?type=amendment
Chronological list by year,1935,No. 9 of 1935,Electric Lighting and Tramway Works Loan,amendment,70135,https://laws.gov.tt/ttdll-web/revision/download/70135?type=amendment
Chronological list by year,1935,No. 8 of 1935,Port-of-Spain Improvement Loan,amendment,70137,https://laws.gov.tt/ttdll-web/revision/download/70137?type=amendment
Chronological list by year,1935,No. 7 of 1935,General Local Loan-Municipal Corporations,amendment,70139,https://laws.gov.tt/ttdll-web/revision/download/70139?type=amendment
Chronological list by year,1935,No. 6 of 1935,Labour-Minimum Wage,amendment,70141,https://laws.gov.tt/ttdll-web/revision/download/70141?type=amendment
Chronological list by year,1935,No. 5 of 1935,Libel and Defamation (Amendment),amendment,18783,https://laws.gov.tt/ttdll-web/revision/download/18783?type=amendment
Chronological list by year,1935,No. 4 of 1935,Newspapers,amendment,70037,https://laws.gov.tt/ttdll-web/revision/download/70037?type=amendment
Chronological list by year,1935,No. 3 of 1935,Public Works and Housing Commission Loan,amendment,70035,https://laws.gov.tt/ttdll-web/revision/download/70035?type=amendment
Chronological list by year,1935,No. 2 of 1935,Corporal Punishment (Amendment),amendment,70033,https://laws.gov.tt/ttdll-web/revision/download/70033?type=amendment
Chronological list by year,1935,No. 1 of 1935,Income Tax (Amendment),amendment,70031,https://laws.gov.tt/ttdll-web/revision/download/70031?type=amendment
Chronological list by year,1934,No. 43 of 1934,Excise General Provisions,amendment,7126,https://laws.gov.tt/ttdll-web/revision/download/7126?type=amendment
Chronological list by year,1934,No. 42 of 1934,Motor Vehicles and Road Traffic,amendment,70029,https://laws.gov.tt/ttdll-web/revision/download/70029?type=amendment
Chronological list by year,1934,No. 41 of 1934,"Rates, Taxes and Licences-Payment by Cheque",amendment,70027,https://laws.gov.tt/ttdll-web/revision/download/70027?type=amendment
Chronological list by year,1934,No. 40 of 1934,Government Currency Notes,amendment,70025,https://laws.gov.tt/ttdll-web/revision/download/70025?type=amendment
Chronological list by year,1934,No. 39 of 1934,Theatres and Dance Halls,amendment,70023,https://laws.gov.tt/ttdll-web/revision/download/70023?type=amendment
Chronological list by year,1934,No. 38 of 1934,Summary Jurisdiction- Married Women,amendment,70053,https://laws.gov.tt/ttdll-web/revision/download/70053?type=amendment
Chronological list by year,1934,No. 37 of 1934,Roads (Amendment),amendment,70051,https://laws.gov.tt/ttdll-web/revision/download/70051?type=amendment
Chronological list by year,1934,No. 36 of 1934,Gambling Prevention (Amendment),amendment,70049,https://laws.gov.tt/ttdll-web/revision/download/70049?type=amendment
Chronological list by year,1934,No. 35 of 1934,"San Fernando and Arima-Hucksters, Pedlars and Porters (Amendment)",amendment,70047,https://laws.gov.tt/ttdll-web/revision/download/70047?type=amendment
Chronological list by year,1934,No. 34 of 1934,Appropriation,amendment,70045,https://laws.gov.tt/ttdll-web/revision/download/70045?type=amendment
Chronological list by year,1934,No. 33 of 1934,Cinematograph (British Films) (Amendment),amendment,70043,https://laws.gov.tt/ttdll-web/revision/download/70043?type=amendment
Chronological list by year,1934,No. 32 of 1934,Land Surveyors (Amendment),amendment,18052,https://laws.gov.tt/ttdll-web/revision/download/18052?type=amendment
Chronological list by year,1934,No. 31 of 1934,Debtors (Amendment),amendment,33686,https://laws.gov.tt/ttdll-web/revision/download/33686?type=amendment
Chronological list by year,1934,No. 30 of 1934,Customs (Amendment),amendment,9324,https://laws.gov.tt/ttdll-web/revision/download/9324?type=amendment
Chronological list by year,1934,No. 29 of 1934,Judicature (Amendment),amendment,70041,https://laws.gov.tt/ttdll-web/revision/download/70041?type=amendment
Chronological list by year,1934,No. 28 of 1934,Prevention of Accidents,amendment,70039,https://laws.gov.tt/ttdll-web/revision/download/70039?type=amendment
Chronological list by year,1934,No. 27 of 1934,Local Savings Banks,amendment,70067,https://laws.gov.tt/ttdll-web/revision/download/70067?type=amendment
Chronological list by year,1934,No. 26 of 1934,Education (Amendment),amendment,70069,https://laws.gov.tt/ttdll-web/revision/download/70069?type=amendment
Chronological list by year,1934,No. 25 of 1934,Mental Treatment,amendment,70063,https://laws.gov.tt/ttdll-web/revision/download/70063?type=amendment
Chronological list by year,1934,No. 24 of 1934,Supplementary Appropriation,amendment,70065,https://laws.gov.tt/ttdll-web/revision/download/70065?type=amendment
Chronological list by year,1934,No. 23 of 1934,Currency Interpretation,amendment,70059,https://laws.gov.tt/ttdll-web/revision/download/70059?type=amendment
Chronological list by year,1934,No. 22 of 1934,Public Library (Amendment),amendment,70061,https://laws.gov.tt/ttdll-web/revision/download/70061?type=amendment
Chronological list by year,1934,No. 21 of 1934,Importation of Textiles Quotas (Amendment),amendment,70055,https://laws.gov.tt/ttdll-web/revision/download/70055?type=amendment
Chronological list by year,1934,No. 20 of 1934,Importation of Textiles Quotas,amendment,70057,https://laws.gov.tt/ttdll-web/revision/download/70057?type=amendment
Chronological list by year,1934,No. 19 of 1934,Sale of Produce (Amendment),amendment,30229,https://laws.gov.tt/ttdll-web/revision/download/30229?type=amendment
Chronological list by year,1934,No. 18 of 1934,Elections (Legislative Council) (Amendment),amendment,70083,https://laws.gov.tt/ttdll-web/revision/download/70083?type=amendment
Chronological list by year,1934,No. 17 of 1934,Widows and Orphans Pensions,amendment,70085,https://laws.gov.tt/ttdll-web/revision/download/70085?type=amendment
Chronological list by year,1934,No. 16 of 1934,Pensions,amendment,70079,https://laws.gov.tt/ttdll-web/revision/download/70079?type=amendment
Chronological list by year,1934,No. 15 of 1934,Public Health (Amendment),amendment,70081,https://laws.gov.tt/ttdll-web/revision/download/70081?type=amendment
Chronological list by year,1934,No. 14 of 1934,Provident Fund (Amendment),amendment,27331,https://laws.gov.tt/ttdll-web/revision/download/27331?type=amendment
Chronological list by year,1934,No. 13 of 1934,Agricultural Industry Hurricane Relief (Amendment),amendment,70075,https://laws.gov.tt/ttdll-web/revision/download/70075?type=amendment
Chronological list by year,1934,No. 12 of 1934,Mortgages Extension,amendment,70077,https://laws.gov.tt/ttdll-web/revision/download/70077?type=amendment
Chronological list by year,1934,No. 11 of 1934,Registration of Clubs,amendment,70071,https://laws.gov.tt/ttdll-web/revision/download/70071?type=amendment
Chronological list by year,1934,No. 10 of 1934,Registration of Electors (Legislative Council) Amendment,amendment,33684,https://laws.gov.tt/ttdll-web/revision/download/33684?type=amendment
Chronological list by year,1934,No. 9 of 1934,Electors (Legislative Council Amendment),amendment,70073,https://laws.gov.tt/ttdll-web/revision/download/70073?type=amendment
Chronological list by year,1934,No. 8 of 1934,Bills of Exchange (Amendment),amendment,3914,https://laws.gov.tt/ttdll-web/revision/download/3914?type=amendment
Chronological list by year,1934,No. 7 of 1934,Banana (Control),amendment,70217,https://laws.gov.tt/ttdll-web/revision/download/70217?type=amendment
Chronological list by year,1934,No. 6 of 1934,District Waterworks (Amendment),amendment,70215,https://laws.gov.tt/ttdll-web/revision/download/70215?type=amendment
Chronological list by year,1934,No. 5 of 1934,Bahamas and Leeward Islands Light Dues,amendment,70221,https://laws.gov.tt/ttdll-web/revision/download/70221?type=amendment
Chronological list by year,1934,No. 4 of 1934,Copra Products Control (Amendment),amendment,3749,https://laws.gov.tt/ttdll-web/revision/download/3749?type=amendment
Chronological list by year,1934,No. 3 of 1934,Deep Water Harbour-Loan,amendment,70219,https://laws.gov.tt/ttdll-web/revision/download/70219?type=amendment
Chronological list by year,1934,No. 2 of 1934,Spirits and Spirit Compounds (Amendment),amendment,31877,https://laws.gov.tt/ttdll-web/revision/download/31877?type=amendment
Chronological list by year,1934,No. 1 of 1934,Poor Relief (Amendment),amendment,70225,https://laws.gov.tt/ttdll-web/revision/download/70225?type=amendment
Chronological list by year,1933,No. 39 of 1933,Motor Vehicles Insurance (Third Party Risks),amendment,70223,https://laws.gov.tt/ttdll-web/revision/download/70223?type=amendment
Chronological list by year,1933,No. 38 of 1933,Pensions (Amendment),amendment,70229,https://laws.gov.tt/ttdll-web/revision/download/70229?type=amendment
Chronological list by year,1933,No. 37 of 1933,Forests (Amendment),amendment,13550,https://laws.gov.tt/ttdll-web/revision/download/13550?type=amendment
Chronological list by year,1933,No. 36 of 1933,Botanic Gardens (Amendment),amendment,4066,https://laws.gov.tt/ttdll-web/revision/download/4066?type=amendment
Chronological list by year,1933,No. 35 of 1933,Wild Animals and Birds (Protection),amendment,70227,https://laws.gov.tt/ttdll-web/revision/download/70227?type=amendment
Chronological list by year,1933,No. 34 of 1933,Rent Restriction,amendment,70233,https://laws.gov.tt/ttdll-web/revision/download/70233?type=amendment
Chronological list by year,1933,No. 33 of 1933,Oil and Water Board (Amendment),amendment,70231,https://laws.gov.tt/ttdll-web/revision/download/70231?type=amendment
Chronological list by year,1933,No. 32 of 1933,Shop Hours (Amendment),amendment,70237,https://laws.gov.tt/ttdll-web/revision/download/70237?type=amendment
Chronological list by year,1933,No. 31 of 1933,Liquor Licences,amendment,19471,https://laws.gov.tt/ttdll-web/revision/download/19471?type=amendment
Chronological list by year,1933,No. 30 of 1933,Spirits and Spirit Compounds,amendment,77330,https://laws.gov.tt/ttdll-web/revision/download/77330?type=amendment
Chronological list by year,1933,No. 29 of 1933,Pipe-lines,amendment,70235,https://laws.gov.tt/ttdll-web/revision/download/70235?type=amendment
Chronological list by year,1933,No. 28 of 1933,Education,amendment,8712,https://laws.gov.tt/ttdll-web/revision/download/8712?type=amendment
Chronological list by year,1933,No. 27 of 1933,Arima Markets (Amendment),amendment,70241,https://laws.gov.tt/ttdll-web/revision/download/70241?type=amendment
Chronological list by year,1933,No. 26 of 1933,Rural Pedlars,amendment,70239,https://laws.gov.tt/ttdll-web/revision/download/70239?type=amendment
Chronological list by year,1933,No. 25 of 1933,Appropriation,amendment,70245,https://laws.gov.tt/ttdll-web/revision/download/70245?type=amendment
Chronological list by year,1933,No. 24 of 1933,Bruce Stephens Trust (Amendment),amendment,33682,https://laws.gov.tt/ttdll-web/revision/download/33682?type=amendment
Chronological list by year,1933,No. 23 of 1933,Public Officers (Change of Titles),amendment,70243,https://laws.gov.tt/ttdll-web/revision/download/70243?type=amendment
Chronological list by year,1933,No. 22 of 1933,Petroleum Excise (Amendment),amendment,70247,https://laws.gov.tt/ttdll-web/revision/download/70247?type=amendment
Chronological list by year,1933,No. 21 of 1933,Boxing Control,amendment,70249,https://laws.gov.tt/ttdll-web/revision/download/70249?type=amendment
Chronological list by year,1933,No. 20 of 1933,Patents Designs and Trade Marks (Amendment),amendment,34735,https://laws.gov.tt/ttdll-web/revision/download/34735?type=amendment
Chronological list by year,1933,No. 19 of 1933,Interpretation,amendment,70251,https://laws.gov.tt/ttdll-web/revision/download/70251?type=amendment
Chronological list by year,1933,No. 18 of 1933,Sale of Ammunition (Amendment),amendment,70253,https://laws.gov.tt/ttdll-web/revision/download/70253?type=amendment
Chronological list by year,1933,No. 17 of 1933,Constabulary (Amendment),amendment,70255,https://laws.gov.tt/ttdll-web/revision/download/70255?type=amendment
Chronological list by year,1933,No. 16 of 1933,Agricultural Industry Hurricane Relief,amendment,70257,https://laws.gov.tt/ttdll-web/revision/download/70257?type=amendment
Chronological list by year,1933,No. 15 of 1933,Summary Conviction Offences Procedure (Amendment),amendment,70259,https://laws.gov.tt/ttdll-web/revision/download/70259?type=amendment
Chronological list by year,1933,No. 14 of 1933,Port-of-Spain Improvement Loan,amendment,70261,https://laws.gov.tt/ttdll-web/revision/download/70261?type=amendment
Chronological list by year,1933,No. 13 of 1933,Cinematograph (British Films),amendment,70263,https://laws.gov.tt/ttdll-web/revision/download/70263?type=amendment
Chronological list by year,1933,No. 12 of 1933,Supplementary Appropriation,amendment,70265,https://laws.gov.tt/ttdll-web/revision/download/70265?type=amendment
Chronological list by year,1933,No. 11 of 1933,Copra Products Control (Amendment),amendment,3729,https://laws.gov.tt/ttdll-web/revision/download/3729?type=amendment
Chronological list by year,1933,No. 10 of 1933,Food and Drugs (Amendment),amendment,21864,https://laws.gov.tt/ttdll-web/revision/download/21864?type=amendment
Chronological list by year,1933,No. 9 of 1933,Roads (Amendment),amendment,28907,https://laws.gov.tt/ttdll-web/revision/download/28907?type=amendment
Chronological list by year,1933,No. 8 of 1933,Young Persons-Employment,amendment,70267,https://laws.gov.tt/ttdll-web/revision/download/70267?type=amendment
Chronological list by year,1933,No. 7 of 1933,Passports (Amendment),amendment,70269,https://laws.gov.tt/ttdll-web/revision/download/70269?type=amendment
Chronological list by year,1933,No. 6 of 1933,Bruce Stephens Trust,amendment,70271,https://laws.gov.tt/ttdll-web/revision/download/70271?type=amendment
Chronological list by year,1933,No. 5 of 1933,Forests (Amendment),amendment,13544,https://laws.gov.tt/ttdll-web/revision/download/13544?type=amendment
Chronological list by year,1933,No. 4 of 1933,Bills of Exchange (Amendment),amendment,3910,https://laws.gov.tt/ttdll-web/revision/download/3910?type=amendment
Chronological list by year,1933,No. 3 of 1933,Registration of Deeds of Gift and Settlements,amendment,28909,https://laws.gov.tt/ttdll-web/revision/download/28909?type=amendment
Chronological list by year,1933,No. 2 of 1933,Trespass (Amendment),amendment,32154,https://laws.gov.tt/ttdll-web/revision/download/32154?type=amendment
Chronological list by year,1932,No. 42 of 1932,Moneylenders,amendment,70273,https://laws.gov.tt/ttdll-web/revision/download/70273?type=amendment
Chronological list by year,1932,No. 41 of 1932,Cinematograph (British Films),amendment,70275,https://laws.gov.tt/ttdll-web/revision/download/70275?type=amendment
Chronological list by year,1932,No. 40 of 1932,Bankers Licences and Bank Notes (Duties),amendment,70277,https://laws.gov.tt/ttdll-web/revision/download/70277?type=amendment
Chronological list by year,1932,No. 39 of 1932,Appropriation,amendment,70157,https://laws.gov.tt/ttdll-web/revision/download/70157?type=amendment
Chronological list by year,1932,No. 38 of 1932,Imperial Treasury War Loan (Repayment),amendment,70155,https://laws.gov.tt/ttdll-web/revision/download/70155?type=amendment
Chronological list by year,1932,No. 37 of 1932,Licensing of Vehicles (Amendment),amendment,70153,https://laws.gov.tt/ttdll-web/revision/download/70153?type=amendment
Chronological list by year,1932,No. 36 of 1932,Kabir Association Incorporation,amendment,70151,https://laws.gov.tt/ttdll-web/revision/download/70151?type=amendment
Chronological list by year,1932,No. 35 of 1932,Gasworks (Amendment),amendment,33680,https://laws.gov.tt/ttdll-web/revision/download/33680?type=amendment
Chronological list by year,1932,No. 34 of 1932,Summary Conviction Offences (Amendment),amendment,70165,https://laws.gov.tt/ttdll-web/revision/download/70165?type=amendment
Chronological list by year,1932,No. 33 of 1932,Trustee (Infants and absentees property),amendment,70163,https://laws.gov.tt/ttdll-web/revision/download/70163?type=amendment
Chronological list by year,1932,No. 32 of 1932,Savings Bank (Amendment),amendment,70161,https://laws.gov.tt/ttdll-web/revision/download/70161?type=amendment
Chronological list by year,1932,No. 31 of 1932,Provident Fund (Amendment),amendment,27329,https://laws.gov.tt/ttdll-web/revision/download/27329?type=amendment
Chronological list by year,1932,No. 30 of 1932,Summary Conviction Offences Procedure (Amendment),amendment,70159,https://laws.gov.tt/ttdll-web/revision/download/70159?type=amendment
Chronological list by year,1932,No. 29 of 1932,General Local Loan,amendment,70173,https://laws.gov.tt/ttdll-web/revision/download/70173?type=amendment
Chronological list by year,1932,No. 28 of 1932,Deeds of Arrangement,amendment,70171,https://laws.gov.tt/ttdll-web/revision/download/70171?type=amendment
Chronological list by year,1932,No. 27 of 1932,Commissions of Enquiry (Amendment),amendment,5018,https://laws.gov.tt/ttdll-web/revision/download/5018?type=amendment
Chronological list by year,1932,No. 26 of 1932,Sale of Produce (Amendment),amendment,30227,https://laws.gov.tt/ttdll-web/revision/download/30227?type=amendment
Chronological list by year,1932,No. 25 of 1932,Patents Designs and Trade Marks (Amendment),amendment,34733,https://laws.gov.tt/ttdll-web/revision/download/34733?type=amendment
Chronological list by year,1932,No. 24 of 1932,Cocoa Industry Relief,amendment,70169,https://laws.gov.tt/ttdll-web/revision/download/70169?type=amendment
Chronological list by year,1932,No. 23 of 1932,Constabulary (Amendment),amendment,70167,https://laws.gov.tt/ttdll-web/revision/download/70167?type=amendment
Chronological list by year,1932,No. 22 of 1932,Port-of-Spain Corporation (Amendment),amendment,70181,https://laws.gov.tt/ttdll-web/revision/download/70181?type=amendment
Chronological list by year,1932,No. 21 of 1932,Dangerous Drugs (Amendment),amendment,70179,https://laws.gov.tt/ttdll-web/revision/download/70179?type=amendment
Chronological list by year,1932,No. 20 of 1932,Trade Unions,amendment,70177,https://laws.gov.tt/ttdll-web/revision/download/70177?type=amendment
Chronological list by year,1932,No. 19 of 1932,Sanatan Dharrna Board of Control Incorporation,amendment,33678,https://laws.gov.tt/ttdll-web/revision/download/33678?type=amendment
Chronological list by year,1932,No. 18 of 1932,Cocoa Export Tax,amendment,70175,https://laws.gov.tt/ttdll-web/revision/download/70175?type=amendment
Chronological list by year,1932,No. 17 of 1932,Supplementary Appropriation,amendment,70187,https://laws.gov.tt/ttdll-web/revision/download/70187?type=amendment
Chronological list by year,1932,No. 16 of 1932,Lands and Buildings Taxes (Amendment),amendment,17853,https://laws.gov.tt/ttdll-web/revision/download/17853?type=amendment
Chronological list by year,1932,No. 15 of 1932,Hindu Sanatan Dharam Association Incorporation,amendment,70183,https://laws.gov.tt/ttdll-web/revision/download/70183?type=amendment
Chronological list by year,1932,No. 14 of 1932,Customs and Excise Duties,amendment,70185,https://laws.gov.tt/ttdll-web/revision/download/70185?type=amendment
Chronological list by year,1932,No. 13 of 1932,Real Property (Amendment),amendment,70195,https://laws.gov.tt/ttdll-web/revision/download/70195?type=amendment
Chronological list by year,1932,No. 12 of 1932,Vexations Actions,amendment,70197,https://laws.gov.tt/ttdll-web/revision/download/70197?type=amendment
Chronological list by year,1932,No. 11 of 1932,Provident Fund (Amendment),amendment,27319,https://laws.gov.tt/ttdll-web/revision/download/27319?type=amendment
Chronological list by year,1932,No. 10 of 1932,Opticians Registration,amendment,70191,https://laws.gov.tt/ttdll-web/revision/download/70191?type=amendment
Chronological list by year,1932,No. 9 of 1932,Judicature (Amendment),amendment,26582,https://laws.gov.tt/ttdll-web/revision/download/26582?type=amendment
Chronological list by year,1932,No. 8 of 1932,Stamp Duty (Amendment),amendment,35062,https://laws.gov.tt/ttdll-web/revision/download/35062?type=amendment
Chronological list by year,1932,No. 7 of 1932,Sentence for Capital Offences-(Expectant Mothers),amendment,70193,https://laws.gov.tt/ttdll-web/revision/download/70193?type=amendment
Chronological list by year,1932,No. 6 of 1932,Malaria Abatement,amendment,70203,https://laws.gov.tt/ttdll-web/revision/download/70203?type=amendment
Chronological list by year,1932,No. 4 of 1932,Gambling Prevention (Amendment),amendment,70205,https://laws.gov.tt/ttdll-web/revision/download/70205?type=amendment
Chronological list by year,1932,No. 3 of 1932,San Fernando Rates Recovery,amendment,70199,https://laws.gov.tt/ttdll-web/revision/download/70199?type=amendment
Chronological list by year,1932,No. 2 of 1932,Customs Duties (Amendment),amendment,70201,https://laws.gov.tt/ttdll-web/revision/download/70201?type=amendment
Chronological list by year,1932,No. 1 of 1932,Copra Products Control,amendment,70211,https://laws.gov.tt/ttdll-web/revision/download/70211?type=amendment
Chronological list by year,1931,No. 42 of 1931,Judicial Proceedings (Regulation of Reports),amendment,70213,https://laws.gov.tt/ttdll-web/revision/download/70213?type=amendment
Chronological list by year,1931,No. 41 of 1931,Waterworks and Agricultural Bank Loan,amendment,70207,https://laws.gov.tt/ttdll-web/revision/download/70207?type=amendment
Chronological list by year,1931,No. 40 of 1931,General Local Loan,amendment,70209,https://laws.gov.tt/ttdll-web/revision/download/70209?type=amendment
Chronological list by year,1931,No. 39 of 1931,Tackveeyatul Islamic Association of Trinidad Incorporation,amendment,68283,https://laws.gov.tt/ttdll-web/revision/download/68283?type=amendment
Chronological list by year,1931,No. 38 of 1931,Appropriation,amendment,68285,https://laws.gov.tt/ttdll-web/revision/download/68285?type=amendment
Chronological list by year,1931,No. 37 of 1931,Income Tax (Amendment),amendment,68279,https://laws.gov.tt/ttdll-web/revision/download/68279?type=amendment
Chronological list by year,1931,No. 36 of 1931,Criminal Justice (Amendment),amendment,68281,https://laws.gov.tt/ttdll-web/revision/download/68281?type=amendment
Chronological list by year,1931,No. 35 of 1931,Legacies (Payment into Treasury),amendment,68291,https://laws.gov.tt/ttdll-web/revision/download/68291?type=amendment
Chronological list by year,1931,No. 34 of 1931,Judicature (Amendment),amendment,68293,https://laws.gov.tt/ttdll-web/revision/download/68293?type=amendment
Chronological list by year,1931,No. 33 of 1931,Cocoa Industry Relief (Amendment),amendment,68287,https://laws.gov.tt/ttdll-web/revision/download/68287?type=amendment
Chronological list by year,1931,No. 32 of 1931,Agricultural Bank (Amendment),amendment,68289,https://laws.gov.tt/ttdll-web/revision/download/68289?type=amendment
Chronological list by year,1931,No. 31 of 1931,Criminal Appeal,amendment,4811,https://laws.gov.tt/ttdll-web/revision/download/4811?type=amendment
Chronological list by year,1931,No. 30 of 1931,Motor Vehicles,amendment,68267,https://laws.gov.tt/ttdll-web/revision/download/68267?type=amendment
Chronological list by year,1931,No. 29 of 1931,Licensing of Vehicles,amendment,68269,https://laws.gov.tt/ttdll-web/revision/download/68269?type=amendment
Chronological list by year,1931,No. 28 of 1931,Spirits and Spirit Compounds (Amendment),amendment,68263,https://laws.gov.tt/ttdll-web/revision/download/68263?type=amendment
Chronological list by year,1931,No. 27 of 1931,Supplementary Appropriation,amendment,68265,https://laws.gov.tt/ttdll-web/revision/download/68265?type=amendment
Chronological list by year,1931,No. 26 of 1931,Friendly Societies (Amendment),amendment,13231,https://laws.gov.tt/ttdll-web/revision/download/13231?type=amendment
Chronological list by year,1931,No. 25 of 1931,Public Library (Amendment),amendment,68275,https://laws.gov.tt/ttdll-web/revision/download/68275?type=amendment
Chronological list by year,1931,No. 24 of 1931,Spirits and Spirit Compounds (Amendment),amendment,68277,https://laws.gov.tt/ttdll-web/revision/download/68277?type=amendment
Chronological list by year,1931,No. 23 of 1931,Exportation of Fruit,amendment,68271,https://laws.gov.tt/ttdll-web/revision/download/68271?type=amendment
Chronological list by year,1931,No. 22 of 1931,Cinematographs (Amendment),amendment,68273,https://laws.gov.tt/ttdll-web/revision/download/68273?type=amendment
Chronological list by year,1931,No. 21 of 1931,Cocoa Industry Relief (Amendment),amendment,68253,https://laws.gov.tt/ttdll-web/revision/download/68253?type=amendment
Chronological list by year,1931,No. 20 of 1931,Agricultural Co-operative Societies,amendment,68251,https://laws.gov.tt/ttdll-web/revision/download/68251?type=amendment
Chronological list by year,1931,No. 19 of 1931,Bankruptcy (Amendment),amendment,6798,https://laws.gov.tt/ttdll-web/revision/download/6798?type=amendment
Chronological list by year,1931,No. 18 of 1931,Pauper Immigration (Amendment),amendment,33676,https://laws.gov.tt/ttdll-web/revision/download/33676?type=amendment
Chronological list by year,1931,No. 17 of 1931,Customs Duties (Amendment),amendment,68249,https://laws.gov.tt/ttdll-web/revision/download/68249?type=amendment
Chronological list by year,1931,No. 16 of 1931,Advertisements Regulation,amendment,68247,https://laws.gov.tt/ttdll-web/revision/download/68247?type=amendment
Chronological list by year,1931,No. 15 of 1931,Compulsory Registration of Deeds,amendment,68261,https://laws.gov.tt/ttdll-web/revision/download/68261?type=amendment
Chronological list by year,1931,No. 14 of 1931,Port-of-Spain Corporation,amendment,68259,https://laws.gov.tt/ttdll-web/revision/download/68259?type=amendment
Chronological list by year,1931,No. 13 of 1931,Stamp Duty (Amendment),amendment,35060,https://laws.gov.tt/ttdll-web/revision/download/35060?type=amendment
Chronological list by year,1931,No. 12 of 1931,Customs (Amendment),amendment,9322,https://laws.gov.tt/ttdll-web/revision/download/9322?type=amendment
Chronological list by year,1931,No. 11 of 1931,Juvenile Offenders,amendment,68257,https://laws.gov.tt/ttdll-web/revision/download/68257?type=amendment
Chronological list by year,1931,No. 10 of 1931,Gas Works,amendment,68255,https://laws.gov.tt/ttdll-web/revision/download/68255?type=amendment
Chronological list by year,1931,No. 9 of 1931,Estate and Succession Duties,amendment,68237,https://laws.gov.tt/ttdll-web/revision/download/68237?type=amendment
Chronological list by year,1931,No. 8 of 1931,Borough of Arima-(Borrowing Powers),amendment,68235,https://laws.gov.tt/ttdll-web/revision/download/68235?type=amendment
Chronological list by year,1931,No. 7 of 1931,Post Office (Amendment),amendment,34452,https://laws.gov.tt/ttdll-web/revision/download/34452?type=amendment
Chronological list by year,1931,No. 6 of 1931,Port-of-Spain Corporation-(Amendment),amendment,68233,https://laws.gov.tt/ttdll-web/revision/download/68233?type=amendment
Chronological list by year,1931,No. 5 of 1931,Port-of-Spain Corporation-(Validation of certain Expenditure),amendment,68231,https://laws.gov.tt/ttdll-web/revision/download/68231?type=amendment
Chronological list by year,1931,No. 4 of 1931,Industrial Training (Vesting and Amendment),amendment,13491,https://laws.gov.tt/ttdll-web/revision/download/13491?type=amendment
Chronological list by year,1931,No. 3 of 1931,Air Pressure Tanks Regulation,amendment,68245,https://laws.gov.tt/ttdll-web/revision/download/68245?type=amendment
Chronological list by year,1931,No. 2 of 1931,Food and Drugs (Amendment),amendment,21862,https://laws.gov.tt/ttdll-web/revision/download/21862?type=amendment
Chronological list by year,1931,No. 1 of 1931,Electric Lighting and Tramways (Temporary Extension),amendment,33674,https://laws.gov.tt/ttdll-web/revision/download/33674?type=amendment
Chronological list by year,1930,No. 36 of 1930,Cocoa Industry Relief,amendment,68243,https://laws.gov.tt/ttdll-web/revision/download/68243?type=amendment
Chronological list by year,1930,No. 35 of 1930,Oilfield Fires Control,amendment,68241,https://laws.gov.tt/ttdll-web/revision/download/68241?type=amendment
Chronological list by year,1930,No. 34 of 1930,Petroleum (Excise) (Amendment),amendment,68239,https://laws.gov.tt/ttdll-web/revision/download/68239?type=amendment
Chronological list by year,1930,No. 33 of 1930,Widows and Orphans Pensions (Amendment),amendment,68343,https://laws.gov.tt/ttdll-web/revision/download/68343?type=amendment
Chronological list by year,1930,No. 32 of 1930,School Teachers Pensions (Amendment),amendment,68345,https://laws.gov.tt/ttdll-web/revision/download/68345?type=amendment
Chronological list by year,1930,No. 31 of 1930,Marriages Validation,amendment,68347,https://laws.gov.tt/ttdll-web/revision/download/68347?type=amendment
Chronological list by year,1930,No. 30 of 1930,Coroners (Amendment),amendment,6241,https://laws.gov.tt/ttdll-web/revision/download/6241?type=amendment
Chronological list by year,1930,No. 29 of 1930,Water Control- Oil-Bearing Sands,amendment,68349,https://laws.gov.tt/ttdll-web/revision/download/68349?type=amendment
Chronological list by year,1930,No. 28 of 1930,Pensions (Amendment),amendment,68351,https://laws.gov.tt/ttdll-web/revision/download/68351?type=amendment
Chronological list by year,1930,No. 27 of 1930,Port-of-Spain Corporation (Amendment),amendment,68353,https://laws.gov.tt/ttdll-web/revision/download/68353?type=amendment
Chronological list by year,1930,No. 26 of 1930,Appropriation,amendment,68355,https://laws.gov.tt/ttdll-web/revision/download/68355?type=amendment
Chronological list by year,1930,No. 25 of 1930,Waterworks Loan,amendment,68357,https://laws.gov.tt/ttdll-web/revision/download/68357?type=amendment
Chronological list by year,1930,No. 24 of 1930,San Fernando Recreation Ground,amendment,68327,https://laws.gov.tt/ttdll-web/revision/download/68327?type=amendment
Chronological list by year,1930,No. 23 of 1930,Trinidad Consolidated Telephones (Limited) (Amendment),amendment,68329,https://laws.gov.tt/ttdll-web/revision/download/68329?type=amendment
Chronological list by year,1930,No. 22 of 1930,Poor Relief,amendment,68331,https://laws.gov.tt/ttdll-web/revision/download/68331?type=amendment
Chronological list by year,1930,No. 21 of 1930,Public Trustee,amendment,68333,https://laws.gov.tt/ttdll-web/revision/download/68333?type=amendment
Chronological list by year,1930,No. 20 of 1930,Produce (Amendment) Sale of,amendment,30225,https://laws.gov.tt/ttdll-web/revision/download/30225?type=amendment
Chronological list by year,1930,No. 19 of 1930,Provident Fund,amendment,68335,https://laws.gov.tt/ttdll-web/revision/download/68335?type=amendment
Chronological list by year,1930,No. 18 of 1930,Customs and Excise Department- Amalgamation,amendment,7124,https://laws.gov.tt/ttdll-web/revision/download/7124?type=amendment
Chronological list by year,1930,No. 17 of 1930,Surveyor General,amendment,68337,https://laws.gov.tt/ttdll-web/revision/download/68337?type=amendment
Chronological list by year,1930,No. 16 of 1930,Port-of-Spain Improvement (Eastern Market) Loan,amendment,68339,https://laws.gov.tt/ttdll-web/revision/download/68339?type=amendment
Chronological list by year,1930,No. 15 of 1930,Sugar Industry Relief,amendment,68341,https://laws.gov.tt/ttdll-web/revision/download/68341?type=amendment
Chronological list by year,1930,No. 14 of 1930,Church of England (Incorporation),amendment,68313,https://laws.gov.tt/ttdll-web/revision/download/68313?type=amendment
Chronological list by year,1930,No. 13 of 1930,Supplementary Appropriation,amendment,68311,https://laws.gov.tt/ttdll-web/revision/download/68311?type=amendment
Chronological list by year,1930,No. 12 of 1930,Census,amendment,68317,https://laws.gov.tt/ttdll-web/revision/download/68317?type=amendment
Chronological list by year,1930,No. 11 of 1930,Constabulary (Amendment),amendment,68315,https://laws.gov.tt/ttdll-web/revision/download/68315?type=amendment
Chronological list by year,1930,No. 10 of 1930,Shop Hours (Amendment),amendment,68321,https://laws.gov.tt/ttdll-web/revision/download/68321?type=amendment
Chronological list by year,1930,No. 9 of 1930,Wireless Telegraphy (Explanation),amendment,68319,https://laws.gov.tt/ttdll-web/revision/download/68319?type=amendment
Chronological list by year,1930,No. 8 of 1930,Veterinary Surgeons (Registration),amendment,68325,https://laws.gov.tt/ttdll-web/revision/download/68325?type=amendment
Chronological list by year,1930,No. 7 of 1930,Registration of Certain Marriages,amendment,68323,https://laws.gov.tt/ttdll-web/revision/download/68323?type=amendment
Chronological list by year,1930,No. 6 of 1930,Elections (Legislative Council) (Amendment),amendment,68297,https://laws.gov.tt/ttdll-web/revision/download/68297?type=amendment
Chronological list by year,1930,No. 5 of 1930,Registration of Electors (Legislative Council) (Amendment),amendment,68295,https://laws.gov.tt/ttdll-web/revision/download/68295?type=amendment
Chronological list by year,1930,No. 4 of 1930,Public Health (Amendment),amendment,68301,https://laws.gov.tt/ttdll-web/revision/download/68301?type=amendment
Chronological list by year,1930,No. 3 of 1930,Fire Brigades (Amendment),amendment,68299,https://laws.gov.tt/ttdll-web/revision/download/68299?type=amendment
Chronological list by year,1930,No. 2 of 1930,Lepers (Amendment),amendment,68305,https://laws.gov.tt/ttdll-web/revision/download/68305?type=amendment
Chronological list by year,1930,No. 1 of 1930,Motor Car (Amendment),amendment,68303,https://laws.gov.tt/ttdll-web/revision/download/68303?type=amendment
Chronological list by year,1929,No. 22 of 1929,Magistrates Procedure,amendment,68309,https://laws.gov.tt/ttdll-web/revision/download/68309?type=amendment
Chronological list by year,1929,No. 21 of 1929,School Teachers' Pension,amendment,68307,https://laws.gov.tt/ttdll-web/revision/download/68307?type=amendment
Chronological list by year,1929,No. 20 of 1929,Auctioneers,amendment,15298,https://laws.gov.tt/ttdll-web/revision/download/15298?type=amendment
Chronological list by year,1929,No. 19 of 1929,Appropriation,amendment,68419,https://laws.gov.tt/ttdll-web/revision/download/68419?type=amendment
Chronological list by year,1929,No. 18 of 1929,Prevention of Accidents (Amendment),amendment,68421,https://laws.gov.tt/ttdll-web/revision/download/68421?type=amendment
Chronological list by year,1929,No. 17 of 1929,Gasworks,amendment,68415,https://laws.gov.tt/ttdll-web/revision/download/68415?type=amendment
Chronological list by year,1929,No. 16 of 1929,Petroleum Refund of Duty,amendment,68417,https://laws.gov.tt/ttdll-web/revision/download/68417?type=amendment
Chronological list by year,1929,No. 15 of 1929,Maintenance Orders Enforcement (Amendment),amendment,68411,https://laws.gov.tt/ttdll-web/revision/download/68411?type=amendment
Chronological list by year,1929,No. 14 of 1929,Agricultural Bank (Amendment),amendment,68413,https://laws.gov.tt/ttdll-web/revision/download/68413?type=amendment
Chronological list by year,1929,No. 13 of 1929,Payment of Wages on Licensed Premises Prohibition,amendment,68407,https://laws.gov.tt/ttdll-web/revision/download/68407?type=amendment
Chronological list by year,1929,No. 12 of 1929,Prevention of Accidents (Amendment),amendment,68409,https://laws.gov.tt/ttdll-web/revision/download/68409?type=amendment
Chronological list by year,1929,No. 11 of 1929,Supplementary Appropriation,amendment,68403,https://laws.gov.tt/ttdll-web/revision/download/68403?type=amendment
Chronological list by year,1929,No. 10 of 1929,Plant Protection (Amendment),amendment,68405,https://laws.gov.tt/ttdll-web/revision/download/68405?type=amendment
Chronological list by year,1929,No. 9 of 1929,Feline Animals Control,amendment,68399,https://laws.gov.tt/ttdll-web/revision/download/68399?type=amendment
Chronological list by year,1929,No. 8 of 1929,Petroleum Office and Conservation Board Establishment,amendment,68401,https://laws.gov.tt/ttdll-web/revision/download/68401?type=amendment
Chronological list by year,1929,No. 7 of 1929,St. Andrew Lodge of Freemasons (Incorporation),amendment,68395,https://laws.gov.tt/ttdll-web/revision/download/68395?type=amendment
Chronological list by year,1929,No. 6 of 1929,Prevention of Accidents (Amendment),amendment,68397,https://laws.gov.tt/ttdll-web/revision/download/68397?type=amendment
Chronological list by year,1929,No. 5 of 1929,Aerial Navigation Repeal,amendment,68391,https://laws.gov.tt/ttdll-web/revision/download/68391?type=amendment
Chronological list by year,1929,No. 4 of 1929,Stamp Duty (Amendment),amendment,35056,https://laws.gov.tt/ttdll-web/revision/download/35056?type=amendment
Chronological list by year,1929,No. 3 of 1929,Pensions (Amendment),amendment,68393,https://laws.gov.tt/ttdll-web/revision/download/68393?type=amendment
Chronological list by year,1929,No. 2 of 1929,Patents Designs and Trade Marks (Amendment),amendment,34731,https://laws.gov.tt/ttdll-web/revision/download/34731?type=amendment
Chronological list by year,1929,No. 1 of 1929,Girl Guides Association,amendment,68389,https://laws.gov.tt/ttdll-web/revision/download/68389?type=amendment
Chronological list by year,1928,No. 35 of 1928,Sugar-Cane Small Holdings,amendment,68387,https://laws.gov.tt/ttdll-web/revision/download/68387?type=amendment
Chronological list by year,1928,No. 33 of 1928,Country Markets (Amendment),amendment,4180,https://laws.gov.tt/ttdll-web/revision/download/4180?type=amendment
Chronological list by year,1928,No. 32 of 1928,Appropriation,amendment,68385,https://laws.gov.tt/ttdll-web/revision/download/68385?type=amendment
Chronological list by year,1928,No. 31 of 1928,Stamp Duty (Amendment),amendment,35054,https://laws.gov.tt/ttdll-web/revision/download/35054?type=amendment
Chronological list by year,1928,No. 30 of 1928,Prevention of Accidents (Amendment),amendment,68383,https://laws.gov.tt/ttdll-web/revision/download/68383?type=amendment
Chronological list by year,1928,No. 29 of 1928,Young Offenders Detention (Amendment),amendment,29920,https://laws.gov.tt/ttdll-web/revision/download/29920?type=amendment
Chronological list by year,1928,No. 28 of 1928,Dangerous Drugs,amendment,68381,https://laws.gov.tt/ttdll-web/revision/download/68381?type=amendment
Chronological list by year,1928,No. 27 of 1928,Interpreters,amendment,68379,https://laws.gov.tt/ttdll-web/revision/download/68379?type=amendment
Chronological list by year,1928,No. 26 of 1928,Dry River,amendment,68377,https://laws.gov.tt/ttdll-web/revision/download/68377?type=amendment
Chronological list by year,1928,No. 25 of 1928,Quarantine (Amendment),amendment,68375,https://laws.gov.tt/ttdll-web/revision/download/68375?type=amendment
Chronological list by year,1928,No. 24 of 1928,Diseases of Animals (Amendment),amendment,68373,https://laws.gov.tt/ttdll-web/revision/download/68373?type=amendment
Chronological list by year,1928,No. 23 of 1928,Pensions (Amendment),amendment,68371,https://laws.gov.tt/ttdll-web/revision/download/68371?type=amendment
Chronological list by year,1928,No. 22 of 1928,Agricultural Bank (Amendment),amendment,68369,https://laws.gov.tt/ttdll-web/revision/download/68369?type=amendment
Chronological list by year,1928,No. 21 of 1928,Agricultural Credit Societies (Amendment),amendment,68367,https://laws.gov.tt/ttdll-web/revision/download/68367?type=amendment
Chronological list by year,1928,No. 20 of 1928,Summary Conviction Offences-Procedure (Amendment),amendment,68365,https://laws.gov.tt/ttdll-web/revision/download/68365?type=amendment
Chronological list by year,1928,No. 19 of 1928,Leases and Sales of Settled Estates (Amendment),amendment,68363,https://laws.gov.tt/ttdll-web/revision/download/68363?type=amendment
Chronological list by year,1928,No. 18 of 1928,Gas Works,amendment,68361,https://laws.gov.tt/ttdll-web/revision/download/68361?type=amendment
Chronological list by year,1928,No. 17 of 1928,Trustee (Amendment),amendment,68359,https://laws.gov.tt/ttdll-web/revision/download/68359?type=amendment
Chronological list by year,1928,No. 16 of 1928,Supplementary Appropriation,amendment,33670,https://laws.gov.tt/ttdll-web/revision/download/33670?type=amendment
Chronological list by year,1928,No. 15 of 1928,Local Naturalization (Amendment),amendment,68479,https://laws.gov.tt/ttdll-web/revision/download/68479?type=amendment
Chronological list by year,1928,No. 14 of 1928,Spirits and Spirit Compounds (Amendment),amendment,68481,https://laws.gov.tt/ttdll-web/revision/download/68481?type=amendment
Chronological list by year,1928,No. 13 of 1928,Merchant Shipping (Amendment),amendment,68483,https://laws.gov.tt/ttdll-web/revision/download/68483?type=amendment
Chronological list by year,1928,No. 12 of 1928,Infanticide,amendment,68485,https://laws.gov.tt/ttdll-web/revision/download/68485?type=amendment
Chronological list by year,1928,No. 11 of 1928,Prevention of Accidents,amendment,68471,https://laws.gov.tt/ttdll-web/revision/download/68471?type=amendment
Chronological list by year,1928,No. 10 of 1928,Income Tax (Amendment),amendment,68473,https://laws.gov.tt/ttdll-web/revision/download/68473?type=amendment
Chronological list by year,1928,No. 9 of 1928,Wild Birds and Animals (Protection) (Amendment),amendment,68475,https://laws.gov.tt/ttdll-web/revision/download/68475?type=amendment
Chronological list by year,1928,No. 8 of 1928,Widows and Orphans Pensions (Amendment),amendment,68477,https://laws.gov.tt/ttdll-web/revision/download/68477?type=amendment
Chronological list by year,1928,No. 7 of 1928,Criminal justice,amendment,68463,https://laws.gov.tt/ttdll-web/revision/download/68463?type=amendment
Chronological list by year,1928,No. 6 of 1928,Schools-Medical Examination,amendment,68465,https://laws.gov.tt/ttdll-web/revision/download/68465?type=amendment
Chronological list by year,1928,No. 5 of 1928,Public Health (Amendment),amendment,68467,https://laws.gov.tt/ttdll-web/revision/download/68467?type=amendment
Chronological list by year,1928,No. 4 of 1928,Indian Marriages-Validation,amendment,68469,https://laws.gov.tt/ttdll-web/revision/download/68469?type=amendment
Chronological list by year,1928,No. 3 of 1928,Wardens (Amendment),amendment,68455,https://laws.gov.tt/ttdll-web/revision/download/68455?type=amendment
Chronological list by year,1928,No. 2 of 1928,Seats for shop Assistants,amendment,68457,https://laws.gov.tt/ttdll-web/revision/download/68457?type=amendment
Chronological list by year,1928,No. 1 of 1928,Expulsion of Undesirables (Amendment),amendment,68459,https://laws.gov.tt/ttdll-web/revision/download/68459?type=amendment
Chronological list by year,1927,No. 21 of 1927,Mount St. Benedict Monastery Incorporation,amendment,68461,https://laws.gov.tt/ttdll-web/revision/download/68461?type=amendment
Chronological list by year,1927,No. 20 of 1927,Produce Taxation,amendment,68449,https://laws.gov.tt/ttdll-web/revision/download/68449?type=amendment
Chronological list by year,1927,No. 19 of 1927,Appropriation,amendment,68447,https://laws.gov.tt/ttdll-web/revision/download/68447?type=amendment
Chronological list by year,1927,No. 18 of 1927,Port-of-Spain Corporation (Amendment),amendment,68453,https://laws.gov.tt/ttdll-web/revision/download/68453?type=amendment
Chronological list by year,1927,No. 17 of 1927,Local Naturalization (Amendment),amendment,68451,https://laws.gov.tt/ttdll-web/revision/download/68451?type=amendment
Chronological list by year,1927,No. 16 of 1927,Wills and Probate (Amendment),amendment,68441,https://laws.gov.tt/ttdll-web/revision/download/68441?type=amendment
Chronological list by year,1927,No. 15 of 1927,Agricultural Bank (Amendment),amendment,68439,https://laws.gov.tt/ttdll-web/revision/download/68439?type=amendment
Chronological list by year,1927,No. 14 of 1927,Merchant Shipping (Amendment),amendment,33672,https://laws.gov.tt/ttdll-web/revision/download/33672?type=amendment
Chronological list by year,1927,No. 13 of 1927,Constabulary (Amendment),amendment,68445,https://laws.gov.tt/ttdll-web/revision/download/68445?type=amendment
Chronological list by year,1927,No. 12 of 1927,General Loan and Inscribed Stock,amendment,68443,https://laws.gov.tt/ttdll-web/revision/download/68443?type=amendment
Chronological list by year,1927,No. 11 of 1927,Judicature (Amendment),amendment,68433,https://laws.gov.tt/ttdll-web/revision/download/68433?type=amendment
Chronological list by year,1927,No. 10 of 1927,Governors Salary (Amendment),amendment,68431,https://laws.gov.tt/ttdll-web/revision/download/68431?type=amendment
Chronological list by year,1927,No. 9 of 1927,Supplementary Appropriation,amendment,68437,https://laws.gov.tt/ttdll-web/revision/download/68437?type=amendment
Chronological list by year,1927,No. 8 of 1927,Legitimacy,amendment,68435,https://laws.gov.tt/ttdll-web/revision/download/68435?type=amendment
Chronological list by year,1927,No. 7 of 1927,Pensions (Amendment),amendment,68425,https://laws.gov.tt/ttdll-web/revision/download/68425?type=amendment
Chronological list by year,1927,No. 6 of 1927,Agricultural Bank (Amendment),amendment,68423,https://laws.gov.tt/ttdll-web/revision/download/68423?type=amendment
Chronological list by year,1927,No. 5 of 1927,Distressed Seamen Repatriation,amendment,68429,https://laws.gov.tt/ttdll-web/revision/download/68429?type=amendment
Chronological list by year,1927,No. 4 of 1927,Employment of Children,amendment,68427,https://laws.gov.tt/ttdll-web/revision/download/68427?type=amendment
Chronological list by year,1927,No. 3 of 1927,Savings Banks (Amendment),amendment,68525,https://laws.gov.tt/ttdll-web/revision/download/68525?type=amendment
Chronological list by year,1927,No. 2 of 1927,Streets and Buildings (Amendment),amendment,68523,https://laws.gov.tt/ttdll-web/revision/download/68523?type=amendment
Chronological list by year,1927,No. 1 of 1927,Division of Trinidad (Amendment),amendment,5203,https://laws.gov.tt/ttdll-web/revision/download/5203?type=amendment
Chronological list by year,1926,No. 31 of 1926,Marriage Registration,amendment,68521,https://laws.gov.tt/ttdll-web/revision/download/68521?type=amendment
Chronological list by year,1926,No. 29 of 1926,Appropriation,amendment,68519,https://laws.gov.tt/ttdll-web/revision/download/68519?type=amendment
Chronological list by year,1926,No. 28 of 1926,Produce Taxation,amendment,68533,https://laws.gov.tt/ttdll-web/revision/download/68533?type=amendment
Chronological list by year,1926,No. 27 of 1926,Agricultural Fires (Amendment),amendment,68531,https://laws.gov.tt/ttdll-web/revision/download/68531?type=amendment
Chronological list by year,1926,No. 26 of 1926,Post Office (Amendment),amendment,34442,https://laws.gov.tt/ttdll-web/revision/download/34442?type=amendment
Chronological list by year,1926,No. 25 of 1926,San Fernando Electric Works (Amendment),amendment,68529,https://laws.gov.tt/ttdll-web/revision/download/68529?type=amendment
Chronological list by year,1926,No. 24 of 1926,Electric Lighting and Tramways (Amendment),amendment,68527,https://laws.gov.tt/ttdll-web/revision/download/68527?type=amendment
Chronological list by year,1926,No. 23 of 1926,Drill Hall,amendment,68541,https://laws.gov.tt/ttdll-web/revision/download/68541?type=amendment
Chronological list by year,1926,No. 22 of 1926,Crown Lands (Amendment),amendment,35364,https://laws.gov.tt/ttdll-web/revision/download/35364?type=amendment
Chronological list by year,1926,No. 21 of 1926,Motor Launches,amendment,68539,https://laws.gov.tt/ttdll-web/revision/download/68539?type=amendment
Chronological list by year,1926,No. 20 of 1926,Local Loan,amendment,68537,https://laws.gov.tt/ttdll-web/revision/download/68537?type=amendment
Chronological list by year,1926,No. 19 of 1926,Young Offenders Detention,amendment,68535,https://laws.gov.tt/ttdll-web/revision/download/68535?type=amendment
Chronological list by year,1926,No. 18 of 1926,Bills of Exchange (Amendment),amendment,3898,https://laws.gov.tt/ttdll-web/revision/download/3898?type=amendment
Chronological list by year,1926,No. 17 of 1926,Overseas Nurses’ Pensions,amendment,77375,https://laws.gov.tt/ttdll-web/revision/download/77375?type=amendment
Chronological list by year,1926,No. 16 of 1926,Savings Bank (Amendment),amendment,68549,https://laws.gov.tt/ttdll-web/revision/download/68549?type=amendment
Chronological list by year,1926,No. 15 of 1926,Widows and Orphans Pensions (Amendment),amendment,68547,https://laws.gov.tt/ttdll-web/revision/download/68547?type=amendment
Chronological list by year,1926,No. 14 of 1926,Habitual Idlers,amendment,68545,https://laws.gov.tt/ttdll-web/revision/download/68545?type=amendment
Chronological list by year,1926,No. 13 of 1926,Harbours (Amendment),amendment,14336,https://laws.gov.tt/ttdll-web/revision/download/14336?type=amendment
Chronological list by year,1926,No. 12 of 1926,Stamp Duty (Amendment),amendment,68543,https://laws.gov.tt/ttdll-web/revision/download/68543?type=amendment
Chronological list by year,1926,No. 11 of 1926,La Brea Jetty and Tramway Extension,amendment,16532,https://laws.gov.tt/ttdll-web/revision/download/16532?type=amendment
Chronological list by year,1926,No. 10 of 1926,Supplementary Appropriation,amendment,68491,https://laws.gov.tt/ttdll-web/revision/download/68491?type=amendment
Chronological list by year,1926,No. 9 of 1926,Motor Car (Amendment),amendment,68493,https://laws.gov.tt/ttdll-web/revision/download/68493?type=amendment
Chronological list by year,1926,No. 8 of 1926,Workmen's Compensation,amendment,68487,https://laws.gov.tt/ttdll-web/revision/download/68487?type=amendment
Chronological list by year,1926,No. 7 of 1926,Municipal Elections-Port-of-Spain (Amendment),amendment,68489,https://laws.gov.tt/ttdll-web/revision/download/68489?type=amendment
Chronological list by year,1926,No. 6 of 1926,Carriage of Goods by Sea,amendment,68499,https://laws.gov.tt/ttdll-web/revision/download/68499?type=amendment
Chronological list by year,1926,No. 5 of 1926,Division of Trinidad,amendment,5201,https://laws.gov.tt/ttdll-web/revision/download/5201?type=amendment
Chronological list by year,1926,No. 4 of 1926,Pauper Immigration (Amendment),amendment,68501,https://laws.gov.tt/ttdll-web/revision/download/68501?type=amendment
Chronological list by year,1926,No. 3 of 1926,Wireless Telegraphy (Amendment),amendment,68495,https://laws.gov.tt/ttdll-web/revision/download/68495?type=amendment
Chronological list by year,1926,No. 2 of 1926,Judicature (Amendment),amendment,68497,https://laws.gov.tt/ttdll-web/revision/download/68497?type=amendment
Chronological list by year,1926,No. 1 of 1926,Pensions (Amendment),amendment,68507,https://laws.gov.tt/ttdll-web/revision/download/68507?type=amendment
Chronological list by year,1925,No. 46 of 1925,Seventh Day Adventist Church Incorporation,amendment,68509,https://laws.gov.tt/ttdll-web/revision/download/68509?type=amendment
Chronological list by year,1925,No. 45 of 1925,Appropriation,amendment,68503,https://laws.gov.tt/ttdll-web/revision/download/68503?type=amendment
Chronological list by year,1925,No. 44 of 1925,Petroleum Spirit and Petroleum Oil-Excise,amendment,68505,https://laws.gov.tt/ttdll-web/revision/download/68505?type=amendment
Chronological list by year,1925,No. 43 of 1925,Produce Taxation,amendment,68515,https://laws.gov.tt/ttdll-web/revision/download/68515?type=amendment
Chronological list by year,1925,No. 42 of 1925,Elections (Legislative Council),amendment,68517,https://laws.gov.tt/ttdll-web/revision/download/68517?type=amendment
Chronological list by year,1925,No. 41 of 1925,Registration of Electors-Legislative Council,amendment,68511,https://laws.gov.tt/ttdll-web/revision/download/68511?type=amendment
Chronological list by year,1925,No. 40 of 1925,Supplementary Appropriation,amendment,68513,https://laws.gov.tt/ttdll-web/revision/download/68513?type=amendment
Chronological list by year,1925,No. 39 of 1925,Port-of-Spain Corporation,amendment,68585,https://laws.gov.tt/ttdll-web/revision/download/68585?type=amendment
Chronological list by year,1925,No. 38 of 1925,Patents,amendment,68583,https://laws.gov.tt/ttdll-web/revision/download/68583?type=amendment
Chronological list by year,1925,No. 37 of 1925,Government Currency Notes,amendment,68589,https://laws.gov.tt/ttdll-web/revision/download/68589?type=amendment
Chronological list by year,1925,No. 36 of 1925,Agricultural Contracts,amendment,68587,https://laws.gov.tt/ttdll-web/revision/download/68587?type=amendment
Chronological list by year,1925,No. 35 of 1925,Argicultural Credit Societies,amendment,68593,https://laws.gov.tt/ttdll-web/revision/download/68593?type=amendment
Chronological list by year,1925,No. 34 of 1925,Mortgages of Produce,amendment,68591,https://laws.gov.tt/ttdll-web/revision/download/68591?type=amendment
Chronological list by year,1925,No. 33 of 1925,Bills of Sale,amendment,68597,https://laws.gov.tt/ttdll-web/revision/download/68597?type=amendment
Chronological list by year,1925,No. 32 of 1925,Summary Conviction Offences Procedure,amendment,35647,https://laws.gov.tt/ttdll-web/revision/download/35647?type=amendment
Chronological list by year,1925,No. 31 of 1925,Interpretation,amendment,68595,https://laws.gov.tt/ttdll-web/revision/download/68595?type=amendment
Chronological list by year,1925,No. 30 of 1925,Law Revision,amendment,18403,https://laws.gov.tt/ttdll-web/revision/download/18403?type=amendment
Chronological list by year,1925,No. 29 of 1925,Statute Law Amendment,amendment,35473,https://laws.gov.tt/ttdll-web/revision/download/35473?type=amendment
Chronological list by year,1925,No. 28 of 1925,Infants,amendment,68601,https://laws.gov.tt/ttdll-web/revision/download/68601?type=amendment
Chronological list by year,1925,No. 27 of 1925,Wills and Probate,amendment,68599,https://laws.gov.tt/ttdll-web/revision/download/68599?type=amendment
Chronological list by year,1925,No. 26 of 1925,Municipal Elections,amendment,68605,https://laws.gov.tt/ttdll-web/revision/download/68605?type=amendment
Chronological list by year,1925,No. 25 of 1925,Judicature,amendment,68603,https://laws.gov.tt/ttdll-web/revision/download/68603?type=amendment
Chronological list by year,1925,No. 24 of 1925,Weights and Measures,amendment,68609,https://laws.gov.tt/ttdll-web/revision/download/68609?type=amendment
Chronological list by year,1925,No. 23 of 1925,St. Mary's College Trustees,amendment,68607,https://laws.gov.tt/ttdll-web/revision/download/68607?type=amendment
Chronological list by year,1925,No. 22 of 1925,Criminal Procedure,amendment,68613,https://laws.gov.tt/ttdll-web/revision/download/68613?type=amendment
Chronological list by year,1925,No. 21 of 1925,Summary Ejectment,amendment,68611,https://laws.gov.tt/ttdll-web/revision/download/68611?type=amendment
Chronological list by year,1925,No. 20 of 1925,Education,amendment,8972,https://laws.gov.tt/ttdll-web/revision/download/8972?type=amendment
Chronological list by year,1925,No. 19 of 1925,Income Tax,amendment,68551,https://laws.gov.tt/ttdll-web/revision/download/68551?type=amendment
Chronological list by year,1925,No. 18 of 1925,Asphalt Duty,amendment,68553,https://laws.gov.tt/ttdll-web/revision/download/68553?type=amendment
Chronological list by year,1925,No. 17 of 1925,Post Office,amendment,34426,https://laws.gov.tt/ttdll-web/revision/download/34426?type=amendment
Chronological list by year,1925,No. 16 of 1925,Explosives,amendment,7037,https://laws.gov.tt/ttdll-web/revision/download/7037?type=amendment
Chronological list by year,1925,No. 15 of 1925,Perjury,amendment,68555,https://laws.gov.tt/ttdll-web/revision/download/68555?type=amendment
Chronological list by year,1925,No. 14 of 1925,Public Officers Guarantee Fund,amendment,68557,https://laws.gov.tt/ttdll-web/revision/download/68557?type=amendment
Chronological list by year,1925,No. 13 of 1925,Forgery,amendment,68559,https://laws.gov.tt/ttdll-web/revision/download/68559?type=amendment
Chronological list by year,1925,No. 12 of 1925,Coinage Offences,amendment,68561,https://laws.gov.tt/ttdll-web/revision/download/68561?type=amendment
Chronological list by year,1925,No. 11 of 1925,Malicious Damage,amendment,68563,https://laws.gov.tt/ttdll-web/revision/download/68563?type=amendment
Chronological list by year,1925,No. 10 of 1925,Offences against the Person,amendment,44318,https://laws.gov.tt/ttdll-web/revision/download/44318?type=amendment
Chronological list by year,1925,No. 9 of 1925,Trustees,amendment,68565,https://laws.gov.tt/ttdll-web/revision/download/68565?type=amendment
Chronological list by year,1925,No. 8 of 1925,Solicitors,amendment,68567,https://laws.gov.tt/ttdll-web/revision/download/68567?type=amendment
Chronological list by year,1925,No. 7 of 1925,Port-of-Spain Market Loan,amendment,68569,https://laws.gov.tt/ttdll-web/revision/download/68569?type=amendment
Chronological list by year,1925,No. 6 of 1925,Accessories and Abbettors,amendment,68571,https://laws.gov.tt/ttdll-web/revision/download/68571?type=amendment
Chronological list by year,1925,No. 5 of 1925,Probation of Offenders,amendment,27458,https://laws.gov.tt/ttdll-web/revision/download/27458?type=amendment
Chronological list by year,1925,No. 4 of 1925,Children,amendment,68573,https://laws.gov.tt/ttdll-web/revision/download/68573?type=amendment
Chronological list by year,1925,No. 3 of 1925,Post Office,amendment,34420,https://laws.gov.tt/ttdll-web/revision/download/34420?type=amendment
Chronological list by year,1925,No. 2 of 1925,Convicts Licences,amendment,68575,https://laws.gov.tt/ttdll-web/revision/download/68575?type=amendment
Chronological list by year,1925,No. 1 of 1925,Excise Duty on Spirits,amendment,68577,https://laws.gov.tt/ttdll-web/revision/download/68577?type=amendment
Chronological list by year,1924,No. 28 of 1924,Stamp Duties,amendment,35052,https://laws.gov.tt/ttdll-web/revision/download/35052?type=amendment
Chronological list by year,1924,No. 27 of 1924,Customs,amendment,9320,https://laws.gov.tt/ttdll-web/revision/download/9320?type=amendment
Chronological list by year,1924,No. 26 of 1924,Appropriation 1925,amendment,68579,https://laws.gov.tt/ttdll-web/revision/download/68579?type=amendment
Chronological list by year,1924,No. 25 of 1924,Produce Tax 1925,amendment,68581,https://laws.gov.tt/ttdll-web/revision/download/68581?type=amendment
Chronological list by year,1924,No. 24 of 1924,Agricultural Relief,amendment,68661,https://laws.gov.tt/ttdll-web/revision/download/68661?type=amendment
Chronological list by year,1924,No. 23 of 1924,Wireless Telegraphy,amendment,68659,https://laws.gov.tt/ttdll-web/revision/download/68659?type=amendment
Chronological list by year,1924,No. 22 of 1924,Explosives,amendment,7033,https://laws.gov.tt/ttdll-web/revision/download/7033?type=amendment
Chronological list by year,1924,No. 21 of 1924,San Fernando Electric Works,amendment,68657,https://laws.gov.tt/ttdll-web/revision/download/68657?type=amendment
Chronological list by year,1924,No. 20 of 1924,United Kingdom Patents,amendment,25237,https://laws.gov.tt/ttdll-web/revision/download/25237?type=amendment
Chronological list by year,1924,No. 19 of 1924,Medical Board (Sale of Quinine),amendment,68655,https://laws.gov.tt/ttdll-web/revision/download/68655?type=amendment
Chronological list by year,1924,No. 18 of 1924,Cinematograph Posters,amendment,68653,https://laws.gov.tt/ttdll-web/revision/download/68653?type=amendment
Chronological list by year,1924,No. 17 of 1924,Hackney Carriages,amendment,68651,https://laws.gov.tt/ttdll-web/revision/download/68651?type=amendment
Chronological list by year,1924,No. 16 of 1924,Agricultural Credit Societies,amendment,68649,https://laws.gov.tt/ttdll-web/revision/download/68649?type=amendment
Chronological list by year,1924,No. 15 of 1924,Port-of-Spain Corporation,amendment,68647,https://laws.gov.tt/ttdll-web/revision/download/68647?type=amendment
Chronological list by year,1924,No. 14 of 1924,Mortgages Extension,amendment,68677,https://laws.gov.tt/ttdll-web/revision/download/68677?type=amendment
Chronological list by year,1924,No. 13 of 1924,Supplementary Estimates 1923,amendment,68675,https://laws.gov.tt/ttdll-web/revision/download/68675?type=amendment
Chronological list by year,1924,No. 12 of 1924,Agricultural Bank,amendment,68673,https://laws.gov.tt/ttdll-web/revision/download/68673?type=amendment
Chronological list by year,1924,No. 11 of 1924,Conveyancing,amendment,68671,https://laws.gov.tt/ttdll-web/revision/download/68671?type=amendment
Chronological list by year,1924,No. 10 of 1924,Customs Duties (Milk),amendment,68669,https://laws.gov.tt/ttdll-web/revision/download/68669?type=amendment
Chronological list by year,1924,No. 9 of 1924,Carts,amendment,68667,https://laws.gov.tt/ttdll-web/revision/download/68667?type=amendment
Chronological list by year,1924,No. 8 of 1924,Traffic Regulation,amendment,68665,https://laws.gov.tt/ttdll-web/revision/download/68665?type=amendment
Chronological list by year,1924,No. 7 of 1924,Summary Convictions Offences,amendment,35469,https://laws.gov.tt/ttdll-web/revision/download/35469?type=amendment
Chronological list by year,1924,No. 6 of 1924,Hackney Carriages,amendment,68663,https://laws.gov.tt/ttdll-web/revision/download/68663?type=amendment
Chronological list by year,1924,No. 5 of 1924,Oil and Water Board,amendment,68627,https://laws.gov.tt/ttdll-web/revision/download/68627?type=amendment
Chronological list by year,1924,No. 4 of 1924,Perjury Summary Punishment,amendment,68629,https://laws.gov.tt/ttdll-web/revision/download/68629?type=amendment
Chronological list by year,1924,No. 3 of 1924,Agricultural Relief,amendment,68623,https://laws.gov.tt/ttdll-web/revision/download/68623?type=amendment
Chronological list by year,1924,No. 2 of 1924,Income Tax,amendment,68625,https://laws.gov.tt/ttdll-web/revision/download/68625?type=amendment
Chronological list by year,1924,No. 1 of 1924,Fire Brigades,amendment,68619,https://laws.gov.tt/ttdll-web/revision/download/68619?type=amendment
Chronological list by year,1923,No. 29 of 1923,Liquor Licences,amendment,19467,https://laws.gov.tt/ttdll-web/revision/download/19467?type=amendment
Chronological list by year,1923,No. 28 of 1923,Widows and Orphans Pensions,amendment,68621,https://laws.gov.tt/ttdll-web/revision/download/68621?type=amendment
Chronological list by year,1923,No. 27 of 1923,Annual Appropriation 1924,amendment,68615,https://laws.gov.tt/ttdll-web/revision/download/68615?type=amendment
Chronological list by year,1923,No. 26 of 1923,Motor Cars,amendment,68617,https://laws.gov.tt/ttdll-web/revision/download/68617?type=amendment
Chronological list by year,1923,No. 25 of 1923,Produce Tax 1924,amendment,68643,https://laws.gov.tt/ttdll-web/revision/download/68643?type=amendment
Chronological list by year,1923,No. 24 of 1923,District Waterworks,amendment,68645,https://laws.gov.tt/ttdll-web/revision/download/68645?type=amendment
Chronological list by year,1923,No. 23 of 1923,Licensing of Vehicles,amendment,68639,https://laws.gov.tt/ttdll-web/revision/download/68639?type=amendment
Chronological list by year,1923,No. 22 of 1923,Rent Restriction,amendment,68641,https://laws.gov.tt/ttdll-web/revision/download/68641?type=amendment
Chronological list by year,1923,No. 21 of 1923,Passports,amendment,68635,https://laws.gov.tt/ttdll-web/revision/download/68635?type=amendment
Chronological list by year,1923,No. 20 of 1923,Recovery of Rates and Charges,amendment,29756,https://laws.gov.tt/ttdll-web/revision/download/29756?type=amendment
Chronological list by year,1923,No. 19 of 1923,Remedies of Creditors,amendment,28745,https://laws.gov.tt/ttdll-web/revision/download/28745?type=amendment
Chronological list by year,1923,No. 18 of 1923,Supplementary Appropriation 1922,amendment,68637,https://laws.gov.tt/ttdll-web/revision/download/68637?type=amendment
Chronological list by year,1923,No. 17 of 1923,Mortgages Extension,amendment,68631,https://laws.gov.tt/ttdll-web/revision/download/68631?type=amendment
Chronological list by year,1923,No. 16 of 1923,Agricultural Relief,amendment,68633,https://laws.gov.tt/ttdll-web/revision/download/68633?type=amendment
Chronological list by year,1923,No. 15 of 1923,Gambling Prevention,amendment,68721,https://laws.gov.tt/ttdll-web/revision/download/68721?type=amendment
Chronological list by year,1923,No. 14 of 1923,Reclaimed Lands,amendment,68719,https://laws.gov.tt/ttdll-web/revision/download/68719?type=amendment
Chronological list by year,1923,No. 13 of 1923,Marriages,amendment,68725,https://laws.gov.tt/ttdll-web/revision/download/68725?type=amendment
Chronological list by year,1923,No. 12 of 1923,Customs Duties,amendment,68723,https://laws.gov.tt/ttdll-web/revision/download/68723?type=amendment
Chronological list by year,1923,No. 11 of 1923,British Guiana and Trinidad Mutual Fire Insurance Company,amendment,68713,https://laws.gov.tt/ttdll-web/revision/download/68713?type=amendment
Chronological list by year,1923,No. 10 of 1923,Change of Official Titles-Auditor-Treasurer,amendment,68711,https://laws.gov.tt/ttdll-web/revision/download/68711?type=amendment
Chronological list by year,1923,No. 9 of 1923,Income Tax,amendment,68717,https://laws.gov.tt/ttdll-web/revision/download/68717?type=amendment
Chronological list by year,1923,No. 8 of 1923,Mines,amendment,68715,https://laws.gov.tt/ttdll-web/revision/download/68715?type=amendment
Chronological list by year,1923,No. 7 of 1923,Registration of Business Names,amendment,68737,https://laws.gov.tt/ttdll-web/revision/download/68737?type=amendment
Chronological list by year,1923,No. 6 of 1923,Summary Convictions Offences- Procedure,amendment,35643,https://laws.gov.tt/ttdll-web/revision/download/35643?type=amendment
Chronological list by year,1923,No. 5 of 1923,Indictable Offences (Preliminary Enquiry),amendment,13017,https://laws.gov.tt/ttdll-web/revision/download/13017?type=amendment
Chronological list by year,1923,No. 4 of 1923,Roads,amendment,68735,https://laws.gov.tt/ttdll-web/revision/download/68735?type=amendment
Chronological list by year,1923,No. 3 of 1923,Judicature,amendment,68741,https://laws.gov.tt/ttdll-web/revision/download/68741?type=amendment
Chronological list by year,1923,No. 2 of 1923,Government Currency Notes,amendment,68739,https://laws.gov.tt/ttdll-web/revision/download/68739?type=amendment
Chronological list by year,1923,No. 1 of 1923,Sangre Grande Waterworks,amendment,68729,https://laws.gov.tt/ttdll-web/revision/download/68729?type=amendment
Chronological list by year,1922,No. 43 of 1922,Claying of Cocoa,amendment,68727,https://laws.gov.tt/ttdll-web/revision/download/68727?type=amendment
Chronological list by year,1922,No. 42 of 1922,Public Library,amendment,68733,https://laws.gov.tt/ttdll-web/revision/download/68733?type=amendment
Chronological list by year,1922,No. 41 of 1922,Licensing of Vehicles,amendment,68731,https://laws.gov.tt/ttdll-web/revision/download/68731?type=amendment
Chronological list by year,1922,No. 40 of 1922,Industrial Schools and Orphanages,amendment,68687,https://laws.gov.tt/ttdll-web/revision/download/68687?type=amendment
Chronological list by year,1922,No. 39 of 1922,Liquor Licences,amendment,19463,https://laws.gov.tt/ttdll-web/revision/download/19463?type=amendment
Chronological list by year,1922,No. 38 of 1922,Sale of Produce,amendment,30221,https://laws.gov.tt/ttdll-web/revision/download/30221?type=amendment
Chronological list by year,1922,No. 37 of 1922,Treasury Bills,amendment,68689,https://laws.gov.tt/ttdll-web/revision/download/68689?type=amendment
Chronological list by year,1922,No. 36 of 1922,Widows and Orphans Pensions,amendment,68691,https://laws.gov.tt/ttdll-web/revision/download/68691?type=amendment
Chronological list by year,1922,No. 35 of 1922,Produce Tax 1923,amendment,68693,https://laws.gov.tt/ttdll-web/revision/download/68693?type=amendment
Chronological list by year,1922,No. 34 of 1922,Stamp Duties,amendment,35058,https://laws.gov.tt/ttdll-web/revision/download/35058?type=amendment
Chronological list by year,1922,No. 33 of 1922,Estate Duty,amendment,68679,https://laws.gov.tt/ttdll-web/revision/download/68679?type=amendment
Chronological list by year,1922,No. 32 of 1922,Spirits and Spirit Compounds,amendment,68681,https://laws.gov.tt/ttdll-web/revision/download/68681?type=amendment
Chronological list by year,1922,No. 31 of 1922,Registrar General,amendment,29400,https://laws.gov.tt/ttdll-web/revision/download/29400?type=amendment
Chronological list by year,1922,No. 30 of 1922,Companies,amendment,49290,https://laws.gov.tt/ttdll-web/revision/download/49290?type=amendment
Chronological list by year,1922,No. 29 of 1922,Petty Civil Courts,amendment,24194,https://laws.gov.tt/ttdll-web/revision/download/24194?type=amendment
Chronological list by year,1922,No. 28 of 1922,Dogs,amendment,5234,https://laws.gov.tt/ttdll-web/revision/download/5234?type=amendment
Chronological list by year,1922,No. 27 of 1922,Annual Appropriation 1923,amendment,68685,https://laws.gov.tt/ttdll-web/revision/download/68685?type=amendment
Chronological list by year,1922,No. 26 of 1922,Petroleum Spirit and Petroleum Oil (Excise),amendment,68703,https://laws.gov.tt/ttdll-web/revision/download/68703?type=amendment
Chronological list by year,1922,No. 25 of 1922,Wills and Probate,amendment,68705,https://laws.gov.tt/ttdll-web/revision/download/68705?type=amendment
Chronological list by year,1922,No. 24 of 1922,Expulsion of Undesirables,amendment,68707,https://laws.gov.tt/ttdll-web/revision/download/68707?type=amendment
Chronological list by year,1922,No. 23 of 1922,City and Borough Streets,amendment,68709,https://laws.gov.tt/ttdll-web/revision/download/68709?type=amendment
Chronological list by year,1922,No. 22 of 1922,Industrial Training,amendment,68695,https://laws.gov.tt/ttdll-web/revision/download/68695?type=amendment
Chronological list by year,1922,No. 21 of 1922,San Fernando Electric Works,amendment,68697,https://laws.gov.tt/ttdll-web/revision/download/68697?type=amendment
Chronological list by year,1922,No. 20 of 1922,Education,amendment,8970,https://laws.gov.tt/ttdll-web/revision/download/8970?type=amendment
Chronological list by year,1922,No. 19 of 1922,Y.M.C.A.,amendment,68699,https://laws.gov.tt/ttdll-web/revision/download/68699?type=amendment
Chronological list by year,1922,No. 18 of 1922,Spirits and Spirit Compounds,amendment,68701,https://laws.gov.tt/ttdll-web/revision/download/68701?type=amendment
Chronological list by year,1922,No. 17 of 1922,Governors Salary,amendment,68759,https://laws.gov.tt/ttdll-web/revision/download/68759?type=amendment
Chronological list by year,1922,No. 16 of 1922,San Fernando Improvement Loan,amendment,68761,https://laws.gov.tt/ttdll-web/revision/download/68761?type=amendment
Chronological list by year,1922,No. 15 of 1922,Detention of Habitual Criminals,amendment,68763,https://laws.gov.tt/ttdll-web/revision/download/68763?type=amendment
Chronological list by year,1922,No. 14 of 1922,Trustees,amendment,68765,https://laws.gov.tt/ttdll-web/revision/download/68765?type=amendment
Chronological list by year,1922,No. 13 of 1922,Supplementary Appropriation 1921,amendment,68767,https://laws.gov.tt/ttdll-web/revision/download/68767?type=amendment
Chronological list by year,1922,No. 12 of 1922,Jury,amendment,68769,https://laws.gov.tt/ttdll-web/revision/download/68769?type=amendment
Chronological list by year,1922,No. 11 of 1922,Loans and Inscribed Stock,amendment,68771,https://laws.gov.tt/ttdll-web/revision/download/68771?type=amendment
Chronological list by year,1922,No. 10 of 1922,Sale of Produce,amendment,30219,https://laws.gov.tt/ttdll-web/revision/download/30219?type=amendment
Chronological list by year,1922,No. 9 of 1922,Land Surveyors,amendment,68773,https://laws.gov.tt/ttdll-web/revision/download/68773?type=amendment
Chronological list by year,1922,No. 8 of 1922,Income Tax,amendment,68743,https://laws.gov.tt/ttdll-web/revision/download/68743?type=amendment
Chronological list by year,1922,No. 7 of 1922,Industrial Court,amendment,68745,https://laws.gov.tt/ttdll-web/revision/download/68745?type=amendment
Chronological list by year,1922,No. 6 of 1922,Agricultural Relief,amendment,68747,https://laws.gov.tt/ttdll-web/revision/download/68747?type=amendment
Chronological list by year,1922,No. 5 of 1922,San Fernando Improvement Loan,amendment,68749,https://laws.gov.tt/ttdll-web/revision/download/68749?type=amendment
Chronological list by year,1922,No. 4 of 1922,Forests,amendment,13536,https://laws.gov.tt/ttdll-web/revision/download/13536?type=amendment
Chronological list by year,1922,No. 3 of 1922,"San Fernando and Arima Hucksters, Pedlars, Porters and Carters",amendment,68751,https://laws.gov.tt/ttdll-web/revision/download/68751?type=amendment
Chronological list by year,1922,No. 2 of 1922,Produce Tax,amendment,68753,https://laws.gov.tt/ttdll-web/revision/download/68753?type=amendment
Chronological list by year,1922,No. 1 of 1922,Mortgages extension,amendment,68755,https://laws.gov.tt/ttdll-web/revision/download/68755?type=amendment
Chronological list by year,1921,No. 70 of 1921,San Fernando Improvement Loan,amendment,68757,https://laws.gov.tt/ttdll-web/revision/download/68757?type=amendment
Chronological list by year,1921,No. 69 of 1921,Pawnbrokers,amendment,25372,https://laws.gov.tt/ttdll-web/revision/download/25372?type=amendment
Chronological list by year,1921,No. 68 of 1921,Customs,amendment,68793,https://laws.gov.tt/ttdll-web/revision/download/68793?type=amendment
Chronological list by year,1921,No. 67 of 1921,Annual Appropriation-1922,amendment,68791,https://laws.gov.tt/ttdll-web/revision/download/68791?type=amendment
Chronological list by year,1921,No. 66 of 1921,Agricultural Relief,amendment,68797,https://laws.gov.tt/ttdll-web/revision/download/68797?type=amendment
Chronological list by year,1921,No. 65 of 1921,Mortgages Extension,amendment,68795,https://laws.gov.tt/ttdll-web/revision/download/68795?type=amendment
Chronological list by year,1921,No. 64 of 1921,Produce Tax 1922,amendment,68801,https://laws.gov.tt/ttdll-web/revision/download/68801?type=amendment
Chronological list by year,1921,No. 63 of 1921,Petty Civil Courts,amendment,24192,https://laws.gov.tt/ttdll-web/revision/download/24192?type=amendment
Chronological list by year,1921,No. 62 of 1921,Assistant Magistrate Port-of-Spain,amendment,35639,https://laws.gov.tt/ttdll-web/revision/download/35639?type=amendment
Chronological list by year,1921,No. 61 of 1921,Spirits and Spirit Compounds,amendment,68799,https://laws.gov.tt/ttdll-web/revision/download/68799?type=amendment
Chronological list by year,1921,No. 60 of 1921,Licensing of Vehicles,amendment,68805,https://laws.gov.tt/ttdll-web/revision/download/68805?type=amendment
Chronological list by year,1921,No. 59 of 1921,Beer Duties,amendment,7122,https://laws.gov.tt/ttdll-web/revision/download/7122?type=amendment
Chronological list by year,1921,No. 58 of 1921,Stamp Duties,amendment,68803,https://laws.gov.tt/ttdll-web/revision/download/68803?type=amendment
Chronological list by year,1921,No. 57 of 1921,Custodian of Enemy Property,amendment,68777,https://laws.gov.tt/ttdll-web/revision/download/68777?type=amendment
Chronological list by year,1921,No. 56 of 1921,Local Clearing Office (Hungarian Debts),amendment,68775,https://laws.gov.tt/ttdll-web/revision/download/68775?type=amendment
Chronological list by year,1921,No. 55 of 1921,Roads,amendment,68781,https://laws.gov.tt/ttdll-web/revision/download/68781?type=amendment
Chronological list by year,1921,No. 54 of 1921,Sale of Produce,amendment,68779,https://laws.gov.tt/ttdll-web/revision/download/68779?type=amendment
Chronological list by year,1921,No. 53 of 1921,Scarborough-Lighting of Streets,amendment,68785,https://laws.gov.tt/ttdll-web/revision/download/68785?type=amendment
Chronological list by year,1921,No. 52 of 1921,Venereal Disease,amendment,68783,https://laws.gov.tt/ttdll-web/revision/download/68783?type=amendment
Chronological list by year,1921,No. 51 of 1921,Loans and Inscribed Stock,amendment,68789,https://laws.gov.tt/ttdll-web/revision/download/68789?type=amendment
Chronological list by year,1921,No. 50 of 1921,Judgments Extension,amendment,68787,https://laws.gov.tt/ttdll-web/revision/download/68787?type=amendment
Chronological list by year,1921,No. 49 of 1921,Registrar General,amendment,68827,https://laws.gov.tt/ttdll-web/revision/download/68827?type=amendment
Chronological list by year,1921,No. 48 of 1921,Caroni and Laventille Reclamation,amendment,68829,https://laws.gov.tt/ttdll-web/revision/download/68829?type=amendment
Chronological list by year,1921,No. 47 of 1921,False Fire Alarms,amendment,35463,https://laws.gov.tt/ttdll-web/revision/download/35463?type=amendment
Chronological list by year,1921,No. 46 of 1921,Judicature,amendment,68823,https://laws.gov.tt/ttdll-web/revision/download/68823?type=amendment
Chronological list by year,1921,No. 45 of 1921,Validating certain Marriages,amendment,68825,https://laws.gov.tt/ttdll-web/revision/download/68825?type=amendment
Chronological list by year,1921,No. 44 of 1921,"Maintenance Orders, enforcement",amendment,25260,https://laws.gov.tt/ttdll-web/revision/download/25260?type=amendment
Chronological list by year,1921,No. 43 of 1921,Former Enemy Aliens,amendment,68835,https://laws.gov.tt/ttdll-web/revision/download/68835?type=amendment
Chronological list by year,1921,No. 42 of 1921,Supplementary Appropriation 1920,amendment,68837,https://laws.gov.tt/ttdll-web/revision/download/68837?type=amendment
Chronological list by year,1921,No. 41 of 1921,Agricultural Credit Societies,amendment,68831,https://laws.gov.tt/ttdll-web/revision/download/68831?type=amendment
Chronological list by year,1921,No. 40 of 1921,Income Tax,amendment,68833,https://laws.gov.tt/ttdll-web/revision/download/68833?type=amendment
Chronological list by year,1921,No. 39 of 1921,Industrial Court,amendment,68811,https://laws.gov.tt/ttdll-web/revision/download/68811?type=amendment
Chronological list by year,1921,No. 38 of 1921,Masters and Servants,amendment,68813,https://laws.gov.tt/ttdll-web/revision/download/68813?type=amendment
Chronological list by year,1921,No. 37 of 1921,Compulsory Education,amendment,68807,https://laws.gov.tt/ttdll-web/revision/download/68807?type=amendment
Chronological list by year,1921,No. 36 of 1921,Aliens-(Licence to hold land),amendment,68809,https://laws.gov.tt/ttdll-web/revision/download/68809?type=amendment
Chronological list by year,1921,No. 35 of 1921,Income Tax,amendment,68819,https://laws.gov.tt/ttdll-web/revision/download/68819?type=amendment
Chronological list by year,1921,No. 34 of 1921,Hours of Employment,amendment,68821,https://laws.gov.tt/ttdll-web/revision/download/68821?type=amendment
Chronological list by year,1921,No. 33 of 1921,Droghers and Sailors,amendment,5302,https://laws.gov.tt/ttdll-web/revision/download/5302?type=amendment
Chronological list by year,1921,No. 32 of 1921,Licensing of Vehicles,amendment,68815,https://laws.gov.tt/ttdll-web/revision/download/68815?type=amendment
Chronological list by year,1921,No. 31 of 1921,Summary Convictions Offences,amendment,68817,https://laws.gov.tt/ttdll-web/revision/download/68817?type=amendment
Chronological list by year,1921,No. 30 of 1921,Constabulary,amendment,68861,https://laws.gov.tt/ttdll-web/revision/download/68861?type=amendment
Chronological list by year,1921,No. 29 of 1921,San Fernando Improvement Loan,amendment,68859,https://laws.gov.tt/ttdll-web/revision/download/68859?type=amendment
Chronological list by year,1921,No. 28 of 1921,Summary Convictions Offences—Procedure,amendment,35635,https://laws.gov.tt/ttdll-web/revision/download/35635?type=amendment
Chronological list by year,1921,No. 27 of 1921,Lands and Buildings Taxes,amendment,17849,https://laws.gov.tt/ttdll-web/revision/download/17849?type=amendment
Chronological list by year,1921,No. 26 of 1921,Public Health,amendment,68857,https://laws.gov.tt/ttdll-web/revision/download/68857?type=amendment
Chronological list by year,1921,No. 25 of 1921,Sale of Ammunition,amendment,68855,https://laws.gov.tt/ttdll-web/revision/download/68855?type=amendment
Chronological list by year,1921,No. 24 of 1921,Motor Cars,amendment,68869,https://laws.gov.tt/ttdll-web/revision/download/68869?type=amendment
Chronological list by year,1921,No. 23 of 1921,Reformatory and Industrial Schools,amendment,68867,https://laws.gov.tt/ttdll-web/revision/download/68867?type=amendment
Chronological list by year,1921,No. 22 of 1921,Produce Tax 1920,amendment,68865,https://laws.gov.tt/ttdll-web/revision/download/68865?type=amendment
Chronological list by year,1921,No. 21 of 1921,Agricultural College (Produce Tax) 1920,amendment,68863,https://laws.gov.tt/ttdll-web/revision/download/68863?type=amendment
Chronological list by year,1921,No. 20 of 1921,Judicature,amendment,68845,https://laws.gov.tt/ttdll-web/revision/download/68845?type=amendment
Chronological list by year,1921,No. 19 of 1921,Statute Law Revision,amendment,18391,https://laws.gov.tt/ttdll-web/revision/download/18391?type=amendment
Chronological list by year,1921,No. 18 of 1921,Wills and Probate,amendment,68843,https://laws.gov.tt/ttdll-web/revision/download/68843?type=amendment
Chronological list by year,1921,No. 17 of 1921,Caroni Reclamation Loan,amendment,68841,https://laws.gov.tt/ttdll-web/revision/download/68841?type=amendment
Chronological list by year,1921,No. 16 of 1921,Cocoa-(Import and Export),amendment,68839,https://laws.gov.tt/ttdll-web/revision/download/68839?type=amendment
Chronological list by year,1921,No. 15 of 1921,Medical Service,amendment,68853,https://laws.gov.tt/ttdll-web/revision/download/68853?type=amendment
Chronological list by year,1921,No. 14 of 1921,Public Officers Guarantee Fund,amendment,68851,https://laws.gov.tt/ttdll-web/revision/download/68851?type=amendment
Chronological list by year,1921,No. 13 of 1921,Petty Civil Courts,amendment,24190,https://laws.gov.tt/ttdll-web/revision/download/24190?type=amendment
Chronological list by year,1921,No. 12 of 1921,San Fernando-Wharf-accommodation for goods,amendment,68849,https://laws.gov.tt/ttdll-web/revision/download/68849?type=amendment
Chronological list by year,1921,No. 11 of 1921,San Fernando-Wharf Dues,amendment,68847,https://laws.gov.tt/ttdll-web/revision/download/68847?type=amendment
Chronological list by year,1921,No. 10 of 1921,Summary Jurisdiction-time for payment of fines,amendment,68895,https://laws.gov.tt/ttdll-web/revision/download/68895?type=amendment
Chronological list by year,1921,No. 9 of 1921,Opium,amendment,68897,https://laws.gov.tt/ttdll-web/revision/download/68897?type=amendment
Chronological list by year,1921,No. 8 of 1921,Customs Duties,amendment,68899,https://laws.gov.tt/ttdll-web/revision/download/68899?type=amendment
Chronological list by year,1921,No. 7 of 1921,Roads,amendment,68901,https://laws.gov.tt/ttdll-web/revision/download/68901?type=amendment
Chronological list by year,1921,No. 6 of 1921,Slaughter of Cattle (restriction),amendment,35459,https://laws.gov.tt/ttdll-web/revision/download/35459?type=amendment
Chronological list by year,1921,No. 5 of 1921,Prevention of Corruption,amendment,68887,https://laws.gov.tt/ttdll-web/revision/download/68887?type=amendment
Chronological list by year,1921,No. 4 of 1921,Crown Lands,amendment,35362,https://laws.gov.tt/ttdll-web/revision/download/35362?type=amendment
Chronological list by year,1921,No. 3 of 1921,Maintenance Orders-enforcement,amendment,68889,https://laws.gov.tt/ttdll-web/revision/download/68889?type=amendment
Chronological list by year,1921,No. 2 of 1921,Stamp Duty,amendment,68891,https://laws.gov.tt/ttdll-web/revision/download/68891?type=amendment
Chronological list by year,1921,No. 1 of 1921,Detention of Habitual Criminals,amendment,68893,https://laws.gov.tt/ttdll-web/revision/download/68893?type=amendment
Chronological list by year,1920,No. 57 of 1920,Agricultural College (Produce Tax),amendment,68879,https://laws.gov.tt/ttdll-web/revision/download/68879?type=amendment
Chronological list by year,1920,No. 56 of 1920,Annual Appropriation-1921,amendment,68881,https://laws.gov.tt/ttdll-web/revision/download/68881?type=amendment
Chronological list by year,1920,No. 55 of 1920,Volunteer Reserve,amendment,68883,https://laws.gov.tt/ttdll-web/revision/download/68883?type=amendment
Chronological list by year,1920,No. 54 of 1920,Income Tax 1921,amendment,68885,https://laws.gov.tt/ttdll-web/revision/download/68885?type=amendment
Chronological list by year,1920,No. 53 of 1920,Produce Tax 1921,amendment,68871,https://laws.gov.tt/ttdll-web/revision/download/68871?type=amendment
Chronological list by year,1920,No. 52 of 1920,Local Clearing Office (Austrian Debts),amendment,68873,https://laws.gov.tt/ttdll-web/revision/download/68873?type=amendment
Chronological list by year,1920,No. 51 of 1920,Municipal Corporations-Elections,amendment,68875,https://laws.gov.tt/ttdll-web/revision/download/68875?type=amendment
Chronological list by year,1920,No. 50 of 1920,Lands and Buildings Taxes,amendment,17847,https://laws.gov.tt/ttdll-web/revision/download/17847?type=amendment
Chronological list by year,1920,No. 49 of 1920,Harbours,amendment,14358,https://laws.gov.tt/ttdll-web/revision/download/14358?type=amendment
Chronological list by year,1920,No. 47 of 1920,West Indian Court of Appeal,amendment,68877,https://laws.gov.tt/ttdll-web/revision/download/68877?type=amendment
Chronological list by year,1920,No. 46 of 1920,Oil and Water Board,amendment,68929,https://laws.gov.tt/ttdll-web/revision/download/68929?type=amendment
Chronological list by year,1920,No. 45 of 1920,Shop Hours,amendment,68927,https://laws.gov.tt/ttdll-web/revision/download/68927?type=amendment
Chronological list by year,1920,No. 44 of 1920,Rent Restriction,amendment,68933,https://laws.gov.tt/ttdll-web/revision/download/68933?type=amendment
Chronological list by year,1920,No. 43 of 1920,Gaol Delivery,amendment,68931,https://laws.gov.tt/ttdll-web/revision/download/68931?type=amendment
Chronological list by year,1920,No. 42 of 1920,Local Road Boards (Pensions),amendment,68921,https://laws.gov.tt/ttdll-web/revision/download/68921?type=amendment
Chronological list by year,1920,No. 41 of 1920,Revised Laws (Confirmation),amendment,68919,https://laws.gov.tt/ttdll-web/revision/download/68919?type=amendment
Chronological list by year,1920,No. 40 of 1920,Customs Duties,amendment,68925,https://laws.gov.tt/ttdll-web/revision/download/68925?type=amendment
Chronological list by year,1920,No. 39 of 1920,Lands and Buildings Taxes,amendment,68923,https://laws.gov.tt/ttdll-web/revision/download/68923?type=amendment
Chronological list by year,1920,No. 38 of 1920,Motor Cars unlawful user,amendment,68913,https://laws.gov.tt/ttdll-web/revision/download/68913?type=amendment
Chronological list by year,1920,No. 37 of 1920,Supreme Court-Christmas Vacation,amendment,68911,https://laws.gov.tt/ttdll-web/revision/download/68911?type=amendment
Chronological list by year,1920,No. 36 of 1920,Reformatory Schools,amendment,68917,https://laws.gov.tt/ttdll-web/revision/download/68917?type=amendment
Chronological list by year,1920,No. 35 of 1920,Assault (Vexations Actions),amendment,68915,https://laws.gov.tt/ttdll-web/revision/download/68915?type=amendment
Chronological list by year,1920,No. 34 of 1920,Solicitors,amendment,68905,https://laws.gov.tt/ttdll-web/revision/download/68905?type=amendment
Chronological list by year,1920,No. 33 of 1920,Bills of Exchange,amendment,3896,https://laws.gov.tt/ttdll-web/revision/download/3896?type=amendment
Chronological list by year,1920,No. 32 of 1920,Agricultural Fires,amendment,68903,https://laws.gov.tt/ttdll-web/revision/download/68903?type=amendment
Chronological list by year,1920,No. 31 of 1920,Port-of-Spain Electric Light and Tramways,amendment,68909,https://laws.gov.tt/ttdll-web/revision/download/68909?type=amendment
Chronological list by year,1920,No. 30 of 1920,Railway Police Force,amendment,68907,https://laws.gov.tt/ttdll-web/revision/download/68907?type=amendment
Chronological list by year,1920,No. 29 of 1920,Returned Deportees,amendment,68963,https://laws.gov.tt/ttdll-web/revision/download/68963?type=amendment
Chronological list by year,1920,No. 28 of 1920,Food and Fuel Control,amendment,68965,https://laws.gov.tt/ttdll-web/revision/download/68965?type=amendment
Chronological list by year,1920,No. 27 of 1920,Supplementary Appropriation 1919,amendment,68959,https://laws.gov.tt/ttdll-web/revision/download/68959?type=amendment
Chronological list by year,1920,No. 26 of 1920,Industrial Court,amendment,68961,https://laws.gov.tt/ttdll-web/revision/download/68961?type=amendment
Chronological list by year,1920,No. 25 of 1920,Spirits (Excise Duty),amendment,68955,https://laws.gov.tt/ttdll-web/revision/download/68955?type=amendment
Chronological list by year,1920,No. 24 of 1920,Local Clearing Office-(Enemy Debts),amendment,68957,https://laws.gov.tt/ttdll-web/revision/download/68957?type=amendment
Chronological list by year,1920,No. 23 of 1920,Port-of-Spain Magistracy,amendment,68951,https://laws.gov.tt/ttdll-web/revision/download/68951?type=amendment
Chronological list by year,1920,No. 22 of 1920,Boy Scouts,amendment,68953,https://laws.gov.tt/ttdll-web/revision/download/68953?type=amendment
Chronological list by year,1920,No. 21 of 1920,Exportation of Goods,amendment,68947,https://laws.gov.tt/ttdll-web/revision/download/68947?type=amendment
Chronological list by year,1920,No. 20 of 1920,Census,amendment,68949,https://laws.gov.tt/ttdll-web/revision/download/68949?type=amendment
Chronological list by year,1920,No. 19 of 1920,Municipal Elections,amendment,68943,https://laws.gov.tt/ttdll-web/revision/download/68943?type=amendment
Chronological list by year,1920,No. 18 of 1920,West Indian Court of Appeal,amendment,68945,https://laws.gov.tt/ttdll-web/revision/download/68945?type=amendment
Chronological list by year,1920,No. 17 of 1920,Vaccination,amendment,68939,https://laws.gov.tt/ttdll-web/revision/download/68939?type=amendment
Chronological list by year,1920,No. 16 of 1920,Public Health,amendment,68941,https://laws.gov.tt/ttdll-web/revision/download/68941?type=amendment
Chronological list by year,1920,No. 15 of 1920,"Local Loan �100,000",amendment,68935,https://laws.gov.tt/ttdll-web/revision/download/68935?type=amendment
Chronological list by year,1920,No. 14 of 1920,Lands and Buildings Taxes,amendment,17844,https://laws.gov.tt/ttdll-web/revision/download/17844?type=amendment
Chronological list by year,1920,No. 13 of 1920,Botanic Gardens,amendment,4064,https://laws.gov.tt/ttdll-web/revision/download/4064?type=amendment
Chronological list by year,1920,No. 12 of 1920,Kite Flying,amendment,35455,https://laws.gov.tt/ttdll-web/revision/download/35455?type=amendment
Chronological list by year,1920,No. 11 of 1920,Profiteering,amendment,68937,https://laws.gov.tt/ttdll-web/revision/download/68937?type=amendment
Chronological list by year,1920,No. 10 of 1920,Sedition,amendment,77608,https://laws.gov.tt/ttdll-web/revision/download/77608?type=amendment
Chronological list by year,1920,No. 9 of 1920,Wardens,amendment,68997,https://laws.gov.tt/ttdll-web/revision/download/68997?type=amendment
Chronological list by year,1920,No. 8 of 1920,Firearms,amendment,68995,https://laws.gov.tt/ttdll-web/revision/download/68995?type=amendment
Chronological list by year,1920,No. 7 of 1920,Pilots,amendment,68993,https://laws.gov.tt/ttdll-web/revision/download/68993?type=amendment
Chronological list by year,1920,No. 6 of 1920,Summary Convictions Offences,amendment,68991,https://laws.gov.tt/ttdll-web/revision/download/68991?type=amendment
Chronological list by year,1920,No. 5 of 1920,Municipal Corporations,amendment,68989,https://laws.gov.tt/ttdll-web/revision/download/68989?type=amendment
Chronological list by year,1920,No. 4 of 1920,Government Currency Notes,amendment,68987,https://laws.gov.tt/ttdll-web/revision/download/68987?type=amendment
Chronological list by year,1920,No. 3 of 1920,Stamp Duty,amendment,68985,https://laws.gov.tt/ttdll-web/revision/download/68985?type=amendment
Chronological list by year,1920,No. 2 of 1920,Companies (Foreign Interests),amendment,68983,https://laws.gov.tt/ttdll-web/revision/download/68983?type=amendment
Chronological list by year,1920,No. 1 of 1920,Strikes and Lockouts,amendment,68981,https://laws.gov.tt/ttdll-web/revision/download/68981?type=amendment
Chronological list by year,1919,No. 33 of 1919,Profiteering,amendment,68979,https://laws.gov.tt/ttdll-web/revision/download/68979?type=amendment
Chronological list by year,1919,No. 32 of 1919,Termination of War,amendment,68977,https://laws.gov.tt/ttdll-web/revision/download/68977?type=amendment
Chronological list by year,1919,No. 31 of 1919,Income Tax 1920,amendment,68975,https://laws.gov.tt/ttdll-web/revision/download/68975?type=amendment
Chronological list by year,1919,No. 30 of 1919,Produce Tax 1920,amendment,68973,https://laws.gov.tt/ttdll-web/revision/download/68973?type=amendment
Chronological list by year,1919,No. 29 of 1919,Plant Protection,amendment,68971,https://laws.gov.tt/ttdll-web/revision/download/68971?type=amendment
Chronological list by year,1919,No. 28 of 1919,Customs,amendment,68969,https://laws.gov.tt/ttdll-web/revision/download/68969?type=amendment
Chronological list by year,1919,No. 27 of 1919,Roads,amendment,68967,https://laws.gov.tt/ttdll-web/revision/download/68967?type=amendment
Chronological list by year,1919,No. 26 of 1919,Licensing of Vehicles,amendment,69001,https://laws.gov.tt/ttdll-web/revision/download/69001?type=amendment
Chronological list by year,1919,No. 25 of 1919,Alien Bankers,amendment,68999,https://laws.gov.tt/ttdll-web/revision/download/68999?type=amendment
Chronological list by year,1919,No. 24 of 1919,Port-of-Spain Corporation,amendment,69005,https://laws.gov.tt/ttdll-web/revision/download/69005?type=amendment
Chronological list by year,1919,No. 23 of 1919,Annual Appropriation-1920,amendment,69003,https://laws.gov.tt/ttdll-web/revision/download/69003?type=amendment
Chronological list by year,1919,No. 22 of 1919,Summary Convictions Offences,amendment,69009,https://laws.gov.tt/ttdll-web/revision/download/69009?type=amendment
Chronological list by year,1919,No. 21 of 1919,Towns and Villages Definition,amendment,69007,https://laws.gov.tt/ttdll-web/revision/download/69007?type=amendment
Chronological list by year,1919,No. 20 of 1919,Supplementary Appropriation 1918,amendment,69013,https://laws.gov.tt/ttdll-web/revision/download/69013?type=amendment
Chronological list by year,1919,No. 19 of 1919,Former Enemy Aliens,amendment,69011,https://laws.gov.tt/ttdll-web/revision/download/69011?type=amendment
Chronological list by year,1919,No. 18 of 1919,Roads (Trial Survey),amendment,69017,https://laws.gov.tt/ttdll-web/revision/download/69017?type=amendment
Chronological list by year,1919,No. 17 of 1919,Public Health,amendment,69015,https://laws.gov.tt/ttdll-web/revision/download/69015?type=amendment
Chronological list by year,1919,No. 16 of 1919,Baptist Church Incorporation,amendment,69021,https://laws.gov.tt/ttdll-web/revision/download/69021?type=amendment
Chronological list by year,1919,No. 15 of 1919,Harbours,amendment,14352,https://laws.gov.tt/ttdll-web/revision/download/14352?type=amendment
Chronological list by year,1919,No. 14 of 1919,Burial Grounds,amendment,69019,https://laws.gov.tt/ttdll-web/revision/download/69019?type=amendment
Chronological list by year,1919,No. 13 of 1919,Labour Exchanges,amendment,69025,https://laws.gov.tt/ttdll-web/revision/download/69025?type=amendment
Chronological list by year,1919,No. 12 of 1919,Immigration,amendment,69023,https://laws.gov.tt/ttdll-web/revision/download/69023?type=amendment
Chronological list by year,1919,No. 11 of 1919,Habitual Idlers,amendment,69029,https://laws.gov.tt/ttdll-web/revision/download/69029?type=amendment
Chronological list by year,1919,No. 10 of 1919,Larceny,amendment,18224,https://laws.gov.tt/ttdll-web/revision/download/18224?type=amendment
Chronological list by year,1919,No. 9 of 1919,Farmers Advances,amendment,69027,https://laws.gov.tt/ttdll-web/revision/download/69027?type=amendment
Chronological list by year,1919,No. 8 of 1919,Roads,amendment,69031,https://laws.gov.tt/ttdll-web/revision/download/69031?type=amendment
Chronological list by year,1919,No. 7 of 1919,War Loan,amendment,69033,https://laws.gov.tt/ttdll-web/revision/download/69033?type=amendment
Chronological list by year,1919,No. 6 of 1919,Port-of-Spain Corporation,amendment,69035,https://laws.gov.tt/ttdll-web/revision/download/69035?type=amendment
Chronological list by year,1919,No. 5 of 1919,Protection of Children,amendment,69037,https://laws.gov.tt/ttdll-web/revision/download/69037?type=amendment
Chronological list by year,1919,No. 4 of 1919,Repeal of certain Enactments,amendment,69039,https://laws.gov.tt/ttdll-web/revision/download/69039?type=amendment
Chronological list by year,1919,No. 3 of 1919,Assistant Wardens,amendment,3751,https://laws.gov.tt/ttdll-web/revision/download/3751?type=amendment
Chronological list by year,1919,No. 2 of 1919,Summary Courts,amendment,35631,https://laws.gov.tt/ttdll-web/revision/download/35631?type=amendment
Chronological list by year,1919,No. 1 of 1919,Agricultural Society,amendment,69041,https://laws.gov.tt/ttdll-web/revision/download/69041?type=amendment
Chronological list by year,1918,No. 36 of 1918,Port-of-Spain Corporation,amendment,69043,https://laws.gov.tt/ttdll-web/revision/download/69043?type=amendment
Chronological list by year,1918,No. 35 of 1918,Salvation Army,amendment,69045,https://laws.gov.tt/ttdll-web/revision/download/69045?type=amendment
Chronological list by year,1918,No. 34 of 1918,Truck,amendment,69047,https://laws.gov.tt/ttdll-web/revision/download/69047?type=amendment
Chronological list by year,1918,No. 33 of 1918,War Tax on Incomes,amendment,69049,https://laws.gov.tt/ttdll-web/revision/download/69049?type=amendment
Chronological list by year,1918,No. 32 of 1918,Crown Lands,amendment,69051,https://laws.gov.tt/ttdll-web/revision/download/69051?type=amendment
Chronological list by year,1918,No. 31 of 1918,Evidence,amendment,5611,https://laws.gov.tt/ttdll-web/revision/download/5611?type=amendment
Chronological list by year,1918,No. 30 of 1918,Criminal Procedure,amendment,69053,https://laws.gov.tt/ttdll-web/revision/download/69053?type=amendment
Chronological list by year,1918,No. 29 of 1918,Department of Agriculture,amendment,69055,https://laws.gov.tt/ttdll-web/revision/download/69055?type=amendment
Chronological list by year,1918,No. 28 of 1918,Produce Tax 1919,amendment,69057,https://laws.gov.tt/ttdll-web/revision/download/69057?type=amendment
Chronological list by year,1918,No. 27 of 1918,Industrial Training,amendment,69059,https://laws.gov.tt/ttdll-web/revision/download/69059?type=amendment
Chronological list by year,1918,No. 26 of 1918,Cinematographs,amendment,69061,https://laws.gov.tt/ttdll-web/revision/download/69061?type=amendment
Chronological list by year,1918,No. 25 of 1918,Annual Appropriation 1919,amendment,69069,https://laws.gov.tt/ttdll-web/revision/download/69069?type=amendment
Chronological list by year,1918,No. 24 of 1918,Marriage,amendment,69067,https://laws.gov.tt/ttdll-web/revision/download/69067?type=amendment
Chronological list by year,1918,No. 23 of 1918,Superintendent Registrars—Fees,amendment,3747,https://laws.gov.tt/ttdll-web/revision/download/3747?type=amendment
Chronological list by year,1918,No. 22 of 1918,Savings Bank,amendment,69065,https://laws.gov.tt/ttdll-web/revision/download/69065?type=amendment
Chronological list by year,1918,No. 21 of 1918,Diseases of Animals,amendment,69063,https://laws.gov.tt/ttdll-web/revision/download/69063?type=amendment
Chronological list by year,1918,No. 20 of 1918,Trade Marks,amendment,34729,https://laws.gov.tt/ttdll-web/revision/download/34729?type=amendment
Chronological list by year,1918,No. 19 of 1918,Immigration,amendment,69077,https://laws.gov.tt/ttdll-web/revision/download/69077?type=amendment
Chronological list by year,1918,No. 18 of 1918,Merchandise Marks,amendment,69075,https://laws.gov.tt/ttdll-web/revision/download/69075?type=amendment
Chronological list by year,1918,No. 17 of 1918,Supplementary Appropriation 1917,amendment,69073,https://laws.gov.tt/ttdll-web/revision/download/69073?type=amendment
Chronological list by year,1918,No. 16 of 1918,Alien Enemies,amendment,69071,https://laws.gov.tt/ttdll-web/revision/download/69071?type=amendment
Chronological list by year,1918,No. 15 of 1918,"Local Loan �100,000",amendment,69085,https://laws.gov.tt/ttdll-web/revision/download/69085?type=amendment
Chronological list by year,1918,No. 14 of 1918,Dogs,amendment,69083,https://laws.gov.tt/ttdll-web/revision/download/69083?type=amendment
Chronological list by year,1918,No. 13 of 1918,Education,amendment,69081,https://laws.gov.tt/ttdll-web/revision/download/69081?type=amendment
Chronological list by year,1918,No. 12 of 1918,War Tax on Incomes,amendment,69079,https://laws.gov.tt/ttdll-web/revision/download/69079?type=amendment
Chronological list by year,1918,No. 11 of 1918,Debtors,amendment,8109,https://laws.gov.tt/ttdll-web/revision/download/8109?type=amendment
Chronological list by year,1918,No. 10 of 1918,Post Office,amendment,77515,https://laws.gov.tt/ttdll-web/revision/download/77515?type=amendment
Chronological list by year,1918,No. 9 of 1918,Public Holidays and Festivals,amendment,28110,https://laws.gov.tt/ttdll-web/revision/download/28110?type=amendment
Chronological list by year,1918,No. 8 of 1918,Mongoose,amendment,69093,https://laws.gov.tt/ttdll-web/revision/download/69093?type=amendment
Chronological list by year,1918,No. 7 of 1918,Habitual Idlers,amendment,69091,https://laws.gov.tt/ttdll-web/revision/download/69091?type=amendment
Chronological list by year,1918,No. 6 of 1918,Pawnbrokers,amendment,25368,https://laws.gov.tt/ttdll-web/revision/download/25368?type=amendment
Chronological list by year,1918,No. 5 of 1918,Licensing of Vehicles,amendment,69089,https://laws.gov.tt/ttdll-web/revision/download/69089?type=amendment
Chronological list by year,1918,No. 4 of 1918,Copyright,amendment,41821,https://laws.gov.tt/ttdll-web/revision/download/41821?type=amendment
Chronological list by year,1918,No. 3 of 1918,Wills and Probate,amendment,69087,https://laws.gov.tt/ttdll-web/revision/download/69087?type=amendment
Chronological list by year,1918,No. 2 of 1918,Emigration of Children,amendment,69099,https://laws.gov.tt/ttdll-web/revision/download/69099?type=amendment
Chronological list by year,1918,No. 1 of 1918,Division of Trinidad,amendment,69101,https://laws.gov.tt/ttdll-web/revision/download/69101?type=amendment
Chronological list by year,1917,No. 47 of 1917,Sale of Produce,amendment,69095,https://laws.gov.tt/ttdll-web/revision/download/69095?type=amendment
Chronological list by year,1917,No. 46 of 1917,Prisons,amendment,28116,https://laws.gov.tt/ttdll-web/revision/download/28116?type=amendment
Chronological list by year,1917,No. 45 of 1917,Friendly Societies,amendment,69097,https://laws.gov.tt/ttdll-web/revision/download/69097?type=amendment
Chronological list by year,1917,No. 44 of 1917,Streets and Buildings-(Country),amendment,69107,https://laws.gov.tt/ttdll-web/revision/download/69107?type=amendment
Chronological list by year,1917,No. 43 of 1917,Produce Tax 1918,amendment,69109,https://laws.gov.tt/ttdll-web/revision/download/69109?type=amendment
Chronological list by year,1917,No. 42 of 1917,Widows and Orphans Pensions,amendment,69103,https://laws.gov.tt/ttdll-web/revision/download/69103?type=amendment
Chronological list by year,1917,No. 41 of 1917,Solicitors,amendment,69105,https://laws.gov.tt/ttdll-web/revision/download/69105?type=amendment
Chronological list by year,1917,No. 40 of 1917,Public Health (Food),amendment,69115,https://laws.gov.tt/ttdll-web/revision/download/69115?type=amendment
Chronological list by year,1917,No. 39 of 1917,Confinement of Animals,amendment,69117,https://laws.gov.tt/ttdll-web/revision/download/69117?type=amendment
Chronological list by year,1917,No. 38 of 1917,Cruelty to Animals,amendment,69111,https://laws.gov.tt/ttdll-web/revision/download/69111?type=amendment
Chronological list by year,1917,No. 37 of 1917,Debtors,amendment,69113,https://laws.gov.tt/ttdll-web/revision/download/69113?type=amendment
Chronological list by year,1917,No. 36 of 1917,Annual Appropriation 1918,amendment,69123,https://laws.gov.tt/ttdll-web/revision/download/69123?type=amendment
Chronological list by year,1917,No. 35 of 1917,Petty Civil Courts,amendment,24186,https://laws.gov.tt/ttdll-web/revision/download/24186?type=amendment
Chronological list by year,1917,No. 34 of 1917,Magistrates and Justices Protection,amendment,69125,https://laws.gov.tt/ttdll-web/revision/download/69125?type=amendment
Chronological list by year,1917,No. 33 of 1917,Oaths of Office,amendment,27568,https://laws.gov.tt/ttdll-web/revision/download/27568?type=amendment
Chronological list by year,1917,No. 32 of 1917,Oaths,amendment,27225,https://laws.gov.tt/ttdll-web/revision/download/27225?type=amendment
Chronological list by year,1917,No. 31 of 1917,Customs Duties,amendment,69119,https://laws.gov.tt/ttdll-web/revision/download/69119?type=amendment
Chronological list by year,1917,No. 30 of 1917,Maintenance of Wives and Children,amendment,69121,https://laws.gov.tt/ttdll-web/revision/download/69121?type=amendment
Chronological list by year,1917,No. 29 of 1917,Oil-bearing Lands,amendment,69137,https://laws.gov.tt/ttdll-web/revision/download/69137?type=amendment
Chronological list by year,1917,No. 28 of 1917,Roads,amendment,69135,https://laws.gov.tt/ttdll-web/revision/download/69135?type=amendment
Chronological list by year,1917,No. 27 of 1917,Shouters,amendment,69141,https://laws.gov.tt/ttdll-web/revision/download/69141?type=amendment
Chronological list by year,1917,No. 26 of 1917,Liquor Licences (Clubs),amendment,69139,https://laws.gov.tt/ttdll-web/revision/download/69139?type=amendment
Chronological list by year,1917,No. 25 of 1917,Summary Convictions (Offences),amendment,69129,https://laws.gov.tt/ttdll-web/revision/download/69129?type=amendment
Chronological list by year,1917,No. 24 of 1917,Bankruptcy (Amendment),amendment,6792,https://laws.gov.tt/ttdll-web/revision/download/6792?type=amendment
Chronological list by year,1917,No. 23 of 1917,Trade Marks,amendment,34727,https://laws.gov.tt/ttdll-web/revision/download/34727?type=amendment
Chronological list by year,1917,No. 22 of 1917,Resumption of Land,amendment,28335,https://laws.gov.tt/ttdll-web/revision/download/28335?type=amendment
Chronological list by year,1917,No. 21 of 1917,Supplementary Appropriation 1916,amendment,69127,https://laws.gov.tt/ttdll-web/revision/download/69127?type=amendment
Chronological list by year,1917,No. 20 of 1917,Trinidad Fire Insurance Company,amendment,69133,https://laws.gov.tt/ttdll-web/revision/download/69133?type=amendment
Chronological list by year,1917,No. 19 of 1917,Beer Duties,amendment,69131,https://laws.gov.tt/ttdll-web/revision/download/69131?type=amendment
Chronological list by year,1917,No. 18 of 1917,Customs,amendment,69153,https://laws.gov.tt/ttdll-web/revision/download/69153?type=amendment
Chronological list by year,1917,No. 17 of 1917,Prisons,amendment,28114,https://laws.gov.tt/ttdll-web/revision/download/28114?type=amendment
Chronological list by year,1917,No. 16 of 1917,Alien Enemies,amendment,69151,https://laws.gov.tt/ttdll-web/revision/download/69151?type=amendment
Chronological list by year,1917,No. 14 of 1917,Agricultural Produce (Advances),amendment,69157,https://laws.gov.tt/ttdll-web/revision/download/69157?type=amendment
Chronological list by year,1917,No. 13 of 1917,Petroleum Spirit and Oil Excise,amendment,69155,https://laws.gov.tt/ttdll-web/revision/download/69155?type=amendment
Chronological list by year,1917,No. 12 of 1917,Indictable Offences,amendment,69145,https://laws.gov.tt/ttdll-web/revision/download/69145?type=amendment
Chronological list by year,1917,No. 11 of 1917,Alien Missionaries and Teachers,amendment,69143,https://laws.gov.tt/ttdll-web/revision/download/69143?type=amendment
Chronological list by year,1917,No. 10 of 1917,Trading with the Enemy,amendment,33585,https://laws.gov.tt/ttdll-web/revision/download/33585?type=amendment
Chronological list by year,1917,No. 9 of 1917,Royal Prince of Wales Lodge of Free Masons,amendment,69149,https://laws.gov.tt/ttdll-web/revision/download/69149?type=amendment
Chronological list by year,1917,No. 8 of 1917,Apportionment,amendment,69147,https://laws.gov.tt/ttdll-web/revision/download/69147?type=amendment
Chronological list by year,1917,No. 7 of 1917,Governor,amendment,69167,https://laws.gov.tt/ttdll-web/revision/download/69167?type=amendment
Chronological list by year,1917,No. 6 of 1917,Wireless Telegraphy,amendment,69169,https://laws.gov.tt/ttdll-web/revision/download/69169?type=amendment
Chronological list by year,1917,No. 5 of 1917,Plant Protection,amendment,69171,https://laws.gov.tt/ttdll-web/revision/download/69171?type=amendment
Chronological list by year,1917,No. 4 of 1917,War Contribution Tax,amendment,69173,https://laws.gov.tt/ttdll-web/revision/download/69173?type=amendment
Chronological list by year,1917,No. 3 of 1917,Merchandise Marks,amendment,69159,https://laws.gov.tt/ttdll-web/revision/download/69159?type=amendment
Chronological list by year,1917,No. 2 of 1917,Registrar General,amendment,69161,https://laws.gov.tt/ttdll-web/revision/download/69161?type=amendment
Chronological list by year,1917,No. 1 of 1917,War Contribution Tax,amendment,69163,https://laws.gov.tt/ttdll-web/revision/download/69163?type=amendment
Chronological list by year,1916,No. 47 of 1916,Port-of-Spain Corporation,amendment,69165,https://laws.gov.tt/ttdll-web/revision/download/69165?type=amendment
Chronological list by year,1916,No. 46 of 1916,Produce Tax 1917,amendment,69183,https://laws.gov.tt/ttdll-web/revision/download/69183?type=amendment
Chronological list by year,1916,No. 45 of 1916,Notification of Births,amendment,69185,https://laws.gov.tt/ttdll-web/revision/download/69185?type=amendment
Chronological list by year,1916,No. 44 of 1916,Food and Drugs,amendment,69187,https://laws.gov.tt/ttdll-web/revision/download/69187?type=amendment
Chronological list by year,1916,No. 43 of 1916,Summary Convictions-Offences,amendment,69189,https://laws.gov.tt/ttdll-web/revision/download/69189?type=amendment
Chronological list by year,1916,No. 42 of 1916,Merchant Shipping,amendment,69175,https://laws.gov.tt/ttdll-web/revision/download/69175?type=amendment
Chronological list by year,1916,No. 41 of 1916,Annual Appropriation 1917,amendment,69177,https://laws.gov.tt/ttdll-web/revision/download/69177?type=amendment
Chronological list by year,1916,No. 40 of 1916,Commissioners of Affidavits,amendment,69179,https://laws.gov.tt/ttdll-web/revision/download/69179?type=amendment
Chronological list by year,1916,No. 39 of 1916,Fisheries,amendment,69181,https://laws.gov.tt/ttdll-web/revision/download/69181?type=amendment
Chronological list by year,1916,No. 38 of 1916,Bankruptcy,amendment,69205,https://laws.gov.tt/ttdll-web/revision/download/69205?type=amendment
Chronological list by year,1916,No. 37 of 1916,Plant Protection,amendment,69203,https://laws.gov.tt/ttdll-web/revision/download/69203?type=amendment
Chronological list by year,1916,No. 36 of 1916,Quarantine,amendment,69201,https://laws.gov.tt/ttdll-web/revision/download/69201?type=amendment
Chronological list by year,1916,No. 35 of 1916,Real Property,amendment,69199,https://laws.gov.tt/ttdll-web/revision/download/69199?type=amendment
Chronological list by year,1916,No. 34 of 1916,Local Forces,amendment,69197,https://laws.gov.tt/ttdll-web/revision/download/69197?type=amendment
Chronological list by year,1916,No. 33 of 1916,Vaccination,amendment,69195,https://laws.gov.tt/ttdll-web/revision/download/69195?type=amendment
Chronological list by year,1916,No. 32 of 1916,Municipal Corporations (Arima),amendment,69193,https://laws.gov.tt/ttdll-web/revision/download/69193?type=amendment
Chronological list by year,1916,No. 31 of 1916,Explosives,amendment,7031,https://laws.gov.tt/ttdll-web/revision/download/7031?type=amendment
Chronological list by year,1916,No. 30 of 1916,Petroleum Spirit and Petroleum Oil (Excise),amendment,69191,https://laws.gov.tt/ttdll-web/revision/download/69191?type=amendment
Chronological list by year,1916,No. 29 of 1916,Indictments,amendment,69221,https://laws.gov.tt/ttdll-web/revision/download/69221?type=amendment
Chronological list by year,1916,No. 28 of 1916,Mining-(Assessment of Compensation),amendment,69219,https://laws.gov.tt/ttdll-web/revision/download/69219?type=amendment
Chronological list by year,1916,No. 27 of 1916,Government Currency Notes,amendment,69217,https://laws.gov.tt/ttdll-web/revision/download/69217?type=amendment
Chronological list by year,1916,No. 26 of 1916,Immigration,amendment,69215,https://laws.gov.tt/ttdll-web/revision/download/69215?type=amendment
Chronological list by year,1916,No. 25 of 1916,Public Health,amendment,69213,https://laws.gov.tt/ttdll-web/revision/download/69213?type=amendment
Chronological list by year,1916,No. 24 of 1916,Judicature,amendment,69211,https://laws.gov.tt/ttdll-web/revision/download/69211?type=amendment
Chronological list by year,1916,No. 23 of 1916,Customs (War Powers),amendment,69209,https://laws.gov.tt/ttdll-web/revision/download/69209?type=amendment
Chronological list by year,1916,No. 22 of 1916,Supplementary Appropriation 1915,amendment,69207,https://laws.gov.tt/ttdll-web/revision/download/69207?type=amendment
Chronological list by year,1916,No. 21 of 1916,Port-of-Spain Corporation,amendment,69235,https://laws.gov.tt/ttdll-web/revision/download/69235?type=amendment
Chronological list by year,1916,No. 20 of 1916,Municipal Elections,amendment,69237,https://laws.gov.tt/ttdll-web/revision/download/69237?type=amendment
Chronological list by year,1916,No. 19 of 1916,Trading with the Enemy,amendment,33583,https://laws.gov.tt/ttdll-web/revision/download/33583?type=amendment
Chronological list by year,1916,No. 18 of 1916,Lepers,amendment,69231,https://laws.gov.tt/ttdll-web/revision/download/69231?type=amendment
Chronological list by year,1916,No. 17 of 1916,Stamp Duty,amendment,69233,https://laws.gov.tt/ttdll-web/revision/download/69233?type=amendment
Chronological list by year,1916,No. 16 of 1916,Sale of Produce,amendment,69227,https://laws.gov.tt/ttdll-web/revision/download/69227?type=amendment
Chronological list by year,1916,No. 15 of 1916,Carnegie Free Library San Fernando,amendment,69229,https://laws.gov.tt/ttdll-web/revision/download/69229?type=amendment
Chronological list by year,1916,No. 14 of 1916,Pension of Sergeant Dash,amendment,69223,https://laws.gov.tt/ttdll-web/revision/download/69223?type=amendment
Chronological list by year,1916,No. 13 of 1916,Industrial Training,amendment,69225,https://laws.gov.tt/ttdll-web/revision/download/69225?type=amendment
Chronological list by year,1916,No. 12 of 1916,Corporal Punishment,amendment,69251,https://laws.gov.tt/ttdll-web/revision/download/69251?type=amendment
Chronological list by year,1916,No. 11 of 1916,Jury,amendment,69253,https://laws.gov.tt/ttdll-web/revision/download/69253?type=amendment
Chronological list by year,1916,No. 10 of 1916,Firearms,amendment,69247,https://laws.gov.tt/ttdll-web/revision/download/69247?type=amendment
Chronological list by year,1916,No. 9 of 1916,Widows and Orphans Fund,amendment,69249,https://laws.gov.tt/ttdll-web/revision/download/69249?type=amendment
Chronological list by year,1916,No. 8 of 1916,Customs Duties,amendment,69243,https://laws.gov.tt/ttdll-web/revision/download/69243?type=amendment
Chronological list by year,1916,No. 7 of 1916,Merchant Shipping,amendment,69245,https://laws.gov.tt/ttdll-web/revision/download/69245?type=amendment
Chronological list by year,1916,No. 6 of 1916,Montreal Trust Company,amendment,69239,https://laws.gov.tt/ttdll-web/revision/download/69239?type=amendment
Chronological list by year,1916,No. 5 of 1916,Bankers Licences,amendment,69241,https://laws.gov.tt/ttdll-web/revision/download/69241?type=amendment
Chronological list by year,1916,No. 4 of 1916,Trading with the Enemy,amendment,33579,https://laws.gov.tt/ttdll-web/revision/download/33579?type=amendment
Chronological list by year,1916,No. 3 of 1916,Marriage,amendment,67443,https://laws.gov.tt/ttdll-web/revision/download/67443?type=amendment
Chronological list by year,1916,No. 2 of 1916,Pensions of certain Officers,amendment,67445,https://laws.gov.tt/ttdll-web/revision/download/67445?type=amendment
Chronological list by year,1916,No. 1 of 1916,Customs (War Powers),amendment,67439,https://laws.gov.tt/ttdll-web/revision/download/67439?type=amendment
Chronological list by year,1915,No. 42 of 1915,Forests,amendment,67441,https://laws.gov.tt/ttdll-web/revision/download/67441?type=amendment
Chronological list by year,1915,No. 41 of 1915,Petroleum Spirit and Petroleum Oil (Excise),amendment,67435,https://laws.gov.tt/ttdll-web/revision/download/67435?type=amendment
Chronological list by year,1915,No. 40 of 1915,Agricultural Fires,amendment,67437,https://laws.gov.tt/ttdll-web/revision/download/67437?type=amendment
Chronological list by year,1915,No. 39 of 1915,Quarantine,amendment,67431,https://laws.gov.tt/ttdll-web/revision/download/67431?type=amendment
Chronological list by year,1915,No. 38 of 1915,Voluntary Conveyances,amendment,67433,https://laws.gov.tt/ttdll-web/revision/download/67433?type=amendment
Chronological list by year,1915,No. 37 of 1915,Patents Designs and Trade Marks (Temporary Rules),amendment,34666,https://laws.gov.tt/ttdll-web/revision/download/34666?type=amendment
Chronological list by year,1915,No. 36 of 1915,Port-of-Spain Corporation,amendment,67459,https://laws.gov.tt/ttdll-web/revision/download/67459?type=amendment
Chronological list by year,1915,No. 35 of 1915,Licensing of Vehicles,amendment,67461,https://laws.gov.tt/ttdll-web/revision/download/67461?type=amendment
Chronological list by year,1915,No. 34 of 1915,Foreign Marriages,amendment,67455,https://laws.gov.tt/ttdll-web/revision/download/67455?type=amendment
Chronological list by year,1915,No. 33 of 1915,District Waterworks,amendment,67457,https://laws.gov.tt/ttdll-web/revision/download/67457?type=amendment
Chronological list by year,1915,No. 32 of 1915,Immigration Tax 1916,amendment,67451,https://laws.gov.tt/ttdll-web/revision/download/67451?type=amendment
Chronological list by year,1915,No. 31 of 1915,Agricultural Tax 1916,amendment,67453,https://laws.gov.tt/ttdll-web/revision/download/67453?type=amendment
Chronological list by year,1915,No. 30 of 1915,Agricultural Credit Societies,amendment,67447,https://laws.gov.tt/ttdll-web/revision/download/67447?type=amendment
Chronological list by year,1915,No. 29 of 1915,Emergency Funds Tax 1916,amendment,67449,https://laws.gov.tt/ttdll-web/revision/download/67449?type=amendment
Chronological list by year,1915,No. 28 of 1915,Annual Appropriation 1916,amendment,67413,https://laws.gov.tt/ttdll-web/revision/download/67413?type=amendment
Chronological list by year,1915,No. 27 of 1915,Petroleum (Pipe Lines),amendment,67411,https://laws.gov.tt/ttdll-web/revision/download/67411?type=amendment
Chronological list by year,1915,No. 26 of 1915,Alien Enemies,amendment,67409,https://laws.gov.tt/ttdll-web/revision/download/67409?type=amendment
Chronological list by year,1915,No. 25 of 1915,War Censorship,amendment,67407,https://laws.gov.tt/ttdll-web/revision/download/67407?type=amendment
Chronological list by year,1915,No. 24 of 1915,Summary Conviction Offences Procedure,amendment,67405,https://laws.gov.tt/ttdll-web/revision/download/67405?type=amendment
Chronological list by year,1915,No. 23 of 1915,Validating certain Marriages,amendment,67403,https://laws.gov.tt/ttdll-web/revision/download/67403?type=amendment
Chronological list by year,1915,No. 22 of 1915,Supplementary Appropriation 1914-15,amendment,67401,https://laws.gov.tt/ttdll-web/revision/download/67401?type=amendment
Chronological list by year,1915,No. 21 of 1915,Local Forces-(Foreign Service),amendment,67399,https://laws.gov.tt/ttdll-web/revision/download/67399?type=amendment
Chronological list by year,1915,No. 20 of 1915,Petroleum,amendment,67429,https://laws.gov.tt/ttdll-web/revision/download/67429?type=amendment
Chronological list by year,1915,No. 19 of 1915,Imperial Naturalization Fees,amendment,67427,https://laws.gov.tt/ttdll-web/revision/download/67427?type=amendment
Chronological list by year,1915,No. 18 of 1915,Mines,amendment,67425,https://laws.gov.tt/ttdll-web/revision/download/67425?type=amendment
Chronological list by year,1915,No. 17 of 1915,Customs (War Powers),amendment,67423,https://laws.gov.tt/ttdll-web/revision/download/67423?type=amendment
Chronological list by year,1915,No. 16 of 1915,Municipal Elections,amendment,67421,https://laws.gov.tt/ttdll-web/revision/download/67421?type=amendment
Chronological list by year,1915,No. 15 of 1915,Public Health,amendment,67419,https://laws.gov.tt/ttdll-web/revision/download/67419?type=amendment
Chronological list by year,1915,No. 14 of 1915,Wild Birds and Wild Animals Protection,amendment,67417,https://laws.gov.tt/ttdll-web/revision/download/67417?type=amendment
Chronological list by year,1915,No. 13 of 1915,Prevention of Accidents,amendment,67415,https://laws.gov.tt/ttdll-web/revision/download/67415?type=amendment
Chronological list by year,1915,No. 12 of 1915,Friendly Societies,amendment,67375,https://laws.gov.tt/ttdll-web/revision/download/67375?type=amendment
Chronological list by year,1915,No. 11 of 1915,Land Charges and Land Taxes,amendment,67377,https://laws.gov.tt/ttdll-web/revision/download/67377?type=amendment
Chronological list by year,1915,No. 10 of 1915,Public Accounts,amendment,67379,https://laws.gov.tt/ttdll-web/revision/download/67379?type=amendment
Chronological list by year,1915,No. 9 of 1915,Ganja,amendment,67381,https://laws.gov.tt/ttdll-web/revision/download/67381?type=amendment
Chronological list by year,1915,No. 8 of 1915,British and Colonial Probate,amendment,67367,https://laws.gov.tt/ttdll-web/revision/download/67367?type=amendment
Chronological list by year,1915,No. 7 of 1915,Montreal Trust Company,amendment,67369,https://laws.gov.tt/ttdll-web/revision/download/67369?type=amendment
Chronological list by year,1915,No. 6 of 1915,Alien Enemies,amendment,67371,https://laws.gov.tt/ttdll-web/revision/download/67371?type=amendment
Chronological list by year,1915,No. 5 of 1915,San Fernando Wharf Dues,amendment,67373,https://laws.gov.tt/ttdll-web/revision/download/67373?type=amendment
Chronological list by year,1915,No. 4 of 1915,Annual Appropriation 1915,amendment,67391,https://laws.gov.tt/ttdll-web/revision/download/67391?type=amendment
Chronological list by year,1915,No. 3 of 1915,Trading with the Enemy,amendment,33577,https://laws.gov.tt/ttdll-web/revision/download/33577?type=amendment
Chronological list by year,1915,No. 2 of 1915,"Local Loan -100,000",amendment,67393,https://laws.gov.tt/ttdll-web/revision/download/67393?type=amendment
Chronological list by year,1915,No. 1 of 1915,Summary Convictions (Offences),amendment,67395,https://laws.gov.tt/ttdll-web/revision/download/67395?type=amendment
Chronological list by year,1914,No. 49 of 1914,Emergency Funds Tax 1915,amendment,67397,https://laws.gov.tt/ttdll-web/revision/download/67397?type=amendment
Chronological list by year,1914,No. 48 of 1914,Trinidad and Tobago Post,amendment,33556,https://laws.gov.tt/ttdll-web/revision/download/33556?type=amendment
Chronological list by year,1914,No. 47 of 1914,Motor Cars,amendment,67383,https://laws.gov.tt/ttdll-web/revision/download/67383?type=amendment
Chronological list by year,1914,No. 46 of 1914,Solicitors,amendment,67385,https://laws.gov.tt/ttdll-web/revision/download/67385?type=amendment
Chronological list by year,1914,No. 45 of 1914,Agricultural Tax 1915,amendment,67387,https://laws.gov.tt/ttdll-web/revision/download/67387?type=amendment
Chronological list by year,1914,No. 44 of 1914,Immigration Tax 1915,amendment,67389,https://laws.gov.tt/ttdll-web/revision/download/67389?type=amendment
Chronological list by year,1914,No. 43 of 1914,Petroleum Spirit and Petroleum Oil (Excise),amendment,67345,https://laws.gov.tt/ttdll-web/revision/download/67345?type=amendment
Chronological list by year,1914,No. 42 of 1914,Reformatory and Industrial Schools,amendment,67343,https://laws.gov.tt/ttdll-web/revision/download/67343?type=amendment
Chronological list by year,1914,No. 41 of 1914,Droghers and Sailors,amendment,67349,https://laws.gov.tt/ttdll-web/revision/download/67349?type=amendment
Chronological list by year,1914,No. 40 of 1914,Licensing of Vehicles,amendment,67347,https://laws.gov.tt/ttdll-web/revision/download/67347?type=amendment
Chronological list by year,1914,No. 39 of 1914,Estates (Labourers) Relief,amendment,67337,https://laws.gov.tt/ttdll-web/revision/download/67337?type=amendment
Chronological list by year,1914,No. 38 of 1914,War Censorship,amendment,67335,https://laws.gov.tt/ttdll-web/revision/download/67335?type=amendment
Chronological list by year,1914,No. 37 of 1914,Alien Enemies,amendment,67341,https://laws.gov.tt/ttdll-web/revision/download/67341?type=amendment
Chronological list by year,1914,No. 36 of 1914,Trading with the Enemy,amendment,33575,https://laws.gov.tt/ttdll-web/revision/download/33575?type=amendment
Chronological list by year,1914,No. 35 of 1914,Summary Convictions Offences,amendment,67339,https://laws.gov.tt/ttdll-web/revision/download/67339?type=amendment
Chronological list by year,1914,No. 34 of 1914,Scarborough Lighting of Streets,amendment,67361,https://laws.gov.tt/ttdll-web/revision/download/67361?type=amendment
Chronological list by year,1914,No. 33 of 1914,Savings Banks,amendment,67359,https://laws.gov.tt/ttdll-web/revision/download/67359?type=amendment
Chronological list by year,1914,No. 32 of 1914,Friendly Societies,amendment,67365,https://laws.gov.tt/ttdll-web/revision/download/67365?type=amendment
Chronological list by year,1914,No. 31 of 1914,Companies,amendment,49221,https://laws.gov.tt/ttdll-web/revision/download/49221?type=amendment
Chronological list by year,1914,No. 30 of 1914,Government Currency Notes,amendment,67363,https://laws.gov.tt/ttdll-web/revision/download/67363?type=amendment
Chronological list by year,1914,No. 29 of 1914,Supplementary Appropriation 1913�14,amendment,67353,https://laws.gov.tt/ttdll-web/revision/download/67353?type=amendment
Chronological list by year,1914,No. 28 of 1914,Port-of-Spain Corporation,amendment,67351,https://laws.gov.tt/ttdll-web/revision/download/67351?type=amendment
Chronological list by year,1914,No. 27 of 1914,Trading with the Enemy,amendment,67357,https://laws.gov.tt/ttdll-web/revision/download/67357?type=amendment
Chronological list by year,1914,No. 26 of 1914,Bank Notes,amendment,67355,https://laws.gov.tt/ttdll-web/revision/download/67355?type=amendment
Chronological list by year,1914,No. 25 of 1914,Port-of-Spain Corporation (Temporary Purposes),amendment,67307,https://laws.gov.tt/ttdll-web/revision/download/67307?type=amendment
Chronological list by year,1914,No. 24 of 1914,Port-of-Spain Corporation,amendment,67309,https://laws.gov.tt/ttdll-web/revision/download/67309?type=amendment
Chronological list by year,1914,No. 23 of 1914,Judicature,amendment,67303,https://laws.gov.tt/ttdll-web/revision/download/67303?type=amendment
Chronological list by year,1914,No. 22 of 1914,Resumption of Land,amendment,67305,https://laws.gov.tt/ttdll-web/revision/download/67305?type=amendment
Chronological list by year,1914,No. 21 of 1914,Public Officers Guarantee Fund,amendment,67315,https://laws.gov.tt/ttdll-web/revision/download/67315?type=amendment
Chronological list by year,1914,No. 20 of 1914,Aerial Navigation,amendment,67317,https://laws.gov.tt/ttdll-web/revision/download/67317?type=amendment
Chronological list by year,1914,No. 19 of 1914,Spirits and Spirit Compounds,amendment,67311,https://laws.gov.tt/ttdll-web/revision/download/67311?type=amendment
Chronological list by year,1914,No. 18 of 1914,Municipal Corporations-San Fernando,amendment,67313,https://laws.gov.tt/ttdll-web/revision/download/67313?type=amendment
Chronological list by year,1914,No. 17 of 1914,Prisons,amendment,67323,https://laws.gov.tt/ttdll-web/revision/download/67323?type=amendment
Chronological list by year,1914,No. 16 of 1914,Railway Extension and Public Works Loan,amendment,67325,https://laws.gov.tt/ttdll-web/revision/download/67325?type=amendment
Chronological list by year,1914,No. 15 of 1914,Roads-Drains Improvement,amendment,67319,https://laws.gov.tt/ttdll-web/revision/download/67319?type=amendment
Chronological list by year,1914,No. 14 of 1914,Municipal Corporations,amendment,67321,https://laws.gov.tt/ttdll-web/revision/download/67321?type=amendment
Chronological list by year,1914,No. 13 of 1914,Public Authorities (Rates and Charges Recovery),amendment,67331,https://laws.gov.tt/ttdll-web/revision/download/67331?type=amendment
Chronological list by year,1914,No. 12 of 1914,Wills and Probate,amendment,67333,https://laws.gov.tt/ttdll-web/revision/download/67333?type=amendment
Chronological list by year,1914,No. 11 of 1914,Pensions,amendment,67327,https://laws.gov.tt/ttdll-web/revision/download/67327?type=amendment
Chronological list by year,1914,No. 10 of 1914,Solicitors,amendment,67329,https://laws.gov.tt/ttdll-web/revision/download/67329?type=amendment
Chronological list by year,1914,No. 9 of 1914,Partition,amendment,67277,https://laws.gov.tt/ttdll-web/revision/download/67277?type=amendment
Chronological list by year,1914,No. 8 of 1914,Corporal Punishment,amendment,67275,https://laws.gov.tt/ttdll-web/revision/download/67275?type=amendment
Chronological list by year,1914,No. 7 of 1914,Offences against the Person,amendment,44312,https://laws.gov.tt/ttdll-web/revision/download/44312?type=amendment
Chronological list by year,1914,No. 6 of 1914,Travelling Allowances,amendment,31540,https://laws.gov.tt/ttdll-web/revision/download/31540?type=amendment
Chronological list by year,1914,No. 5 of 1914,Supplementary Appropriation 1912�13,amendment,67273,https://laws.gov.tt/ttdll-web/revision/download/67273?type=amendment
Chronological list by year,1914,No. 4 of 1914,Annual Appropriation 1914,amendment,67271,https://laws.gov.tt/ttdll-web/revision/download/67271?type=amendment
Chronological list by year,1914,No. 3 of 1914,Real Property,amendment,67285,https://laws.gov.tt/ttdll-web/revision/download/67285?type=amendment
Chronological list by year,1914,No. 2 of 1914,Copyright,amendment,67283,https://laws.gov.tt/ttdll-web/revision/download/67283?type=amendment
Chronological list by year,1914,No. 1 of 1914,Powers of Attorney,amendment,67281,https://laws.gov.tt/ttdll-web/revision/download/67281?type=amendment
Chronological list by year,1913,No. 49 of 1913,Harbours,amendment,14356,https://laws.gov.tt/ttdll-web/revision/download/14356?type=amendment
Chronological list by year,1913,No. 36 of 1913,Public Authorities (Rates and Charges Recovery),amendment,67279,https://laws.gov.tt/ttdll-web/revision/download/67279?type=amendment
Chronological list by year,1913,No. 35 of 1913,Administration of Property,amendment,67293,https://laws.gov.tt/ttdll-web/revision/download/67293?type=amendment
Chronological list by year,1913,No. 34 of 1913,Immigration Tax 1914,amendment,67291,https://laws.gov.tt/ttdll-web/revision/download/67291?type=amendment
Chronological list by year,1913,No. 33 of 1913,Agricultural Tax 1914,amendment,67289,https://laws.gov.tt/ttdll-web/revision/download/67289?type=amendment
Chronological list by year,1913,No. 32 of 1913,Lepers,amendment,67287,https://laws.gov.tt/ttdll-web/revision/download/67287?type=amendment
Chronological list by year,1913,No. 31 of 1913,Companies,amendment,67301,https://laws.gov.tt/ttdll-web/revision/download/67301?type=amendment
Chronological list by year,1913,No. 30 of 1913,Partnership,amendment,67299,https://laws.gov.tt/ttdll-web/revision/download/67299?type=amendment
Chronological list by year,1913,No. 29 of 1913,Loans and Inscribed Stock,amendment,67297,https://laws.gov.tt/ttdll-web/revision/download/67297?type=amendment
Chronological list by year,1913,No. 28 of 1913,Farmers Advances,amendment,67295,https://laws.gov.tt/ttdll-web/revision/download/67295?type=amendment
Chronological list by year,1913,No. 27 of 1913,Solicitors,amendment,67239,https://laws.gov.tt/ttdll-web/revision/download/67239?type=amendment
Chronological list by year,1913,No. 26 of 1913,Stamp Duty,amendment,67241,https://laws.gov.tt/ttdll-web/revision/download/67241?type=amendment
Chronological list by year,1913,No. 25 of 1913,Jury,amendment,67243,https://laws.gov.tt/ttdll-web/revision/download/67243?type=amendment
Chronological list by year,1913,No. 24 of 1913,Summary Convictions Offences,amendment,67245,https://laws.gov.tt/ttdll-web/revision/download/67245?type=amendment
Chronological list by year,1913,No. 23 of 1913,Local Forces,amendment,67247,https://laws.gov.tt/ttdll-web/revision/download/67247?type=amendment
Chronological list by year,1913,No. 22 of 1913,Diseased Animals,amendment,67249,https://laws.gov.tt/ttdll-web/revision/download/67249?type=amendment
Chronological list by year,1913,No. 21 of 1913,Government Currency Notes,amendment,67251,https://laws.gov.tt/ttdll-web/revision/download/67251?type=amendment
Chronological list by year,1913,No. 20 of 1913,Auctioneers,amendment,67253,https://laws.gov.tt/ttdll-web/revision/download/67253?type=amendment
Chronological list by year,1913,No. 19 of 1913,Real Property,amendment,67255,https://laws.gov.tt/ttdll-web/revision/download/67255?type=amendment
Chronological list by year,1913,No. 18 of 1913,Port-of-Spain Hackney Carriages,amendment,67257,https://laws.gov.tt/ttdll-web/revision/download/67257?type=amendment
Chronological list by year,1913,No. 17 of 1913,Port-of-Spain Carriage Licences,amendment,67259,https://laws.gov.tt/ttdll-web/revision/download/67259?type=amendment
Chronological list by year,1913,No. 16 of 1913,Liquor Licences,amendment,19459,https://laws.gov.tt/ttdll-web/revision/download/19459?type=amendment
Chronological list by year,1913,No. 15 of 1913,Patents Designs and Trade Marks,amendment,25229,https://laws.gov.tt/ttdll-web/revision/download/25229?type=amendment
Chronological list by year,1913,No. 14 of 1913,Summary Convictions (Offences),amendment,67261,https://laws.gov.tt/ttdll-web/revision/download/67261?type=amendment
Chronological list by year,1913,No. 13 of 1913,Scarborough Streets and Buildings,amendment,67263,https://laws.gov.tt/ttdll-web/revision/download/67263?type=amendment
Chronological list by year,1913,No. 12 of 1913,Sale of Meat and Fish in Princes Town,amendment,67265,https://laws.gov.tt/ttdll-web/revision/download/67265?type=amendment
Chronological list by year,1913,No. 11 of 1913,Guaracara-Cipero Junction-Railway,amendment,67267,https://laws.gov.tt/ttdll-web/revision/download/67267?type=amendment
Chronological list by year,1913,No. 10 of 1913,Customs Duties,amendment,67269,https://laws.gov.tt/ttdll-web/revision/download/67269?type=amendment
Chronological list by year,1913,No. 9 of 1913,Crown Suits,amendment,67209,https://laws.gov.tt/ttdll-web/revision/download/67209?type=amendment
Chronological list by year,1913,No. 8 of 1913,Copyright,amendment,67207,https://laws.gov.tt/ttdll-web/revision/download/67207?type=amendment
Chronological list by year,1913,No. 7 of 1913,Registration of Deeds,amendment,28905,https://laws.gov.tt/ttdll-web/revision/download/28905?type=amendment
Chronological list by year,1913,No. 6 of 1913,Roads,amendment,67213,https://laws.gov.tt/ttdll-web/revision/download/67213?type=amendment
Chronological list by year,1913,No. 5 of 1913,Medical Service,amendment,67211,https://laws.gov.tt/ttdll-web/revision/download/67211?type=amendment
Chronological list by year,1913,No. 4 of 1913,Immigration,amendment,67217,https://laws.gov.tt/ttdll-web/revision/download/67217?type=amendment
Chronological list by year,1913,No. 3 of 1913,Annual Appropriation 1913�14,amendment,67215,https://laws.gov.tt/ttdll-web/revision/download/67215?type=amendment
Chronological list by year,1913,No. 2 of 1913,Immigration,amendment,67221,https://laws.gov.tt/ttdll-web/revision/download/67221?type=amendment
Chronological list by year,1913,No. 1 of 1913,Canada and West Indies-Reciprocity (Tariff),amendment,67219,https://laws.gov.tt/ttdll-web/revision/download/67219?type=amendment
Chronological list by year,1912,No. 58 of 1912,Opium,amendment,67225,https://laws.gov.tt/ttdll-web/revision/download/67225?type=amendment
Chronological list by year,1912,No. 57 of 1912,Port-of-Spain Carriage Licences,amendment,67223,https://laws.gov.tt/ttdll-web/revision/download/67223?type=amendment
Chronological list by year,1912,No. 56 of 1912,Immigration,amendment,67229,https://laws.gov.tt/ttdll-web/revision/download/67229?type=amendment
Chronological list by year,1912,No. 55 of 1912,Port-of-Spain Corporation,amendment,67227,https://laws.gov.tt/ttdll-web/revision/download/67227?type=amendment
Chronological list by year,1912,No. 54 of 1912,Supplementary Appropriation 1911–12,amendment,67233,https://laws.gov.tt/ttdll-web/revision/download/67233?type=amendment
Chronological list by year,1912,No. 53 of 1912,Agricultural Tax 1913,amendment,67231,https://laws.gov.tt/ttdll-web/revision/download/67231?type=amendment
Chronological list by year,1912,No. 52 of 1912,Immigration Tax 1913,amendment,67237,https://laws.gov.tt/ttdll-web/revision/download/67237?type=amendment
Chronological list by year,1912,No. 51 of 1912,Port-of-Spain House Tax,amendment,67235,https://laws.gov.tt/ttdll-web/revision/download/67235?type=amendment
Chronological list by year,1912,No. 50 of 1912,Indictable Offences-(Magistrates Procedure),amendment,67717,https://laws.gov.tt/ttdll-web/revision/download/67717?type=amendment
Chronological list by year,1912,No. 49 of 1912,Public Authorities Protection,amendment,25366,https://laws.gov.tt/ttdll-web/revision/download/25366?type=amendment
Chronological list by year,1912,No. 48 of 1912,Saving certain rights in lands sold for non payment of rates,amendment,67715,https://laws.gov.tt/ttdll-web/revision/download/67715?type=amendment
Chronological list by year,1912,No. 47 of 1912,San Fernando Market Loan,amendment,67713,https://laws.gov.tt/ttdll-web/revision/download/67713?type=amendment
Chronological list by year,1912,No. 46 of 1912,Employment of Women,amendment,67711,https://laws.gov.tt/ttdll-web/revision/download/67711?type=amendment
Chronological list by year,1912,No. 45 of 1912,Estate Duty,amendment,67709,https://laws.gov.tt/ttdll-web/revision/download/67709?type=amendment
Chronological list by year,1912,No. 44 of 1912,East Dry River Improvement Rate,amendment,67707,https://laws.gov.tt/ttdll-web/revision/download/67707?type=amendment
Chronological list by year,1912,No. 43 of 1912,Assisted School Teachers Pensions,amendment,67705,https://laws.gov.tt/ttdll-web/revision/download/67705?type=amendment
Chronological list by year,1912,No. 42 of 1912,Protection of Deer in Tobago,amendment,67703,https://laws.gov.tt/ttdll-web/revision/download/67703?type=amendment
Chronological list by year,1912,No. 41 of 1912,Wills and Probate,amendment,67701,https://laws.gov.tt/ttdll-web/revision/download/67701?type=amendment
Chronological list by year,1912,No. 40 of 1912,Roads,amendment,67699,https://laws.gov.tt/ttdll-web/revision/download/67699?type=amendment
Chronological list by year,1912,No. 39 of 1912,Quarantine,amendment,67697,https://laws.gov.tt/ttdll-web/revision/download/67697?type=amendment
Chronological list by year,1912,No. 38 of 1912,Dogs (muzzling),amendment,67695,https://laws.gov.tt/ttdll-web/revision/download/67695?type=amendment
Chronological list by year,1912,No. 37 of 1912,Importation of Dogs,amendment,67693,https://laws.gov.tt/ttdll-web/revision/download/67693?type=amendment
Chronological list by year,1912,No. 36 of 1912,Motor Cars,amendment,67691,https://laws.gov.tt/ttdll-web/revision/download/67691?type=amendment
Chronological list by year,1912,No. 35 of 1912,Municipal Corporations-San Fernando,amendment,67689,https://laws.gov.tt/ttdll-web/revision/download/67689?type=amendment
Chronological list by year,1912,No. 34 of 1912,Interpretation,amendment,67687,https://laws.gov.tt/ttdll-web/revision/download/67687?type=amendment
Chronological list by year,1912,No. 33 of 1912,Oil Mining and Refining,amendment,67683,https://laws.gov.tt/ttdll-web/revision/download/67683?type=amendment
Chronological list by year,1912,No. 32 of 1912,San Fernando Wheel Tax,amendment,67685,https://laws.gov.tt/ttdll-web/revision/download/67685?type=amendment
Chronological list by year,1912,No. 31 of 1912,Cipero Tramroad,amendment,67679,https://laws.gov.tt/ttdll-web/revision/download/67679?type=amendment
Chronological list by year,1912,No. 30 of 1912,Crown Law Officers,amendment,67681,https://laws.gov.tt/ttdll-web/revision/download/67681?type=amendment
Chronological list by year,1912,No. 29 of 1912,Solicitors,amendment,67675,https://laws.gov.tt/ttdll-web/revision/download/67675?type=amendment
Chronological list by year,1912,No. 28 of 1912,San Fernando-Siparia Railway,amendment,67677,https://laws.gov.tt/ttdll-web/revision/download/67677?type=amendment
Chronological list by year,1912,No. 27 of 1912,Belmont Improvement Kate,amendment,67671,https://laws.gov.tt/ttdll-web/revision/download/67671?type=amendment
Chronological list by year,1912,No. 26 of 1912,Public Works Loan,amendment,67673,https://laws.gov.tt/ttdll-web/revision/download/67673?type=amendment
Chronological list by year,1912,No. 25 of 1912,Loans and Inscribed Stock,amendment,67667,https://laws.gov.tt/ttdll-web/revision/download/67667?type=amendment
Chronological list by year,1912,No. 24 of 1912,Pensions,amendment,67669,https://laws.gov.tt/ttdll-web/revision/download/67669?type=amendment
Chronological list by year,1912,No. 23 of 1912,Constabulary,amendment,67663,https://laws.gov.tt/ttdll-web/revision/download/67663?type=amendment
Chronological list by year,1912,No. 22 of 1912,Estate Duty,amendment,67665,https://laws.gov.tt/ttdll-web/revision/download/67665?type=amendment
Chronological list by year,1912,No. 21 of 1912,Firearms,amendment,67659,https://laws.gov.tt/ttdll-web/revision/download/67659?type=amendment
Chronological list by year,1912,No. 20 of 1912,Annual Appropriation 1912�13,amendment,67661,https://laws.gov.tt/ttdll-web/revision/download/67661?type=amendment
Chronological list by year,1912,No. 19 of 1912,Probation of Offenders,amendment,27456,https://laws.gov.tt/ttdll-web/revision/download/27456?type=amendment
Chronological list by year,1912,No. 18 of 1912,Perjury (summary punishment),amendment,67655,https://laws.gov.tt/ttdll-web/revision/download/67655?type=amendment
Chronological list by year,1912,No. 17 of 1912,Coroners,amendment,67657,https://laws.gov.tt/ttdll-web/revision/download/67657?type=amendment
Chronological list by year,1912,No. 16 of 1912,Supplementary Appropriation 1910�11,amendment,67649,https://laws.gov.tt/ttdll-web/revision/download/67649?type=amendment
Chronological list by year,1912,No. 15 of 1912,Aliens,amendment,67647,https://laws.gov.tt/ttdll-web/revision/download/67647?type=amendment
Chronological list by year,1912,No. 14 of 1912,Sale of Produce,amendment,67653,https://laws.gov.tt/ttdll-web/revision/download/67653?type=amendment
Chronological list by year,1912,No. 13 of 1912,Employment of Women,amendment,67651,https://laws.gov.tt/ttdll-web/revision/download/67651?type=amendment
Chronological list by year,1912,No. 12 of 1912,Cinematographs,amendment,67641,https://laws.gov.tt/ttdll-web/revision/download/67641?type=amendment
Chronological list by year,1912,No. 11 of 1912,Oaths,amendment,27223,https://laws.gov.tt/ttdll-web/revision/download/27223?type=amendment
Chronological list by year,1912,No. 10 of 1912,Distribution of Intestates Estate,amendment,67639,https://laws.gov.tt/ttdll-web/revision/download/67639?type=amendment
Chronological list by year,1912,No. 9 of 1912,Mines,amendment,67645,https://laws.gov.tt/ttdll-web/revision/download/67645?type=amendment
Chronological list by year,1912,No. 8 of 1912,Agricultural Contracts,amendment,67643,https://laws.gov.tt/ttdll-web/revision/download/67643?type=amendment
Chronological list by year,1912,No. 7 of 1912,Evidence,amendment,5609,https://laws.gov.tt/ttdll-web/revision/download/5609?type=amendment
Chronological list by year,1912,No. 6 of 1912,Siparia Railway,amendment,67633,https://laws.gov.tt/ttdll-web/revision/download/67633?type=amendment
Chronological list by year,1912,No. 5 of 1912,Agricultural Fires,amendment,67631,https://laws.gov.tt/ttdll-web/revision/download/67631?type=amendment
Chronological list by year,1912,No. 4 of 1912,Widows and Orphans Fund,amendment,67637,https://laws.gov.tt/ttdll-web/revision/download/67637?type=amendment
Chronological list by year,1912,No. 3 of 1912,Money Lending,amendment,67635,https://laws.gov.tt/ttdll-web/revision/download/67635?type=amendment
Chronological list by year,1912,No. 2 of 1912,Port-of-Spain Streets and Buildings,amendment,67625,https://laws.gov.tt/ttdll-web/revision/download/67625?type=amendment
Chronological list by year,1912,No. 1 of 1912,Customs Duties,amendment,67623,https://laws.gov.tt/ttdll-web/revision/download/67623?type=amendment
Chronological list by year,1911,No. 38 of 1911,Plant Protection,amendment,67629,https://laws.gov.tt/ttdll-web/revision/download/67629?type=amendment
Chronological list by year,1911,No. 37 of 1911,Customs Duties,amendment,67627,https://laws.gov.tt/ttdll-web/revision/download/67627?type=amendment
Chronological list by year,1911,No. 36 of 1911,Agricultural Tax 1912,amendment,67615,https://laws.gov.tt/ttdll-web/revision/download/67615?type=amendment
Chronological list by year,1911,No. 35 of 1911,Immigration Tax 1912,amendment,67617,https://laws.gov.tt/ttdll-web/revision/download/67617?type=amendment
Chronological list by year,1911,No. 34 of 1911,Industrial Schools,amendment,67619,https://laws.gov.tt/ttdll-web/revision/download/67619?type=amendment
Chronological list by year,1911,No. 33 of 1911,District Court,amendment,67621,https://laws.gov.tt/ttdll-web/revision/download/67621?type=amendment
Chronological list by year,1911,No. 32 of 1911,Wills and Probate,amendment,67607,https://laws.gov.tt/ttdll-web/revision/download/67607?type=amendment
Chronological list by year,1911,No. 31 of 1911,Quarantine,amendment,67609,https://laws.gov.tt/ttdll-web/revision/download/67609?type=amendment
Chronological list by year,1911,No. 30 of 1911,Roads,amendment,67611,https://laws.gov.tt/ttdll-web/revision/download/67611?type=amendment
Chronological list by year,1911,No. 29 of 1911,Probation of Offenders,amendment,67613,https://laws.gov.tt/ttdll-web/revision/download/67613?type=amendment
Chronological list by year,1911,No. 28 of 1911,Public Health Special Powers,amendment,67599,https://laws.gov.tt/ttdll-web/revision/download/67599?type=amendment
Chronological list by year,1911,No. 27 of 1911,Estate Duty,amendment,67601,https://laws.gov.tt/ttdll-web/revision/download/67601?type=amendment
Chronological list by year,1911,No. 26 of 1911,Dogs (Muzzling),amendment,67603,https://laws.gov.tt/ttdll-web/revision/download/67603?type=amendment
Chronological list by year,1911,No. 25 of 1911,Oil Mining and Refining,amendment,67605,https://laws.gov.tt/ttdll-web/revision/download/67605?type=amendment
Chronological list by year,1911,No. 24 of 1911,Caparo Valley Railway,amendment,67591,https://laws.gov.tt/ttdll-web/revision/download/67591?type=amendment
Chronological list by year,1911,No. 23 of 1911,Marriage with Deceased Wife's Sister,amendment,67593,https://laws.gov.tt/ttdll-web/revision/download/67593?type=amendment
Chronological list by year,1911,No. 22 of 1911,Lepers,amendment,67595,https://laws.gov.tt/ttdll-web/revision/download/67595?type=amendment
Chronological list by year,1911,No. 21 of 1911,Industrial Training,amendment,67597,https://laws.gov.tt/ttdll-web/revision/download/67597?type=amendment
Chronological list by year,1911,No. 20 of 1911,Local Forces,amendment,67581,https://laws.gov.tt/ttdll-web/revision/download/67581?type=amendment
Chronological list by year,1911,No. 19 of 1911,Petroleum (Pipelines),amendment,67579,https://laws.gov.tt/ttdll-web/revision/download/67579?type=amendment
Chronological list by year,1911,No. 18 of 1911,Food and Drugs,amendment,67577,https://laws.gov.tt/ttdll-web/revision/download/67577?type=amendment
Chronological list by year,1911,No. 17 of 1911,Railways,amendment,67575,https://laws.gov.tt/ttdll-web/revision/download/67575?type=amendment
Chronological list by year,1911,No. 16 of 1911,Shop Hours,amendment,67589,https://laws.gov.tt/ttdll-web/revision/download/67589?type=amendment
Chronological list by year,1911,No. 15 of 1911,Board of Agriculture,amendment,67587,https://laws.gov.tt/ttdll-web/revision/download/67587?type=amendment
Chronological list by year,1911,No. 14 of 1911,Roads,amendment,67585,https://laws.gov.tt/ttdll-web/revision/download/67585?type=amendment
Chronological list by year,1911,No. 13 of 1911,Annual Appropriation 1911�12,amendment,67583,https://laws.gov.tt/ttdll-web/revision/download/67583?type=amendment
Chronological list by year,1911,No. 12 of 1911,Tobago Land Charges,amendment,67565,https://laws.gov.tt/ttdll-web/revision/download/67565?type=amendment
Chronological list by year,1911,No. 11 of 1911,Marriage,amendment,67563,https://laws.gov.tt/ttdll-web/revision/download/67563?type=amendment
Chronological list by year,1911,No. 10 of 1911,Larceny,amendment,18222,https://laws.gov.tt/ttdll-web/revision/download/18222?type=amendment
Chronological list by year,1911,No. 9 of 1911,Petty Civil Courts,amendment,67561,https://laws.gov.tt/ttdll-web/revision/download/67561?type=amendment
Chronological list by year,1911,No. 8 of 1911,District Court,amendment,67559,https://laws.gov.tt/ttdll-web/revision/download/67559?type=amendment
Chronological list by year,1911,No. 7 of 1911,Lepers,amendment,67573,https://laws.gov.tt/ttdll-web/revision/download/67573?type=amendment
Chronological list by year,1911,No. 6 of 1911,Rusts Road Tramway,amendment,67571,https://laws.gov.tt/ttdll-web/revision/download/67571?type=amendment
Chronological list by year,1911,No. 5 of 1911,Industrial Training,amendment,67569,https://laws.gov.tt/ttdll-web/revision/download/67569?type=amendment
Chronological list by year,1911,No. 4 of 1911,Couva Water Supply,amendment,67567,https://laws.gov.tt/ttdll-web/revision/download/67567?type=amendment
Chronological list by year,1911,No. 3 of 1911,Criminal Procedure,amendment,67547,https://laws.gov.tt/ttdll-web/revision/download/67547?type=amendment
Chronological list by year,1911,No. 2 of 1911,Cutting of Trees (Notice to Electric Company),amendment,67549,https://laws.gov.tt/ttdll-web/revision/download/67549?type=amendment
Chronological list by year,1911,No. 1 of 1911,Supplementary Appropriation 1909�10,amendment,67543,https://laws.gov.tt/ttdll-web/revision/download/67543?type=amendment
Chronological list by year,1910,No. 25 of 1910,Wardens,amendment,67545,https://laws.gov.tt/ttdll-web/revision/download/67545?type=amendment
Chronological list by year,1910,No. 24 of 1910,Attachment of Debts,amendment,67555,https://laws.gov.tt/ttdll-web/revision/download/67555?type=amendment
Chronological list by year,1910,No. 23 of 1910,Spirits and Spirit Compounds,amendment,67557,https://laws.gov.tt/ttdll-web/revision/download/67557?type=amendment
Chronological list by year,1910,No. 22 of 1910,Public Officers Guarantee Fund,amendment,67551,https://laws.gov.tt/ttdll-web/revision/download/67551?type=amendment
Chronological list by year,1910,No. 21 of 1910,Trespass,amendment,32150,https://laws.gov.tt/ttdll-web/revision/download/32150?type=amendment
Chronological list by year,1910,No. 20 of 1910,Sunday Closing,amendment,67553,https://laws.gov.tt/ttdll-web/revision/download/67553?type=amendment
Chronological list by year,1910,No. 19 of 1910,Agricultural Tax 1911,amendment,67531,https://laws.gov.tt/ttdll-web/revision/download/67531?type=amendment
Chronological list by year,1910,No. 18 of 1910,Immigration Tax 1911,amendment,67533,https://laws.gov.tt/ttdll-web/revision/download/67533?type=amendment
Chronological list by year,1910,No. 17 of 1910,Quarantine,amendment,67527,https://laws.gov.tt/ttdll-web/revision/download/67527?type=amendment
Chronological list by year,1910,No. 16 of 1910,Sale of Procedure,amendment,67529,https://laws.gov.tt/ttdll-web/revision/download/67529?type=amendment
Chronological list by year,1910,No. 15 of 1910,Petroleum Pipe Lines,amendment,67539,https://laws.gov.tt/ttdll-web/revision/download/67539?type=amendment
Chronological list by year,1910,No. 14 of 1910,Port-of-Spain Town Board,amendment,67541,https://laws.gov.tt/ttdll-web/revision/download/67541?type=amendment
Chronological list by year,1910,No. 13 of 1910,Shop Assistants (hours),amendment,67535,https://laws.gov.tt/ttdll-web/revision/download/67535?type=amendment
Chronological list by year,1910,No. 12 of 1910,Jury,amendment,67537,https://laws.gov.tt/ttdll-web/revision/download/67537?type=amendment
Chronological list by year,1910,No. 11 of 1910,"Arima Loan (�2,500)",amendment,67513,https://laws.gov.tt/ttdll-web/revision/download/67513?type=amendment
Chronological list by year,1910,No. 10 of 1910,Customs Duties,amendment,67511,https://laws.gov.tt/ttdll-web/revision/download/67511?type=amendment
Chronological list by year,1910,No. 9 of 1910,Public Works Loan,amendment,67517,https://laws.gov.tt/ttdll-web/revision/download/67517?type=amendment
Chronological list by year,1910,No. 8 of 1910,Tobago Ordinance Lands,amendment,67515,https://laws.gov.tt/ttdll-web/revision/download/67515?type=amendment
Chronological list by year,1910,No. 7 of 1910,Interpretation,amendment,67521,https://laws.gov.tt/ttdll-web/revision/download/67521?type=amendment
Chronological list by year,1910,No. 6 of 1910,Agricultural Fires,amendment,67519,https://laws.gov.tt/ttdll-web/revision/download/67519?type=amendment
Chronological list by year,1910,No. 5 of 1910,Census 1911,amendment,67525,https://laws.gov.tt/ttdll-web/revision/download/67525?type=amendment
Chronological list by year,1910,No. 4 of 1910,Annual Appropriation 1910�11,amendment,67523,https://laws.gov.tt/ttdll-web/revision/download/67523?type=amendment
Chronological list by year,1910,No. 3 of 1910,Oil Mining,amendment,67497,https://laws.gov.tt/ttdll-web/revision/download/67497?type=amendment
Chronological list by year,1910,No. 2 of 1910,Board of Agriculture,amendment,67495,https://laws.gov.tt/ttdll-web/revision/download/67495?type=amendment
Chronological list by year,1910,No. 1 of 1910,San Fernando Waterworks Loan,amendment,67501,https://laws.gov.tt/ttdll-web/revision/download/67501?type=amendment
Chronological list by year,1909,No. 37 of 1909,Mines,amendment,67499,https://laws.gov.tt/ttdll-web/revision/download/67499?type=amendment
Chronological list by year,1909,No. 36 of 1909,Immigration Tax 1910,amendment,67505,https://laws.gov.tt/ttdll-web/revision/download/67505?type=amendment
Chronological list by year,1909,No. 35 of 1909,Wireless Telegraphy,amendment,67503,https://laws.gov.tt/ttdll-web/revision/download/67503?type=amendment
Chronological list by year,1909,No. 34 of 1909,Agricultural Tax 1910,amendment,67509,https://laws.gov.tt/ttdll-web/revision/download/67509?type=amendment
Chronological list by year,1909,No. 33 of 1909,Supplementary Appropriation-1908-09,amendment,67507,https://laws.gov.tt/ttdll-web/revision/download/67507?type=amendment
Chronological list by year,1909,No. 32 of 1909,Trinidad and Tobago Post,amendment,33550,https://laws.gov.tt/ttdll-web/revision/download/33550?type=amendment
Chronological list by year,1909,No. 31 of 1909,Bankruptcy,amendment,67479,https://laws.gov.tt/ttdll-web/revision/download/67479?type=amendment
Chronological list by year,1909,No. 30 of 1909,Food and Drugs,amendment,67481,https://laws.gov.tt/ttdll-web/revision/download/67481?type=amendment
Chronological list by year,1909,No. 29 of 1909,Princes Building,amendment,67483,https://laws.gov.tt/ttdll-web/revision/download/67483?type=amendment
Chronological list by year,1909,No. 28 of 1909,Apportionment,amendment,67485,https://laws.gov.tt/ttdll-web/revision/download/67485?type=amendment
Chronological list by year,1909,No. 27 of 1909,Land Charges,amendment,67487,https://laws.gov.tt/ttdll-web/revision/download/67487?type=amendment
Chronological list by year,1909,No. 26 of 1909,Trinidad Government Railway Lands,amendment,67489,https://laws.gov.tt/ttdll-web/revision/download/67489?type=amendment
Chronological list by year,1909,No. 25 of 1909,Customs,amendment,67491,https://laws.gov.tt/ttdll-web/revision/download/67491?type=amendment
Chronological list by year,1909,No. 24 of 1909,Attachment of Debts,amendment,67493,https://laws.gov.tt/ttdll-web/revision/download/67493?type=amendment
Chronological list by year,1909,No. 23 of 1909,Criminal Procedure,amendment,67463,https://laws.gov.tt/ttdll-web/revision/download/67463?type=amendment
Chronological list by year,1909,No. 22 of 1909,Spirit Compounds,amendment,67465,https://laws.gov.tt/ttdll-web/revision/download/67465?type=amendment
Chronological list by year,1909,No. 21 of 1909,Bailiffs,amendment,67467,https://laws.gov.tt/ttdll-web/revision/download/67467?type=amendment
Chronological list by year,1909,No. 20 of 1909,Marriage,amendment,67469,https://laws.gov.tt/ttdll-web/revision/download/67469?type=amendment
Chronological list by year,1909,No. 19 of 1909,Estate Duty,amendment,67471,https://laws.gov.tt/ttdll-web/revision/download/67471?type=amendment
Chronological list by year,1909,No. 18 of 1909,Customs Duties,amendment,67473,https://laws.gov.tt/ttdll-web/revision/download/67473?type=amendment
Chronological list by year,1909,No. 17 of 1909,Trinidad Consolidated Telephone Limited,amendment,67475,https://laws.gov.tt/ttdll-web/revision/download/67475?type=amendment
Chronological list by year,1909,No. 16 of 1909,Board of Agriculture,amendment,67477,https://laws.gov.tt/ttdll-web/revision/download/67477?type=amendment
Chronological list by year,1909,No. 15 of 1909,Petroleum (drawback),amendment,67919,https://laws.gov.tt/ttdll-web/revision/download/67919?type=amendment
Chronological list by year,1909,No. 14 of 1909,Petroleum,amendment,67921,https://laws.gov.tt/ttdll-web/revision/download/67921?type=amendment
Chronological list by year,1909,No. 13 of 1909,Secondary Education,amendment,67923,https://laws.gov.tt/ttdll-web/revision/download/67923?type=amendment
Chronological list by year,1909,No. 12 of 1909,Quarantine,amendment,67925,https://laws.gov.tt/ttdll-web/revision/download/67925?type=amendment
Chronological list by year,1909,No. 11 of 1909,Annual Appropriation 1909–10,amendment,67911,https://laws.gov.tt/ttdll-web/revision/download/67911?type=amendment
Chronological list by year,1909,No. 10 of 1909,Recreation Grounds and Pastures,amendment,67913,https://laws.gov.tt/ttdll-web/revision/download/67913?type=amendment
Chronological list by year,1909,No. 9 of 1909,Firearms,amendment,67915,https://laws.gov.tt/ttdll-web/revision/download/67915?type=amendment
Chronological list by year,1909,No. 8 of 1909,Sale of Produce,amendment,67917,https://laws.gov.tt/ttdll-web/revision/download/67917?type=amendment
Chronological list by year,1909,No. 7 of 1909,Sunday Closing,amendment,67935,https://laws.gov.tt/ttdll-web/revision/download/67935?type=amendment
Chronological list by year,1909,No. 6 of 1909,Elementary Education,amendment,67937,https://laws.gov.tt/ttdll-web/revision/download/67937?type=amendment
Chronological list by year,1909,No. 5 of 1909,Criminal Procedure,amendment,67939,https://laws.gov.tt/ttdll-web/revision/download/67939?type=amendment
Chronological list by year,1909,No. 4 of 1909,Steam Boilers,amendment,67941,https://laws.gov.tt/ttdll-web/revision/download/67941?type=amendment
Chronological list by year,1909,No. 3 of 1909,Immigration,amendment,67927,https://laws.gov.tt/ttdll-web/revision/download/67927?type=amendment
Chronological list by year,1909,No. 2 of 1909,Yaws,amendment,67929,https://laws.gov.tt/ttdll-web/revision/download/67929?type=amendment
Chronological list by year,1909,No. 1 of 1909,Fertilizers and Feeding Stuffs,amendment,67931,https://laws.gov.tt/ttdll-web/revision/download/67931?type=amendment
Chronological list by year,1908,No. 50 of 1908,Married Women's Property,amendment,67933,https://laws.gov.tt/ttdll-web/revision/download/67933?type=amendment
Chronological list by year,1908,No. 49 of 1908,Real Property,amendment,67953,https://laws.gov.tt/ttdll-web/revision/download/67953?type=amendment
Chronological list by year,1908,No. 48 of 1908,Agricultural Tax 1909,amendment,67951,https://laws.gov.tt/ttdll-web/revision/download/67951?type=amendment
Chronological list by year,1908,No. 47 of 1908,Stamp Duty,amendment,67957,https://laws.gov.tt/ttdll-web/revision/download/67957?type=amendment
Chronological list by year,1908,No. 46 of 1908,Industrial Schools,amendment,67955,https://laws.gov.tt/ttdll-web/revision/download/67955?type=amendment
Chronological list by year,1908,No. 45 of 1908,Extinguishment of certain rights of way and user at South Quay,amendment,67945,https://laws.gov.tt/ttdll-web/revision/download/67945?type=amendment
Chronological list by year,1908,No. 44 of 1908,Supplementary Appropriation 1907�8,amendment,67943,https://laws.gov.tt/ttdll-web/revision/download/67943?type=amendment
Chronological list by year,1908,No. 43 of 1908,Immigration Tax 1909,amendment,67949,https://laws.gov.tt/ttdll-web/revision/download/67949?type=amendment
Chronological list by year,1908,No. 42 of 1908,Pensions,amendment,67947,https://laws.gov.tt/ttdll-web/revision/download/67947?type=amendment
Chronological list by year,1908,No. 41 of 1908,"Appointment-Q. H. Spicer-Sub-Registrar, San Fernando",amendment,67969,https://laws.gov.tt/ttdll-web/revision/download/67969?type=amendment
Chronological list by year,1908,No. 40 of 1908,Travelling Allowances,amendment,31536,https://laws.gov.tt/ttdll-web/revision/download/31536?type=amendment
Chronological list by year,1908,No. 39 of 1908,Telephones,amendment,67967,https://laws.gov.tt/ttdll-web/revision/download/67967?type=amendment
Chronological list by year,1908,No. 38 of 1908,Roads,amendment,67973,https://laws.gov.tt/ttdll-web/revision/download/67973?type=amendment
Chronological list by year,1908,No. 37 of 1908,Married Women's Deeds,amendment,67971,https://laws.gov.tt/ttdll-web/revision/download/67971?type=amendment
Chronological list by year,1908,No. 36 of 1908,Registration of Deeds,amendment,28903,https://laws.gov.tt/ttdll-web/revision/download/28903?type=amendment
Chronological list by year,1908,No. 35 of 1908,Board of Agriculture,amendment,67961,https://laws.gov.tt/ttdll-web/revision/download/67961?type=amendment
Chronological list by year,1908,No. 34 of 1908,Agricultural Tax 1908,amendment,67959,https://laws.gov.tt/ttdll-web/revision/download/67959?type=amendment
Chronological list by year,1908,No. 33 of 1908,Public Health,amendment,67965,https://laws.gov.tt/ttdll-web/revision/download/67965?type=amendment
Chronological list by year,1908,No. 32 of 1908,Port-of-Spain-Signboards,amendment,67963,https://laws.gov.tt/ttdll-web/revision/download/67963?type=amendment
Chronological list by year,1908,No. 31 of 1908,Petroleum,amendment,67859,https://laws.gov.tt/ttdll-web/revision/download/67859?type=amendment
Chronological list by year,1908,No. 30 of 1908,Customs Duties,amendment,67861,https://laws.gov.tt/ttdll-web/revision/download/67861?type=amendment
Chronological list by year,1908,No. 29 of 1908,Remedies of Creditors,amendment,28743,https://laws.gov.tt/ttdll-web/revision/download/28743?type=amendment
Chronological list by year,1908,No. 28 of 1908,Stamp Duties,amendment,67855,https://laws.gov.tt/ttdll-web/revision/download/67855?type=amendment
Chronological list by year,1908,No. 27 of 1908,Mongoose,amendment,67857,https://laws.gov.tt/ttdll-web/revision/download/67857?type=amendment
Chronological list by year,1908,No. 26 of 1908,Port-of-Spain House Tax,amendment,67851,https://laws.gov.tt/ttdll-web/revision/download/67851?type=amendment
Chronological list by year,1908,No. 25 of 1908,Estate Duty,amendment,67853,https://laws.gov.tt/ttdll-web/revision/download/67853?type=amendment
Chronological list by year,1908,No. 24 of 1908,Malicious injury to Property,amendment,67847,https://laws.gov.tt/ttdll-web/revision/download/67847?type=amendment
Chronological list by year,1908,No. 23 of 1908,Stamp Duty,amendment,44645,https://laws.gov.tt/ttdll-web/revision/download/44645?type=amendment
Chronological list by year,1908,No. 22 of 1908,Commissioners of Affidavits,amendment,67849,https://laws.gov.tt/ttdll-web/revision/download/67849?type=amendment
Chronological list by year,1908,No. 21 of 1908,Quarantine,amendment,67875,https://laws.gov.tt/ttdll-web/revision/download/67875?type=amendment
Chronological list by year,1908,No. 20 of 1908,Annual Appropriation 1908�09,amendment,67877,https://laws.gov.tt/ttdll-web/revision/download/67877?type=amendment
Chronological list by year,1908,No. 19 of 1908,Public Works Loan,amendment,67871,https://laws.gov.tt/ttdll-web/revision/download/67871?type=amendment
Chronological list by year,1908,No. 18 of 1908,Loans and Inscribed Stock,amendment,67873,https://laws.gov.tt/ttdll-web/revision/download/67873?type=amendment
Chronological list by year,1908,No. 17 of 1908,Governor,amendment,67867,https://laws.gov.tt/ttdll-web/revision/download/67867?type=amendment
Chronological list by year,1908,No. 16 of 1908,Constabulary,amendment,67869,https://laws.gov.tt/ttdll-web/revision/download/67869?type=amendment
Chronological list by year,1908,No. 15 of 1908,Immigration,amendment,67863,https://laws.gov.tt/ttdll-web/revision/download/67863?type=amendment
Chronological list by year,1908,No. 14 of 1908,Indictable Offences Procedure,amendment,67865,https://laws.gov.tt/ttdll-web/revision/download/67865?type=amendment
Chronological list by year,1908,No. 13 of 1908,Debtors,amendment,67893,https://laws.gov.tt/ttdll-web/revision/download/67893?type=amendment
Chronological list by year,1908,No. 12 of 1908,,amendment,4056,https://laws.gov.tt/ttdll-web/revision/download/4056?type=amendment
Chronological list by year,1908,No. 11 of 1908,Liquor Licences,amendment,19455,https://laws.gov.tt/ttdll-web/revision/download/19455?type=amendment
Chronological list by year,1908,No. 10 of 1908,Spirits and Spirit Compounds,amendment,67891,https://laws.gov.tt/ttdll-web/revision/download/67891?type=amendment
Chronological list by year,1908,No. 9 of 1908,Enactments omitted from 1905 Revised Edition,amendment,67889,https://laws.gov.tt/ttdll-web/revision/download/67889?type=amendment
Chronological list by year,1908,No. 8 of 1908,Harbour Dues,amendment,67887,https://laws.gov.tt/ttdll-web/revision/download/67887?type=amendment
Chronological list by year,1908,No. 7 of 1908,Repeal of certain enactments,amendment,67885,https://laws.gov.tt/ttdll-web/revision/download/67885?type=amendment
Chronological list by year,1908,No. 6 of 1908,Prisons,amendment,28112,https://laws.gov.tt/ttdll-web/revision/download/28112?type=amendment
Chronological list by year,1908,No. 5 of 1908,Agricultural Fires,amendment,67883,https://laws.gov.tt/ttdll-web/revision/download/67883?type=amendment
Chronological list by year,1908,No. 4 of 1908,Criminal Procedure,amendment,67881,https://laws.gov.tt/ttdll-web/revision/download/67881?type=amendment
Chronological list by year,1908,No. 3 of 1908,Supplementary Appropriation 1906�07,amendment,67879,https://laws.gov.tt/ttdll-web/revision/download/67879?type=amendment
Chronological list by year,1908,No. 2 of 1908,Explosives,amendment,67909,https://laws.gov.tt/ttdll-web/revision/download/67909?type=amendment
Chronological list by year,1908,No. 1 of 1908,Interpretation,amendment,67907,https://laws.gov.tt/ttdll-web/revision/download/67907?type=amendment
Chronological list by year,1907,No. 38 of 1907,Emigration Officers-Pensions,amendment,67905,https://laws.gov.tt/ttdll-web/revision/download/67905?type=amendment
Chronological list by year,1907,No. 37 of 1907,Pensions,amendment,67903,https://laws.gov.tt/ttdll-web/revision/download/67903?type=amendment
Chronological list by year,1907,No. 36 of 1907,Summary Conviction Offences-Procedure,amendment,67901,https://laws.gov.tt/ttdll-web/revision/download/67901?type=amendment
Chronological list by year,1907,No. 35 of 1907,Petty Civil Courts,amendment,67899,https://laws.gov.tt/ttdll-web/revision/download/67899?type=amendment
Chronological list by year,1907,No. 34 of 1907,Bankruptcy,amendment,67897,https://laws.gov.tt/ttdll-web/revision/download/67897?type=amendment
Chronological list by year,1907,No. 33 of 1907,Public Health,amendment,67895,https://laws.gov.tt/ttdll-web/revision/download/67895?type=amendment
Chronological list by year,1907,No. 32 of 1907,Pilots,amendment,67783,https://laws.gov.tt/ttdll-web/revision/download/67783?type=amendment
Chronological list by year,1907,No. 31 of 1907,,amendment,3894,https://laws.gov.tt/ttdll-web/revision/download/3894?type=amendment
Chronological list by year,1907,No. 30 of 1907,Locust Destruction,amendment,67785,https://laws.gov.tt/ttdll-web/revision/download/67785?type=amendment
Chronological list by year,1907,No. 29 of 1907,Wills and Probate,amendment,67787,https://laws.gov.tt/ttdll-web/revision/download/67787?type=amendment
Chronological list by year,1907,No. 28 of 1907,Immigration Tax 1908,amendment,67789,https://laws.gov.tt/ttdll-web/revision/download/67789?type=amendment
Chronological list by year,1907,No. 27 of 1907,Western Cemetery,amendment,67791,https://laws.gov.tt/ttdll-web/revision/download/67791?type=amendment
Chronological list by year,1907,No. 26 of 1907,Weights and Measures,amendment,67793,https://laws.gov.tt/ttdll-web/revision/download/67793?type=amendment
Chronological list by year,1907,No. 25 of 1907,Criminal Procedure,amendment,67795,https://laws.gov.tt/ttdll-web/revision/download/67795?type=amendment
Chronological list by year,1907,No. 24 of 1907,Wardens,amendment,67797,https://laws.gov.tt/ttdll-web/revision/download/67797?type=amendment
Chronological list by year,1907,No. 23 of 1907,Companies Incorporated Abroad,amendment,67799,https://laws.gov.tt/ttdll-web/revision/download/67799?type=amendment
Chronological list by year,1907,No. 22 of 1907,Asima House Rate,amendment,67801,https://laws.gov.tt/ttdll-web/revision/download/67801?type=amendment
Chronological list by year,1907,No. 21 of 1907,Dog Licences,amendment,67803,https://laws.gov.tt/ttdll-web/revision/download/67803?type=amendment
Chronological list by year,1907,No. 20 of 1907,Belmont Improvement Rate,amendment,67805,https://laws.gov.tt/ttdll-web/revision/download/67805?type=amendment
Chronological list by year,1907,No. 19 of 1907,Port-of-Spain Town Board,amendment,67807,https://laws.gov.tt/ttdll-web/revision/download/67807?type=amendment
Chronological list by year,1907,No. 18 of 1907,Public Works Loan,amendment,67809,https://laws.gov.tt/ttdll-web/revision/download/67809?type=amendment
Chronological list by year,1907,No. 17 of 1907,Port-of-Spain Sewerage,amendment,67811,https://laws.gov.tt/ttdll-web/revision/download/67811?type=amendment
Chronological list by year,1907,No. 16 of 1907,"San Fernando and Arima-Hucksters, Porter, Carters",amendment,67813,https://laws.gov.tt/ttdll-web/revision/download/67813?type=amendment
Chronological list by year,1907,No. 15 of 1907,Explosives,amendment,67817,https://laws.gov.tt/ttdll-web/revision/download/67817?type=amendment
Chronological list by year,1907,No. 14 of 1907,Arima Markets,amendment,67815,https://laws.gov.tt/ttdll-web/revision/download/67815?type=amendment
Chronological list by year,1907,No. 13 of 1907,"Mines, Borings, Quarries",amendment,67821,https://laws.gov.tt/ttdll-web/revision/download/67821?type=amendment
Chronological list by year,1907,No. 12 of 1907,Annual Appropriation 1907�8,amendment,67819,https://laws.gov.tt/ttdll-web/revision/download/67819?type=amendment
Chronological list by year,1907,No. 11 of 1907,Coroners,amendment,67825,https://laws.gov.tt/ttdll-web/revision/download/67825?type=amendment
Chronological list by year,1907,No. 10 of 1907,Summary Conviction (Offences),amendment,67823,https://laws.gov.tt/ttdll-web/revision/download/67823?type=amendment
Chronological list by year,1907,No. 9 of 1907,San Fernando Markets,amendment,67829,https://laws.gov.tt/ttdll-web/revision/download/67829?type=amendment
Chronological list by year,1907,No. 8 of 1907,Bankruptcy,amendment,67827,https://laws.gov.tt/ttdll-web/revision/download/67827?type=amendment
Chronological list by year,1907,No. 7 of 1907,Copyright,amendment,67833,https://laws.gov.tt/ttdll-web/revision/download/67833?type=amendment
Chronological list by year,1907,No. 6 of 1907,Immigration Tax 1907,amendment,67831,https://laws.gov.tt/ttdll-web/revision/download/67831?type=amendment
Chronological list by year,1907,No. 5 of 1907,Port-of-Spain (Additional) House Tax repeal,amendment,67837,https://laws.gov.tt/ttdll-web/revision/download/67837?type=amendment
Chronological list by year,1907,No. 4 of 1907,Plant Protection,amendment,67835,https://laws.gov.tt/ttdll-web/revision/download/67835?type=amendment
Chronological list by year,1907,No. 3 of 1907,Land Charges arid Land Taxes,amendment,67841,https://laws.gov.tt/ttdll-web/revision/download/67841?type=amendment
Chronological list by year,1907,No. 2 of 1907,Loans and Inscribed Stocks,amendment,67839,https://laws.gov.tt/ttdll-web/revision/download/67839?type=amendment
Chronological list by year,1907,No. 1 of 1907,Married Womens Property,amendment,67845,https://laws.gov.tt/ttdll-web/revision/download/67845?type=amendment
Chronological list by year,1906,No. 30 of 1906,Immigration Tax-1907,amendment,67843,https://laws.gov.tt/ttdll-web/revision/download/67843?type=amendment
Chronological list by year,1906,No. 29 of 1906,Supplementary Appropriation-1905�6,amendment,67723,https://laws.gov.tt/ttdll-web/revision/download/67723?type=amendment
Chronological list by year,1906,No. 28 of 1906,Agricultural Society,amendment,67725,https://laws.gov.tt/ttdll-web/revision/download/67725?type=amendment
Chronological list by year,1906,No. 27 of 1906,Confirmation of certain proceedings-Board of Education,amendment,67719,https://laws.gov.tt/ttdll-web/revision/download/67719?type=amendment
Chronological list by year,1906,No. 26 of 1906,Summary Conviction Offences-(Procedure),amendment,67721,https://laws.gov.tt/ttdll-web/revision/download/67721?type=amendment
Chronological list by year,1906,No. 25 of 1906,Solicitors,amendment,67731,https://laws.gov.tt/ttdll-web/revision/download/67731?type=amendment
Chronological list by year,1906,No. 24 of 1906,Port-of-Spain Waterworks,amendment,67733,https://laws.gov.tt/ttdll-web/revision/download/67733?type=amendment
Chronological list by year,1906,No. 23 of 1906,Industrial Schools,amendment,67727,https://laws.gov.tt/ttdll-web/revision/download/67727?type=amendment
Chronological list by year,1906,No. 22 of 1906,Balata Gum,amendment,67729,https://laws.gov.tt/ttdll-web/revision/download/67729?type=amendment
Chronological list by year,1906,No. 21 of 1906,Traffic Regulation,amendment,67739,https://laws.gov.tt/ttdll-web/revision/download/67739?type=amendment
Chronological list by year,1906,No. 20 of 1906,Floating Dock,amendment,67741,https://laws.gov.tt/ttdll-web/revision/download/67741?type=amendment
Chronological list by year,1906,No. 19 of 1906,Agricultural Produce (Advances),amendment,67735,https://laws.gov.tt/ttdll-web/revision/download/67735?type=amendment
Chronological list by year,1906,No. 18 of 1906,Importation of Food,amendment,67737,https://laws.gov.tt/ttdll-web/revision/download/67737?type=amendment
Chronological list by year,1906,No. 17 of 1906,Fire Brigades,amendment,67747,https://laws.gov.tt/ttdll-web/revision/download/67747?type=amendment
Chronological list by year,1906,No. 16 of 1906,Firearms,amendment,67749,https://laws.gov.tt/ttdll-web/revision/download/67749?type=amendment
Chronological list by year,1906,No. 15 of 1906,Jury,amendment,67743,https://laws.gov.tt/ttdll-web/revision/download/67743?type=amendment
Chronological list by year,1906,No. 14 of 1906,Industrial Training,amendment,67745,https://laws.gov.tt/ttdll-web/revision/download/67745?type=amendment
Chronological list by year,1906,No. 13 of 1906,Arima House Rate,amendment,67757,https://laws.gov.tt/ttdll-web/revision/download/67757?type=amendment
Chronological list by year,1906,No. 12 of 1906,Port-of-Spain Markets,amendment,67755,https://laws.gov.tt/ttdll-web/revision/download/67755?type=amendment
Chronological list by year,1906,No. 11 of 1906,Supplemental Constabulary,amendment,67753,https://laws.gov.tt/ttdll-web/revision/download/67753?type=amendment
Chronological list by year,1906,No. 10 of 1906,Asphalt Industry Regulation,amendment,67751,https://laws.gov.tt/ttdll-web/revision/download/67751?type=amendment
Chronological list by year,1906,No. 9 of 1906,Public Officers Guarantee Fund,amendment,67765,https://laws.gov.tt/ttdll-web/revision/download/67765?type=amendment
Chronological list by year,1906,No. 8 of 1906,Yaws,amendment,67763,https://laws.gov.tt/ttdll-web/revision/download/67763?type=amendment
Chronological list by year,1906,No. 7 of 1906,Customs,amendment,67761,https://laws.gov.tt/ttdll-web/revision/download/67761?type=amendment
Chronological list by year,1906,No. 6 of 1906,Repeal of No. 305-(Medical Aid Tobago),amendment,67759,https://laws.gov.tt/ttdll-web/revision/download/67759?type=amendment
Chronological list by year,1906,No. 5 of 1906,Savings Banks,amendment,67773,https://laws.gov.tt/ttdll-web/revision/download/67773?type=amendment
Chronological list by year,1906,No. 4 of 1906,Annual Appropriation 1906�07,amendment,67771,https://laws.gov.tt/ttdll-web/revision/download/67771?type=amendment
Chronological list by year,1906,No. 3 of 1906,Commercial Telephone Company,amendment,67769,https://laws.gov.tt/ttdll-web/revision/download/67769?type=amendment
Chronological list by year,1906,No. 2 of 1906,Elementary Education,amendment,67767,https://laws.gov.tt/ttdll-web/revision/download/67767?type=amendment
Chronological list by year,1906,No. 1 of 1906,District Waterworks,amendment,67781,https://laws.gov.tt/ttdll-web/revision/download/67781?type=amendment
Chronological list by year,1905,No. 38 of 1905,Immigration Tax-1906,amendment,67779,https://laws.gov.tt/ttdll-web/revision/download/67779?type=amendment
Chronological list by year,1905,No. 37 of 1905,Balata Gum,amendment,67777,https://laws.gov.tt/ttdll-web/revision/download/67777?type=amendment
Chronological list by year,1905,No. 36 of 1905,Bake Houses,amendment,67775,https://laws.gov.tt/ttdll-web/revision/download/67775?type=amendment
Chronological list by year,1905,No. 35 of 1905,Patents and Designs,amendment,25227,https://laws.gov.tt/ttdll-web/revision/download/25227?type=amendment
Chronological list by year,1905,No. 34 of 1905,Supplemental Appropriation-1904�5,amendment,68193,https://laws.gov.tt/ttdll-web/revision/download/68193?type=amendment
Chronological list by year,1905,No. 33 of 1905,Port-of-Spain Waterworks,amendment,68191,https://laws.gov.tt/ttdll-web/revision/download/68191?type=amendment
Chronological list by year,1905,No. 32 of 1905,Port-of-Spain Sewerage,amendment,68197,https://laws.gov.tt/ttdll-web/revision/download/68197?type=amendment
Chronological list by year,1905,No. 31 of 1905,Contagious Diseases (Animals),amendment,68195,https://laws.gov.tt/ttdll-web/revision/download/68195?type=amendment
Chronological list by year,1905,No. 30 of 1905,Country Markets,amendment,68185,https://laws.gov.tt/ttdll-web/revision/download/68185?type=amendment
Chronological list by year,1905,No. 29 of 1905,Pensions,amendment,68183,https://laws.gov.tt/ttdll-web/revision/download/68183?type=amendment
Chronological list by year,1905,No. 28 of 1905,Food and Drugs (standards),amendment,68189,https://laws.gov.tt/ttdll-web/revision/download/68189?type=amendment
Chronological list by year,1905,No. 27 of 1905,Justices of the Peace,amendment,68187,https://laws.gov.tt/ttdll-web/revision/download/68187?type=amendment
Chronological list by year,1905,No. 26 of 1905,Constabulary,amendment,68177,https://laws.gov.tt/ttdll-web/revision/download/68177?type=amendment
Chronological list by year,1905,No. 25 of 1905,Roads,amendment,68175,https://laws.gov.tt/ttdll-web/revision/download/68175?type=amendment
Chronological list by year,1905,No. 24 of 1905,Obscene Publications,amendment,68181,https://laws.gov.tt/ttdll-web/revision/download/68181?type=amendment
Chronological list by year,1905,No. 23 of 1905,Evidence,amendment,5607,https://laws.gov.tt/ttdll-web/revision/download/5607?type=amendment
Chronological list by year,1905,No. 22 of 1905,Immigration,amendment,68179,https://laws.gov.tt/ttdll-web/revision/download/68179?type=amendment
Chronological list by year,1905,No. 21 of 1905,Deputy Registrar General,amendment,68169,https://laws.gov.tt/ttdll-web/revision/download/68169?type=amendment
Chronological list by year,1905,No. 20 of 1905,Quarantine,amendment,68167,https://laws.gov.tt/ttdll-web/revision/download/68167?type=amendment
Chronological list by year,1905,No. 19 of 1905,Railways,amendment,68173,https://laws.gov.tt/ttdll-web/revision/download/68173?type=amendment
Chronological list by year,1905,No. 18 of 1905,La Brea Survey,amendment,68171,https://laws.gov.tt/ttdll-web/revision/download/68171?type=amendment
Chronological list by year,1905,No. 17 of 1905,Public Service Widows and Orphans Fund,amendment,68223,https://laws.gov.tt/ttdll-web/revision/download/68223?type=amendment
Chronological list by year,1905,No. 16 of 1905,Constabulary,amendment,68225,https://laws.gov.tt/ttdll-web/revision/download/68225?type=amendment
Chronological list by year,1905,No. 15 of 1905,Bake Houses,amendment,68227,https://laws.gov.tt/ttdll-web/revision/download/68227?type=amendment
Chronological list by year,1905,No. 14 of 1905,Petty Civil Courts,amendment,68229,https://laws.gov.tt/ttdll-web/revision/download/68229?type=amendment
Chronological list by year,1905,No. 13 of 1905,Patents and Designs,amendment,25223,https://laws.gov.tt/ttdll-web/revision/download/25223?type=amendment
Chronological list by year,1905,No. 12 of 1905,Savings Banks,amendment,68215,https://laws.gov.tt/ttdll-web/revision/download/68215?type=amendment
Chronological list by year,1905,No. 11 of 1905,Geological Survey,amendment,68217,https://laws.gov.tt/ttdll-web/revision/download/68217?type=amendment
Chronological list by year,1905,No. 10 of 1905,Waiver of Crown Rights in certain cases,amendment,68219,https://laws.gov.tt/ttdll-web/revision/download/68219?type=amendment
Chronological list by year,1905,No. 9 of 1905,Court Deposits,amendment,6510,https://laws.gov.tt/ttdll-web/revision/download/6510?type=amendment
Chronological list by year,1905,No. 8 of 1905,District Waterworks,amendment,68221,https://laws.gov.tt/ttdll-web/revision/download/68221?type=amendment
Chronological list by year,1905,No. 7 of 1905,Local Forces,amendment,68207,https://laws.gov.tt/ttdll-web/revision/download/68207?type=amendment
Chronological list by year,1905,No. 6 of 1905,Port-of-Spain Market,amendment,68209,https://laws.gov.tt/ttdll-web/revision/download/68209?type=amendment
Chronological list by year,1905,No. 5 of 1905,Annual Appropriation 1905 � 6,amendment,68211,https://laws.gov.tt/ttdll-web/revision/download/68211?type=amendment
Chronological list by year,1905,No. 4 of 1905,Government Currency Notes,amendment,68213,https://laws.gov.tt/ttdll-web/revision/download/68213?type=amendment
Chronological list by year,1905,No. 3 of 1905,Fire Insurance Company,amendment,68199,https://laws.gov.tt/ttdll-web/revision/download/68199?type=amendment
Chronological list by year,1905,No. 2 of 1905,Summary Conviction Offences (Procedure),amendment,68201,https://laws.gov.tt/ttdll-web/revision/download/68201?type=amendment
Chronological list by year,1905,No. 1 of 1905,Stamp Duties,amendment,68203,https://laws.gov.tt/ttdll-web/revision/download/68203?type=amendment
Chronological list by year,1904,No. 27 of 1904,Immigration Fund 1905,amendment,68205,https://laws.gov.tt/ttdll-web/revision/download/68205?type=amendment
Chronological list by year,1904,No. 26 of 1904,Petty Civil Courts amending,amendment,68133,https://laws.gov.tt/ttdll-web/revision/download/68133?type=amendment
Chronological list by year,1904,No. 25 of 1904,Imperial Postal Orders,amendment,68131,https://laws.gov.tt/ttdll-web/revision/download/68131?type=amendment
Chronological list by year,1904,No. 24 of 1904,Foreign Marriages,amendment,68129,https://laws.gov.tt/ttdll-web/revision/download/68129?type=amendment
Chronological list by year,1904,No. 23 of 1904,Arima House Rate,amendment,68127,https://laws.gov.tt/ttdll-web/revision/download/68127?type=amendment
Chronological list by year,1904,No. 22 of 1904,Roads,amendment,68125,https://laws.gov.tt/ttdll-web/revision/download/68125?type=amendment
Chronological list by year,1904,No. 21 of 1904,Port-of-Spain House Tax explanatory,amendment,68123,https://laws.gov.tt/ttdll-web/revision/download/68123?type=amendment
Chronological list by year,1904,No. 20 of 1904,Crown Grants and Leases (re-issue),amendment,68121,https://laws.gov.tt/ttdll-web/revision/download/68121?type=amendment
Chronological list by year,1904,No. 19 of 1904,Cold Stores,amendment,68119,https://laws.gov.tt/ttdll-web/revision/download/68119?type=amendment
Chronological list by year,1904,No. 18 of 1904,Supplementary Appropriation,amendment,68117,https://laws.gov.tt/ttdll-web/revision/download/68117?type=amendment
Chronological list by year,1904,No. 17 of 1904,Repealing certain Ordinances,amendment,68115,https://laws.gov.tt/ttdll-web/revision/download/68115?type=amendment
Chronological list by year,1904,No. 16 of 1904,Authorizing Registrar General to register certain marriages,amendment,68113,https://laws.gov.tt/ttdll-web/revision/download/68113?type=amendment
Chronological list by year,1904,No. 15 of 1904,Fire Brigades,amendment,68111,https://laws.gov.tt/ttdll-web/revision/download/68111?type=amendment
Chronological list by year,1904,No. 14 of 1904,Sewerage,amendment,68109,https://laws.gov.tt/ttdll-web/revision/download/68109?type=amendment
Chronological list by year,1904,No. 13 of 1904,Port-of-Spain Waterworks,amendment,68107,https://laws.gov.tt/ttdll-web/revision/download/68107?type=amendment
Chronological list by year,1904,No. 12 of 1904,Old Metals and Marine Stores,amendment,68105,https://laws.gov.tt/ttdll-web/revision/download/68105?type=amendment
Chronological list by year,1904,No. 11 of 1904,Roads,amendment,68103,https://laws.gov.tt/ttdll-web/revision/download/68103?type=amendment
Chronological list by year,1904,No. 10 of 1904,Bush Fires,amendment,68163,https://laws.gov.tt/ttdll-web/revision/download/68163?type=amendment
Chronological list by year,1904,No. 9 of 1904,Importation of Dogs,amendment,68165,https://laws.gov.tt/ttdll-web/revision/download/68165?type=amendment
Chronological list by year,1904,No. 8 of 1904,Appropriation,amendment,68159,https://laws.gov.tt/ttdll-web/revision/download/68159?type=amendment
Chronological list by year,1904,No. 7 of 1904,District Court,amendment,68161,https://laws.gov.tt/ttdll-web/revision/download/68161?type=amendment
Chronological list by year,1904,No. 6 of 1904,Fire Insurance,amendment,68155,https://laws.gov.tt/ttdll-web/revision/download/68155?type=amendment
Chronological list by year,1904,No. 5 of 1904,Sewerage Rates,amendment,68157,https://laws.gov.tt/ttdll-web/revision/download/68157?type=amendment
Chronological list by year,1904,No. 4 of 1904,Port-of-Spain Additional House Rate,amendment,68151,https://laws.gov.tt/ttdll-web/revision/download/68151?type=amendment
Chronological list by year,1904,No. 3 of 1904,Dog Licenses,amendment,68153,https://laws.gov.tt/ttdll-web/revision/download/68153?type=amendment
Chronological list by year,1904,No. 2 of 1904,Crown Forest Produce,amendment,68147,https://laws.gov.tt/ttdll-web/revision/download/68147?type=amendment
Chronological list by year,1904,No. 1 of 1904,Royal Botanic Gardens,amendment,4054,https://laws.gov.tt/ttdll-web/revision/download/4054?type=amendment
Chronological list by year,1903,No. 16 of 1903,Government Currency Notes,amendment,68149,https://laws.gov.tt/ttdll-web/revision/download/68149?type=amendment
Chronological list by year,1903,No. 15 of 1903,Immigration Fund,amendment,68143,https://laws.gov.tt/ttdll-web/revision/download/68143?type=amendment
Chronological list by year,1903,No. 14 of 1903,Bank Notes,amendment,68145,https://laws.gov.tt/ttdll-web/revision/download/68145?type=amendment
Chronological list by year,1903,No. 13 of 1903,Supplementary Appropriation,amendment,68139,https://laws.gov.tt/ttdll-web/revision/download/68139?type=amendment
Chronological list by year,1903,No. 12 of 1903,Juries Explanatory,amendment,68141,https://laws.gov.tt/ttdll-web/revision/download/68141?type=amendment
Chronological list by year,1903,No. 11 of 1903,Wireless Telegraphy,amendment,68135,https://laws.gov.tt/ttdll-web/revision/download/68135?type=amendment
Chronological list by year,1903,No. 10 of 1903,Telephones,amendment,68137,https://laws.gov.tt/ttdll-web/revision/download/68137?type=amendment
Chronological list by year,1903,No. 9 of 1903,Beer Duties,amendment,68057,https://laws.gov.tt/ttdll-web/revision/download/68057?type=amendment
Chronological list by year,1903,No. 8 of 1903,Elementary Education,amendment,68055,https://laws.gov.tt/ttdll-web/revision/download/68055?type=amendment
Chronological list by year,1903,No. 7 of 1903,Streets Regulation,amendment,68061,https://laws.gov.tt/ttdll-web/revision/download/68061?type=amendment
Chronological list by year,1903,No. 6 of 1903,Postal Orders Inland,amendment,68059,https://laws.gov.tt/ttdll-web/revision/download/68059?type=amendment
Chronological list by year,1903,No. 5 of 1903,Appropriation,amendment,68065,https://laws.gov.tt/ttdll-web/revision/download/68065?type=amendment
Chronological list by year,1903,No. 4 of 1903,Tobago Vaccination,amendment,68063,https://laws.gov.tt/ttdll-web/revision/download/68063?type=amendment
Chronological list by year,1903,No. 3 of 1903,Importation of Animals,amendment,68069,https://laws.gov.tt/ttdll-web/revision/download/68069?type=amendment
Chronological list by year,1903,No. 2 of 1903,Cattle Disease,amendment,68067,https://laws.gov.tt/ttdll-web/revision/download/68067?type=amendment
Chronological list by year,1903,No. 1 of 1903,Education-(Scholarship),amendment,68041,https://laws.gov.tt/ttdll-web/revision/download/68041?type=amendment
Chronological list by year,1902,No. 35 of 1902,Corporal Punishment,amendment,68039,https://laws.gov.tt/ttdll-web/revision/download/68039?type=amendment
Chronological list by year,1902,No. 34 of 1902,Slaughter Houses,amendment,68045,https://laws.gov.tt/ttdll-web/revision/download/68045?type=amendment
Chronological list by year,1902,No. 33 of 1902,Immigration,amendment,68043,https://laws.gov.tt/ttdll-web/revision/download/68043?type=amendment
Chronological list by year,1902,No. 32 of 1902,Spirit Compounds and Duty on Rum,amendment,68049,https://laws.gov.tt/ttdll-web/revision/download/68049?type=amendment
Chronological list by year,1902,No. 31 of 1902,Passengers Vaccination,amendment,68047,https://laws.gov.tt/ttdll-web/revision/download/68047?type=amendment
Chronological list by year,1902,No. 30 of 1902,Immigration Fund,amendment,68053,https://laws.gov.tt/ttdll-web/revision/download/68053?type=amendment
Chronological list by year,1902,No. 29 of 1902,Supplementary Appropriation,amendment,68051,https://laws.gov.tt/ttdll-web/revision/download/68051?type=amendment
Chronological list by year,1902,No. 28 of 1902,Public Works Loan,amendment,68087,https://laws.gov.tt/ttdll-web/revision/download/68087?type=amendment
Chronological list by year,1902,No. 27 of 1902,Quarantine,amendment,68089,https://laws.gov.tt/ttdll-web/revision/download/68089?type=amendment
Chronological list by year,1902,No. 26 of 1902,Land Taxes Exemption,amendment,68091,https://laws.gov.tt/ttdll-web/revision/download/68091?type=amendment
Chronological list by year,1902,No. 25 of 1902,Oaths,amendment,68093,https://laws.gov.tt/ttdll-web/revision/download/68093?type=amendment
Chronological list by year,1902,No. 24 of 1902,Petroleum,amendment,68095,https://laws.gov.tt/ttdll-web/revision/download/68095?type=amendment
Chronological list by year,1902,No. 23 of 1902,Passengers Vaccination,amendment,68097,https://laws.gov.tt/ttdll-web/revision/download/68097?type=amendment
Chronological list by year,1902,No. 22 of 1902,Sugar Industry Relief,amendment,68099,https://laws.gov.tt/ttdll-web/revision/download/68099?type=amendment
Chronological list by year,1902,No. 21 of 1902,Public Works Loan,amendment,68101,https://laws.gov.tt/ttdll-web/revision/download/68101?type=amendment
Chronological list by year,1902,No. 20 of 1902,Agricultural Protection,amendment,68071,https://laws.gov.tt/ttdll-web/revision/download/68071?type=amendment
Chronological list by year,1902,No. 19 of 1902,Sugar Industry Relief,amendment,68073,https://laws.gov.tt/ttdll-web/revision/download/68073?type=amendment
Chronological list by year,1902,No. 18 of 1902,Police Credit,amendment,68075,https://laws.gov.tt/ttdll-web/revision/download/68075?type=amendment
Chronological list by year,1902,No. 17 of 1902,Sewerage,amendment,68077,https://laws.gov.tt/ttdll-web/revision/download/68077?type=amendment
Chronological list by year,1902,No. 16 of 1902,Port-of-Spain Streets,amendment,68079,https://laws.gov.tt/ttdll-web/revision/download/68079?type=amendment
Chronological list by year,1902,No. 15 of 1902,Sale of Milk,amendment,68081,https://laws.gov.tt/ttdll-web/revision/download/68081?type=amendment
Chronological list by year,1902,No. 14 of 1902,Cane Farmers,amendment,68083,https://laws.gov.tt/ttdll-web/revision/download/68083?type=amendment
Chronological list by year,1902,No. 13 of 1902,Commissioners of Affidavits,amendment,68085,https://laws.gov.tt/ttdll-web/revision/download/68085?type=amendment
Chronological list by year,1902,No. 12 of 1902,Corporal Punishment,amendment,67997,https://laws.gov.tt/ttdll-web/revision/download/67997?type=amendment
Chronological list by year,1902,No. 11 of 1902,Appropriation,amendment,67995,https://laws.gov.tt/ttdll-web/revision/download/67995?type=amendment
Chronological list by year,1902,No. 10 of 1902,Commencement of certain Ordinances,amendment,67993,https://laws.gov.tt/ttdll-web/revision/download/67993?type=amendment
Chronological list by year,1902,No. 9 of 1902,Administrator General,amendment,67991,https://laws.gov.tt/ttdll-web/revision/download/67991?type=amendment
Chronological list by year,1902,No. 8 of 1902,Distribution of Intestates estates,amendment,68005,https://laws.gov.tt/ttdll-web/revision/download/68005?type=amendment
Chronological list by year,1902,No. 7 of 1902,Devolution of Property,amendment,68003,https://laws.gov.tt/ttdll-web/revision/download/68003?type=amendment
Chronological list by year,1902,No. 6 of 1902,Wills and Probate,amendment,68001,https://laws.gov.tt/ttdll-web/revision/download/68001?type=amendment
Chronological list by year,1902,No. 5 of 1902,Diseased Animals,amendment,67999,https://laws.gov.tt/ttdll-web/revision/download/67999?type=amendment
Chronological list by year,1902,No. 4 of 1902,Education,amendment,67981,https://laws.gov.tt/ttdll-web/revision/download/67981?type=amendment
Chronological list by year,1902,No. 3 of 1902,Liquor Licences,amendment,19447,https://laws.gov.tt/ttdll-web/revision/download/19447?type=amendment
Chronological list by year,1902,No. 2 of 1902,Immigration,amendment,67979,https://laws.gov.tt/ttdll-web/revision/download/67979?type=amendment
Chronological list by year,1902,No. 1 of 1902,Court Deposits,amendment,67977,https://laws.gov.tt/ttdll-web/revision/download/67977?type=amendment
Chronological list by year,1901,No. 37 of 1901,Petty Civil Courts,amendment,67975,https://laws.gov.tt/ttdll-web/revision/download/67975?type=amendment
Chronological list by year,1901,No. 36 of 1901,Criminal Procedure (Magistrate),amendment,67989,https://laws.gov.tt/ttdll-web/revision/download/67989?type=amendment
Chronological list by year,1901,No. 35 of 1901,Trustee Investments,amendment,67987,https://laws.gov.tt/ttdll-web/revision/download/67987?type=amendment
Chronological list by year,1901,No. 34 of 1901,Immigration Fund,amendment,67985,https://laws.gov.tt/ttdll-web/revision/download/67985?type=amendment
Chronological list by year,1901,No. 33 of 1901,Yaws,amendment,67983,https://laws.gov.tt/ttdll-web/revision/download/67983?type=amendment
Chronological list by year,1901,No. 32 of 1901,Port-of-Spain-Street names and house numbers,amendment,68027,https://laws.gov.tt/ttdll-web/revision/download/68027?type=amendment
Chronological list by year,1901,No. 31 of 1901,Liquor Licences,amendment,19445,https://laws.gov.tt/ttdll-web/revision/download/19445?type=amendment
Chronological list by year,1901,No. 30 of 1901,Distress for Rent,amendment,68029,https://laws.gov.tt/ttdll-web/revision/download/68029?type=amendment
Chronological list by year,1901,No. 29 of 1901,Lepers,amendment,68023,https://laws.gov.tt/ttdll-web/revision/download/68023?type=amendment
Chronological list by year,1901,No. 28 of 1901,Repeal of 25 of 1872,amendment,68025,https://laws.gov.tt/ttdll-web/revision/download/68025?type=amendment
Chronological list by year,1901,No. 27 of 1901,Tobago Roads,amendment,68035,https://laws.gov.tt/ttdll-web/revision/download/68035?type=amendment
Chronological list by year,1901,No. 26 of 1901,Cascade Waterworks,amendment,68037,https://laws.gov.tt/ttdll-web/revision/download/68037?type=amendment
Chronological list by year,1901,No. 25 of 1901,Appropriation,amendment,68031,https://laws.gov.tt/ttdll-web/revision/download/68031?type=amendment
Chronological list by year,1901,No. 24 of 1901,Supplementary Appropriation,amendment,68033,https://laws.gov.tt/ttdll-web/revision/download/68033?type=amendment
Chronological list by year,1901,No. 23 of 1901,Sewerage,amendment,68011,https://laws.gov.tt/ttdll-web/revision/download/68011?type=amendment
Chronological list by year,1901,No. 22 of 1901,Education,amendment,68013,https://laws.gov.tt/ttdll-web/revision/download/68013?type=amendment
Chronological list by year,1901,No. 21 of 1901,Hackney Carriages (country),amendment,68007,https://laws.gov.tt/ttdll-web/revision/download/68007?type=amendment
Chronological list by year,1901,No. 20 of 1901,Companies (Branch Registers),amendment,68009,https://laws.gov.tt/ttdll-web/revision/download/68009?type=amendment
Chronological list by year,1901,No. 19 of 1901,Judicature,amendment,68019,https://laws.gov.tt/ttdll-web/revision/download/68019?type=amendment
Chronological list by year,1901,No. 18 of 1901,Lepers,amendment,68021,https://laws.gov.tt/ttdll-web/revision/download/68021?type=amendment
Chronological list by year,1901,No. 17 of 1901,Pensions,amendment,68015,https://laws.gov.tt/ttdll-web/revision/download/68015?type=amendment
Chronological list by year,1901,No. 16 of 1901,Juries,amendment,68017,https://laws.gov.tt/ttdll-web/revision/download/68017?type=amendment
Chronological list by year,1901,No. 15 of 1901,Municipal Corporations,amendment,66347,https://laws.gov.tt/ttdll-web/revision/download/66347?type=amendment
Chronological list by year,1901,No. 14 of 1901,Beer Duty,amendment,66349,https://laws.gov.tt/ttdll-web/revision/download/66349?type=amendment
Chronological list by year,1901,No. 13 of 1901,Customs Duties,amendment,66343,https://laws.gov.tt/ttdll-web/revision/download/66343?type=amendment
Chronological list by year,1901,No. 12 of 1901,Apportionment,amendment,66345,https://laws.gov.tt/ttdll-web/revision/download/66345?type=amendment
Chronological list by year,1901,No. 11 of 1901,"Loan of �110,000",amendment,66355,https://laws.gov.tt/ttdll-web/revision/download/66355?type=amendment
Chronological list by year,1901,No. 10 of 1901,Validating certain marriages,amendment,66357,https://laws.gov.tt/ttdll-web/revision/download/66357?type=amendment
Chronological list by year,1901,No. 9 of 1901,Harbour Dues,amendment,66351,https://laws.gov.tt/ttdll-web/revision/download/66351?type=amendment
Chronological list by year,1901,No. 8 of 1901,Appropriation,amendment,66353,https://laws.gov.tt/ttdll-web/revision/download/66353?type=amendment
Chronological list by year,1901,No. 7 of 1901,Law Revision,amendment,18389,https://laws.gov.tt/ttdll-web/revision/download/18389?type=amendment
Chronological list by year,1901,No. 6 of 1901,Education,amendment,66363,https://laws.gov.tt/ttdll-web/revision/download/66363?type=amendment
Chronological list by year,1901,No. 5 of 1901,Census,amendment,66365,https://laws.gov.tt/ttdll-web/revision/download/66365?type=amendment
Chronological list by year,1901,No. 4 of 1901,Electric Light and Tramway,amendment,66359,https://laws.gov.tt/ttdll-web/revision/download/66359?type=amendment
Chronological list by year,1901,No. 3 of 1901,Cruelty to animals,amendment,66361,https://laws.gov.tt/ttdll-web/revision/download/66361?type=amendment
Chronological list by year,1901,No. 2 of 1901,Immigration Fund,amendment,66371,https://laws.gov.tt/ttdll-web/revision/download/66371?type=amendment
Chronological list by year,1901,No. 1 of 1901,Legalizing certain export duties,amendment,66373,https://laws.gov.tt/ttdll-web/revision/download/66373?type=amendment
Chronological list by year,1900,No. 34 of 1900,Corporal Punishment,amendment,66367,https://laws.gov.tt/ttdll-web/revision/download/66367?type=amendment
Chronological list by year,1900,No. 33 of 1900,Tobago Licences,amendment,66369,https://laws.gov.tt/ttdll-web/revision/download/66369?type=amendment
Chronological list by year,1900,No. 32 of 1900,Sewerage Works,amendment,66317,https://laws.gov.tt/ttdll-web/revision/download/66317?type=amendment
Chronological list by year,1900,No. 31 of 1900,Public Accounts,amendment,66315,https://laws.gov.tt/ttdll-web/revision/download/66315?type=amendment
Chronological list by year,1900,No. 30 of 1900,Pensions,amendment,66313,https://laws.gov.tt/ttdll-web/revision/download/66313?type=amendment
Chronological list by year,1900,No. 29 of 1900,Savings Banks,amendment,66311,https://laws.gov.tt/ttdll-web/revision/download/66311?type=amendment
Chronological list by year,1900,No. 28 of 1900,Pounds,amendment,66325,https://laws.gov.tt/ttdll-web/revision/download/66325?type=amendment
Chronological list by year,1900,No. 27 of 1900,Prisons,amendment,66323,https://laws.gov.tt/ttdll-web/revision/download/66323?type=amendment
Chronological list by year,1900,No. 26 of 1900,Hackney Carriages (country),amendment,66321,https://laws.gov.tt/ttdll-web/revision/download/66321?type=amendment
Chronological list by year,1900,No. 25 of 1900,Widows and Orphans Fund,amendment,66319,https://laws.gov.tt/ttdll-web/revision/download/66319?type=amendment
Chronological list by year,1900,No. 24 of 1900,Supplementary Appropriation,amendment,66333,https://laws.gov.tt/ttdll-web/revision/download/66333?type=amendment
Chronological list by year,1900,No. 23 of 1900,Lunatics,amendment,66331,https://laws.gov.tt/ttdll-web/revision/download/66331?type=amendment
Chronological list by year,1900,No. 22 of 1900,Quarantine,amendment,66329,https://laws.gov.tt/ttdll-web/revision/download/66329?type=amendment
Chronological list by year,1900,No. 21 of 1900,Appointments of Judges,amendment,66327,https://laws.gov.tt/ttdll-web/revision/download/66327?type=amendment
Chronological list by year,1900,No. 20 of 1900,Vaccination,amendment,66341,https://laws.gov.tt/ttdll-web/revision/download/66341?type=amendment
Chronological list by year,1900,No. 19 of 1900,Customs,amendment,66339,https://laws.gov.tt/ttdll-web/revision/download/66339?type=amendment
Chronological list by year,1900,No. 18 of 1900,Local Forces,amendment,66337,https://laws.gov.tt/ttdll-web/revision/download/66337?type=amendment
Chronological list by year,1900,No. 17 of 1900,Agricultural Contracts,amendment,66335,https://laws.gov.tt/ttdll-web/revision/download/66335?type=amendment
Chronological list by year,1900,No. 16 of 1900,"Loan of �110,000",amendment,66407,https://laws.gov.tt/ttdll-web/revision/download/66407?type=amendment
Chronological list by year,1900,No. 15 of 1900,Public Library,amendment,66409,https://laws.gov.tt/ttdll-web/revision/download/66409?type=amendment
Chronological list by year,1900,No. 14 of 1900,Law Revision,amendment,18387,https://laws.gov.tt/ttdll-web/revision/download/18387?type=amendment
Chronological list by year,1900,No. 13 of 1900,Slaughter Houses,amendment,66411,https://laws.gov.tt/ttdll-web/revision/download/66411?type=amendment
Chronological list by year,1900,No. 12 of 1900,Port-of-Spain House Rates,amendment,66413,https://laws.gov.tt/ttdll-web/revision/download/66413?type=amendment
Chronological list by year,1900,No. 11 of 1900,Port-of-Spain Streets,amendment,66415,https://laws.gov.tt/ttdll-web/revision/download/66415?type=amendment
Chronological list by year,1900,No. 10 of 1900,Patents Designs and Trade Marks,amendment,66417,https://laws.gov.tt/ttdll-web/revision/download/66417?type=amendment
Chronological list by year,1900,No. 9 of 1900,Harbour Dues,amendment,66419,https://laws.gov.tt/ttdll-web/revision/download/66419?type=amendment
Chronological list by year,1900,No. 8 of 1900,Port-of-Spain Water Rates,amendment,66421,https://laws.gov.tt/ttdll-web/revision/download/66421?type=amendment
Chronological list by year,1900,No. 7 of 1900,Royal College Rules,amendment,66423,https://laws.gov.tt/ttdll-web/revision/download/66423?type=amendment
Chronological list by year,1900,No. 6 of 1900,Public Health,amendment,66425,https://laws.gov.tt/ttdll-web/revision/download/66425?type=amendment
Chronological list by year,1900,No. 5 of 1900,Tobago Deeds,amendment,66427,https://laws.gov.tt/ttdll-web/revision/download/66427?type=amendment
Chronological list by year,1900,No. 4 of 1900,Foreign Labour Contracts,amendment,66429,https://laws.gov.tt/ttdll-web/revision/download/66429?type=amendment
Chronological list by year,1900,No. 3 of 1900,Census,amendment,66431,https://laws.gov.tt/ttdll-web/revision/download/66431?type=amendment
Chronological list by year,1900,No. 2 of 1900,Customs,amendment,66433,https://laws.gov.tt/ttdll-web/revision/download/66433?type=amendment
Chronological list by year,1900,No. 1 of 1900,liquor Licenses,amendment,19443,https://laws.gov.tt/ttdll-web/revision/download/19443?type=amendment
Chronological list by year,1899,No. 31 of 1899,Immigration Fund,amendment,66435,https://laws.gov.tt/ttdll-web/revision/download/66435?type=amendment
Chronological list by year,1899,No. 30 of 1899,Appropriation,amendment,66437,https://laws.gov.tt/ttdll-web/revision/download/66437?type=amendment
Chronological list by year,1899,No. 29 of 1899,"Port-of-Spain Hucksters, Porters and Carters",amendment,66377,https://laws.gov.tt/ttdll-web/revision/download/66377?type=amendment
Chronological list by year,1899,No. 28 of 1899,Tobago Crown Lands,amendment,66375,https://laws.gov.tt/ttdll-web/revision/download/66375?type=amendment
Chronological list by year,1899,No. 27 of 1899,Petty Civil Courts,amendment,66381,https://laws.gov.tt/ttdll-web/revision/download/66381?type=amendment
Chronological list by year,1899,No. 26 of 1899,Investment of Court Funds,amendment,66379,https://laws.gov.tt/ttdll-web/revision/download/66379?type=amendment
Chronological list by year,1899,No. 25 of 1899,Local Forces,amendment,66385,https://laws.gov.tt/ttdll-web/revision/download/66385?type=amendment
Chronological list by year,1899,No. 24 of 1899,Magistrates Fees,amendment,66383,https://laws.gov.tt/ttdll-web/revision/download/66383?type=amendment
Chronological list by year,1899,No. 23 of 1899,Solicitors,amendment,66389,https://laws.gov.tt/ttdll-web/revision/download/66389?type=amendment
Chronological list by year,1899,No. 22 of 1899,Police Canteens,amendment,66387,https://laws.gov.tt/ttdll-web/revision/download/66387?type=amendment
Chronological list by year,1899,No. 21 of 1899,Stamp Duty,amendment,66393,https://laws.gov.tt/ttdll-web/revision/download/66393?type=amendment
Chronological list by year,1899,No. 20 of 1899,Execution of Criminals,amendment,66391,https://laws.gov.tt/ttdll-web/revision/download/66391?type=amendment
Chronological list by year,1899,No. 19 of 1899,Immigration,amendment,66397,https://laws.gov.tt/ttdll-web/revision/download/66397?type=amendment
Chronological list by year,1899,No. 18 of 1899,Supplemental Estimates,amendment,66395,https://laws.gov.tt/ttdll-web/revision/download/66395?type=amendment
Chronological list by year,1899,No. 17 of 1899,Brewery,amendment,66401,https://laws.gov.tt/ttdll-web/revision/download/66401?type=amendment
Chronological list by year,1899,No. 16 of 1899,District Waterworks,amendment,66399,https://laws.gov.tt/ttdll-web/revision/download/66399?type=amendment
Chronological list by year,1899,No. 15 of 1899,Roads,amendment,66405,https://laws.gov.tt/ttdll-web/revision/download/66405?type=amendment
Chronological list by year,1899,No. 14 of 1899,Travelling Expenses,amendment,66403,https://laws.gov.tt/ttdll-web/revision/download/66403?type=amendment
Chronological list by year,1899,No. 13 of 1899,Harbour Dues Exemption,amendment,66227,https://laws.gov.tt/ttdll-web/revision/download/66227?type=amendment
Chronological list by year,1899,No. 12 of 1899,Port-of-Spain House Rates,amendment,66229,https://laws.gov.tt/ttdll-web/revision/download/66229?type=amendment
Chronological list by year,1899,No. 11 of 1899,Customs,amendment,66223,https://laws.gov.tt/ttdll-web/revision/download/66223?type=amendment
Chronological list by year,1899,No. 10 of 1899,Ganja,amendment,66225,https://laws.gov.tt/ttdll-web/revision/download/66225?type=amendment
Chronological list by year,1899,No. 9 of 1899,Mongoose,amendment,66219,https://laws.gov.tt/ttdll-web/revision/download/66219?type=amendment
Chronological list by year,1899,No. 8 of 1899,Sale of Produce,amendment,66221,https://laws.gov.tt/ttdll-web/revision/download/66221?type=amendment
Chronological list by year,1899,No. 7 of 1899,Market,amendment,66215,https://laws.gov.tt/ttdll-web/revision/download/66215?type=amendment
Chronological list by year,1899,No. 6 of 1899,Railways,amendment,66217,https://laws.gov.tt/ttdll-web/revision/download/66217?type=amendment
Chronological list by year,1899,No. 5 of 1899,Arbitration,amendment,66243,https://laws.gov.tt/ttdll-web/revision/download/66243?type=amendment
Chronological list by year,1899,No. 4 of 1899,Savings Bank,amendment,66245,https://laws.gov.tt/ttdll-web/revision/download/66245?type=amendment
Chronological list by year,1899,No. 3 of 1899,Law Revision,amendment,18385,https://laws.gov.tt/ttdll-web/revision/download/18385?type=amendment
Chronological list by year,1899,No. 2 of 1899,Education-(Tobago),amendment,66239,https://laws.gov.tt/ttdll-web/revision/download/66239?type=amendment
Chronological list by year,1899,No. 1 of 1899,Port-of-Spain,amendment,66241,https://laws.gov.tt/ttdll-web/revision/download/66241?type=amendment
Chronological list by year,1898,No. 36 of 1898,Roads,amendment,66235,https://laws.gov.tt/ttdll-web/revision/download/66235?type=amendment
Chronological list by year,1898,No. 35 of 1898,Arbitration,amendment,66237,https://laws.gov.tt/ttdll-web/revision/download/66237?type=amendment
Chronological list by year,1898,No. 34 of 1898,Tobago Judicature,amendment,66231,https://laws.gov.tt/ttdll-web/revision/download/66231?type=amendment
Chronological list by year,1898,No. 33 of 1898,Widows and Orphans Fund,amendment,66233,https://laws.gov.tt/ttdll-web/revision/download/66233?type=amendment
Chronological list by year,1898,No. 32 of 1898,Immigration Fund,amendment,66197,https://laws.gov.tt/ttdll-web/revision/download/66197?type=amendment
Chronological list by year,1898,No. 31 of 1898,Appropriation,amendment,66195,https://laws.gov.tt/ttdll-web/revision/download/66195?type=amendment
Chronological list by year,1898,No. 30 of 1898,Towns Definition (Licences),amendment,66193,https://laws.gov.tt/ttdll-web/revision/download/66193?type=amendment
Chronological list by year,1898,No. 29 of 1898,Right of Way (Court House),amendment,66191,https://laws.gov.tt/ttdll-web/revision/download/66191?type=amendment
Chronological list by year,1898,No. 28 of 1898,Medical Board,amendment,66189,https://laws.gov.tt/ttdll-web/revision/download/66189?type=amendment
Chronological list by year,1898,No. 27 of 1898,Port-of-Spain Suburban building,amendment,66187,https://laws.gov.tt/ttdll-web/revision/download/66187?type=amendment
Chronological list by year,1898,No. 26 of 1898,Remedies of Creditors,amendment,28741,https://laws.gov.tt/ttdll-web/revision/download/28741?type=amendment
Chronological list by year,1898,No. 25 of 1898,Widows and Orphans Fund,amendment,66185,https://laws.gov.tt/ttdll-web/revision/download/66185?type=amendment
Chronological list by year,1898,No. 24 of 1898,Hospitals,amendment,66183,https://laws.gov.tt/ttdll-web/revision/download/66183?type=amendment
Chronological list by year,1898,No. 23 of 1898,Bicycle Traffic,amendment,66213,https://laws.gov.tt/ttdll-web/revision/download/66213?type=amendment
Chronological list by year,1898,No. 22 of 1898,Supplementary Appropriation,amendment,66211,https://laws.gov.tt/ttdll-web/revision/download/66211?type=amendment
Chronological list by year,1898,No. 21 of 1898,Magisterial Procedure,amendment,66209,https://laws.gov.tt/ttdll-web/revision/download/66209?type=amendment
Chronological list by year,1898,No. 20 of 1898,Absconding Debtors,amendment,66207,https://laws.gov.tt/ttdll-web/revision/download/66207?type=amendment
Chronological list by year,1898,No. 19 of 1898,Digging on Crown Land,amendment,66205,https://laws.gov.tt/ttdll-web/revision/download/66205?type=amendment
Chronological list by year,1898,No. 18 of 1898,Debtors,amendment,66203,https://laws.gov.tt/ttdll-web/revision/download/66203?type=amendment
Chronological list by year,1898,No. 17 of 1898,Quarantine,amendment,66201,https://laws.gov.tt/ttdll-web/revision/download/66201?type=amendment
Chronological list by year,1898,No. 16 of 1898,Immigration,amendment,66199,https://laws.gov.tt/ttdll-web/revision/download/66199?type=amendment
Chronological list by year,1898,No. 15 of 1898,Land Acquisition,amendment,16545,https://laws.gov.tt/ttdll-web/revision/download/16545?type=amendment
Chronological list by year,1898,No. 14 of 1898,District Waterworks,amendment,66287,https://laws.gov.tt/ttdll-web/revision/download/66287?type=amendment
Chronological list by year,1898,No. 13 of 1898,Savings Banks,amendment,66289,https://laws.gov.tt/ttdll-web/revision/download/66289?type=amendment
Chronological list by year,1898,No. 12 of 1898,Evidence,amendment,5605,https://laws.gov.tt/ttdll-web/revision/download/5605?type=amendment
Chronological list by year,1898,No. 11 of 1898,Foreign Labour Contracts,amendment,66291,https://laws.gov.tt/ttdll-web/revision/download/66291?type=amendment
Chronological list by year,1898,No. 10 of 1898,Dog Licences,amendment,66293,https://laws.gov.tt/ttdll-web/revision/download/66293?type=amendment
Chronological list by year,1898,No. 9 of 1898,Customs Duties,amendment,66279,https://laws.gov.tt/ttdll-web/revision/download/66279?type=amendment
Chronological list by year,1898,No. 8 of 1898,Registrar General,amendment,66281,https://laws.gov.tt/ttdll-web/revision/download/66281?type=amendment
Chronological list by year,1898,No. 7 of 1898,Harbour Dues,amendment,66283,https://laws.gov.tt/ttdll-web/revision/download/66283?type=amendment
Chronological list by year,1898,No. 6 of 1898,Usury,amendment,66285,https://laws.gov.tt/ttdll-web/revision/download/66285?type=amendment
Chronological list by year,1898,No. 5 of 1898,Crown Suits Limitation,amendment,66303,https://laws.gov.tt/ttdll-web/revision/download/66303?type=amendment
Chronological list by year,1898,No. 4 of 1898,Reformatories,amendment,66305,https://laws.gov.tt/ttdll-web/revision/download/66305?type=amendment
Chronological list by year,1898,No. 3 of 1898,Gratuity to Mrs. Garcia,amendment,66307,https://laws.gov.tt/ttdll-web/revision/download/66307?type=amendment
Chronological list by year,1898,No. 2 of 1898,Botanic Gardens,amendment,4052,https://laws.gov.tt/ttdll-web/revision/download/4052?type=amendment
Chronological list by year,1898,No. 1 of 1898,Burial Grounds,amendment,66309,https://laws.gov.tt/ttdll-web/revision/download/66309?type=amendment
Chronological list by year,1897,No. 24 of 1897,Immigration,amendment,66295,https://laws.gov.tt/ttdll-web/revision/download/66295?type=amendment
Chronological list by year,1897,No. 23 of 1897,Immigration Fund,amendment,66297,https://laws.gov.tt/ttdll-web/revision/download/66297?type=amendment
Chronological list by year,1897,No. 22 of 1897,Appropriation,amendment,66299,https://laws.gov.tt/ttdll-web/revision/download/66299?type=amendment
Chronological list by year,1897,No. 21 of 1897,Towns Definition (Licences),amendment,66301,https://laws.gov.tt/ttdll-web/revision/download/66301?type=amendment
Chronological list by year,1897,No. 20 of 1897,Magisterial Procedure,amendment,66257,https://laws.gov.tt/ttdll-web/revision/download/66257?type=amendment
Chronological list by year,1897,No. 19 of 1897,Volunteer Police Force,amendment,66255,https://laws.gov.tt/ttdll-web/revision/download/66255?type=amendment
Chronological list by year,1897,No. 18 of 1897,Supplemental Appropriation,amendment,66261,https://laws.gov.tt/ttdll-web/revision/download/66261?type=amendment
Chronological list by year,1897,No. 17 of 1897,Customs Duties,amendment,66259,https://laws.gov.tt/ttdll-web/revision/download/66259?type=amendment
Chronological list by year,1897,No. 16 of 1897,Hospitals,amendment,66249,https://laws.gov.tt/ttdll-web/revision/download/66249?type=amendment
Chronological list by year,1897,No. 15 of 1897,Island Survey,amendment,66247,https://laws.gov.tt/ttdll-web/revision/download/66247?type=amendment
Chronological list by year,1897,No. 14 of 1897,Immigration,amendment,66253,https://laws.gov.tt/ttdll-web/revision/download/66253?type=amendment
Chronological list by year,1897,No. 13 of 1897,Newspapers,amendment,66251,https://laws.gov.tt/ttdll-web/revision/download/66251?type=amendment
Chronological list by year,1897,No. 12 of 1897,Immigration,amendment,66273,https://laws.gov.tt/ttdll-web/revision/download/66273?type=amendment
Chronological list by year,1897,No. 11 of 1897,"Patents, Designs and Trade Marks",amendment,66271,https://laws.gov.tt/ttdll-web/revision/download/66271?type=amendment
Chronological list by year,1897,No. 10 of 1897,Pauper Immigration,amendment,66277,https://laws.gov.tt/ttdll-web/revision/download/66277?type=amendment
Chronological list by year,1897,No. 9 of 1897,Validation of Certain acts of the Legislature,amendment,66275,https://laws.gov.tt/ttdll-web/revision/download/66275?type=amendment
Chronological list by year,1897,No. 8 of 1897,Hospitals,amendment,66265,https://laws.gov.tt/ttdll-web/revision/download/66265?type=amendment
Chronological list by year,1897,No. 7 of 1897,Solicitors,amendment,66263,https://laws.gov.tt/ttdll-web/revision/download/66263?type=amendment
Chronological list by year,1897,No. 6 of 1897,Island Survey,amendment,66269,https://laws.gov.tt/ttdll-web/revision/download/66269?type=amendment
Chronological list by year,1897,No. 5 of 1897,Yaws,amendment,66267,https://laws.gov.tt/ttdll-web/revision/download/66267?type=amendment
Chronological list by year,1897,No. 4 of 1897,Secretary to the Intendant,amendment,66621,https://laws.gov.tt/ttdll-web/revision/download/66621?type=amendment
Chronological list by year,1897,No. 3 of 1897,San Fernando Borough Limits,amendment,66619,https://laws.gov.tt/ttdll-web/revision/download/66619?type=amendment
Chronological list by year,1897,No. 2 of 1897,Wardens,amendment,66617,https://laws.gov.tt/ttdll-web/revision/download/66617?type=amendment
Chronological list by year,1897,No. 1 of 1897,Water Supply Loan,amendment,66615,https://laws.gov.tt/ttdll-web/revision/download/66615?type=amendment
Chronological list by year,1896,No. 34 of 1896,Immigration Fund,amendment,66629,https://laws.gov.tt/ttdll-web/revision/download/66629?type=amendment
Chronological list by year,1896,No. 33 of 1896,Appropriation,amendment,66627,https://laws.gov.tt/ttdll-web/revision/download/66627?type=amendment
Chronological list by year,1896,No. 32 of 1896,Port-of-Spain Buildings,amendment,66625,https://laws.gov.tt/ttdll-web/revision/download/66625?type=amendment
Chronological list by year,1896,No. 31 of 1896,Supplementary Appropriation,amendment,66623,https://laws.gov.tt/ttdll-web/revision/download/66623?type=amendment
Chronological list by year,1896,No. 30 of 1896,Magisterial Procedure,amendment,66605,https://laws.gov.tt/ttdll-web/revision/download/66605?type=amendment
Chronological list by year,1896,No. 29 of 1896,Centenary Celebration,amendment,66603,https://laws.gov.tt/ttdll-web/revision/download/66603?type=amendment
Chronological list by year,1896,No. 28 of 1896,Building Societies,amendment,66601,https://laws.gov.tt/ttdll-web/revision/download/66601?type=amendment
Chronological list by year,1896,No. 27 of 1896,Governor's Salary,amendment,66599,https://laws.gov.tt/ttdll-web/revision/download/66599?type=amendment
Chronological list by year,1896,No. 26 of 1896,Employers Liability,amendment,66613,https://laws.gov.tt/ttdll-web/revision/download/66613?type=amendment
Chronological list by year,1896,No. 25 of 1896,Railways,amendment,66611,https://laws.gov.tt/ttdll-web/revision/download/66611?type=amendment
Chronological list by year,1896,No. 24 of 1896,Municipal Charters,amendment,66609,https://laws.gov.tt/ttdll-web/revision/download/66609?type=amendment
Chronological list by year,1896,No. 23 of 1896,Immigration,amendment,66607,https://laws.gov.tt/ttdll-web/revision/download/66607?type=amendment
Chronological list by year,1896,No. 22 of 1896,Governors Furniture,amendment,66587,https://laws.gov.tt/ttdll-web/revision/download/66587?type=amendment
Chronological list by year,1896,No. 21 of 1896,Savings Banks,amendment,66589,https://laws.gov.tt/ttdll-web/revision/download/66589?type=amendment
Chronological list by year,1896,No. 20 of 1896,Criminal Procedure,amendment,66583,https://laws.gov.tt/ttdll-web/revision/download/66583?type=amendment
Chronological list by year,1896,No. 19 of 1896,Hospitals,amendment,66585,https://laws.gov.tt/ttdll-web/revision/download/66585?type=amendment
Chronological list by year,1896,No. 18 of 1896,Waterworks,amendment,66595,https://laws.gov.tt/ttdll-web/revision/download/66595?type=amendment
Chronological list by year,1896,No. 17 of 1896,Criminal Low,amendment,66597,https://laws.gov.tt/ttdll-web/revision/download/66597?type=amendment
Chronological list by year,1896,No. 16 of 1896,Tobago Squatters,amendment,66591,https://laws.gov.tt/ttdll-web/revision/download/66591?type=amendment
Chronological list by year,1896,No. 15 of 1896,Reformatories,amendment,66593,https://laws.gov.tt/ttdll-web/revision/download/66593?type=amendment
Chronological list by year,1896,No. 14 of 1896,Solicitors,amendment,66571,https://laws.gov.tt/ttdll-web/revision/download/66571?type=amendment
Chronological list by year,1896,No. 13 of 1896,Sewerage Loan,amendment,66573,https://laws.gov.tt/ttdll-web/revision/download/66573?type=amendment
Chronological list by year,1896,No. 12 of 1896,Cricket Ground on Savannah,amendment,66567,https://laws.gov.tt/ttdll-web/revision/download/66567?type=amendment
Chronological list by year,1896,No. 11 of 1896,Trinidad and Tobago Post,amendment,33490,https://laws.gov.tt/ttdll-web/revision/download/33490?type=amendment
Chronological list by year,1896,No. 10 of 1896,Belmont Tramways,amendment,66569,https://laws.gov.tt/ttdll-web/revision/download/66569?type=amendment
Chronological list by year,1896,No. 9 of 1896,Yaws,amendment,66579,https://laws.gov.tt/ttdll-web/revision/download/66579?type=amendment
Chronological list by year,1896,No. 8 of 1896,Roads,amendment,66581,https://laws.gov.tt/ttdll-web/revision/download/66581?type=amendment
Chronological list by year,1896,No. 7 of 1896,Quarantine,amendment,66575,https://laws.gov.tt/ttdll-web/revision/download/66575?type=amendment
Chronological list by year,1896,No. 6 of 1896,Magisterial Procedure,amendment,66577,https://laws.gov.tt/ttdll-web/revision/download/66577?type=amendment
Chronological list by year,1896,No. 5 of 1896,Acquisition of Land,amendment,66681,https://laws.gov.tt/ttdll-web/revision/download/66681?type=amendment
Chronological list by year,1896,No. 4 of 1896,Railway,amendment,66679,https://laws.gov.tt/ttdll-web/revision/download/66679?type=amendment
Chronological list by year,1896,No. 3 of 1896,Port-of-Spain Tramways,amendment,66685,https://laws.gov.tt/ttdll-web/revision/download/66685?type=amendment
Chronological list by year,1896,No. 2 of 1896,Harbours,amendment,66683,https://laws.gov.tt/ttdll-web/revision/download/66683?type=amendment
Chronological list by year,1896,No. 1 of 1896,Harbour Dues,amendment,66689,https://laws.gov.tt/ttdll-web/revision/download/66689?type=amendment
Chronological list by year,1895,No. 47 of 1895,Summary Conviction Offences-Procedure,amendment,66687,https://laws.gov.tt/ttdll-web/revision/download/66687?type=amendment
Chronological list by year,1895,No. 46 of 1895,Female Prisoners,amendment,66693,https://laws.gov.tt/ttdll-web/revision/download/66693?type=amendment
Chronological list by year,1895,No. 45 of 1895,Commissioners of Affidavits,amendment,66691,https://laws.gov.tt/ttdll-web/revision/download/66691?type=amendment
Chronological list by year,1895,No. 44 of 1895,Real Property,amendment,66665,https://laws.gov.tt/ttdll-web/revision/download/66665?type=amendment
Chronological list by year,1895,No. 43 of 1895,Immigration Fund,amendment,66663,https://laws.gov.tt/ttdll-web/revision/download/66663?type=amendment
Chronological list by year,1895,No. 42 of 1895,Appropriation,amendment,66669,https://laws.gov.tt/ttdll-web/revision/download/66669?type=amendment
Chronological list by year,1895,No. 41 of 1895,Roads,amendment,66667,https://laws.gov.tt/ttdll-web/revision/download/66667?type=amendment
Chronological list by year,1895,No. 40 of 1895,Immigration,amendment,66673,https://laws.gov.tt/ttdll-web/revision/download/66673?type=amendment
Chronological list by year,1895,No. 39 of 1895,Cocoa Licence,amendment,66671,https://laws.gov.tt/ttdll-web/revision/download/66671?type=amendment
Chronological list by year,1895,No. 38 of 1895,Hugh Clarence Bourne-penalties,amendment,66677,https://laws.gov.tt/ttdll-web/revision/download/66677?type=amendment
Chronological list by year,1895,No. 37 of 1895,Sale of Goods,amendment,66675,https://laws.gov.tt/ttdll-web/revision/download/66675?type=amendment
Chronological list by year,1895,No. 36 of 1895,Supplemental Appropriation,amendment,66647,https://laws.gov.tt/ttdll-web/revision/download/66647?type=amendment
Chronological list by year,1895,No. 35 of 1895,Pilots,amendment,66649,https://laws.gov.tt/ttdll-web/revision/download/66649?type=amendment
Chronological list by year,1895,No. 34 of 1895,Public Works Loan,amendment,66651,https://laws.gov.tt/ttdll-web/revision/download/66651?type=amendment
Chronological list by year,1895,No. 33 of 1895,Waterworks,amendment,66653,https://laws.gov.tt/ttdll-web/revision/download/66653?type=amendment
Chronological list by year,1895,No. 32 of 1895,Adulteration of foods and drugs,amendment,66655,https://laws.gov.tt/ttdll-web/revision/download/66655?type=amendment
Chronological list by year,1895,No. 31 of 1895,Registration of certain documents,amendment,66657,https://laws.gov.tt/ttdll-web/revision/download/66657?type=amendment
Chronological list by year,1895,No. 30 of 1895,Waterworks,amendment,66659,https://laws.gov.tt/ttdll-web/revision/download/66659?type=amendment
Chronological list by year,1895,No. 29 of 1895,Petroleum,amendment,66661,https://laws.gov.tt/ttdll-web/revision/download/66661?type=amendment
Chronological list by year,1895,No. 28 of 1895,Governors Leave of Absence,amendment,66631,https://laws.gov.tt/ttdll-web/revision/download/66631?type=amendment
Chronological list by year,1895,No. 27 of 1895,San Fernando Registration Charges,amendment,66633,https://laws.gov.tt/ttdll-web/revision/download/66633?type=amendment
Chronological list by year,1895,No. 26 of 1895,Customs,amendment,66635,https://laws.gov.tt/ttdll-web/revision/download/66635?type=amendment
Chronological list by year,1895,No. 25 of 1895,Wild Birds,amendment,66637,https://laws.gov.tt/ttdll-web/revision/download/66637?type=amendment
Chronological list by year,1895,No. 24 of 1895,Hospitals,amendment,66639,https://laws.gov.tt/ttdll-web/revision/download/66639?type=amendment
Chronological list by year,1895,No. 23 of 1895,Kites flying of,amendment,66641,https://laws.gov.tt/ttdll-web/revision/download/66641?type=amendment
Chronological list by year,1895,No. 22 of 1895,Dogs,amendment,66643,https://laws.gov.tt/ttdll-web/revision/download/66643?type=amendment
Chronological list by year,1895,No. 21 of 1895,"Hucksters, Porters and Carters San Fernando",amendment,66645,https://laws.gov.tt/ttdll-web/revision/download/66645?type=amendment
Chronological list by year,1895,No. 20 of 1895,San Fernando Wharf Dues,amendment,66501,https://laws.gov.tt/ttdll-web/revision/download/66501?type=amendment
Chronological list by year,1895,No. 19 of 1895,Fertilizers and Feeding Stuffs,amendment,66499,https://laws.gov.tt/ttdll-web/revision/download/66499?type=amendment
Chronological list by year,1895,No. 18 of 1895,Customs Duties,amendment,66497,https://laws.gov.tt/ttdll-web/revision/download/66497?type=amendment
Chronological list by year,1895,No. 17 of 1895,Public Accounts,amendment,66495,https://laws.gov.tt/ttdll-web/revision/download/66495?type=amendment
Chronological list by year,1895,No. 16 of 1895,Port-of-Spain Tramways,amendment,66493,https://laws.gov.tt/ttdll-web/revision/download/66493?type=amendment
Chronological list by year,1895,No. 15 of 1895,Frederick Street Improvement,amendment,66491,https://laws.gov.tt/ttdll-web/revision/download/66491?type=amendment
Chronological list by year,1895,No. 14 of 1895,Immigration Fund,amendment,66489,https://laws.gov.tt/ttdll-web/revision/download/66489?type=amendment
Chronological list by year,1895,No. 13 of 1895,Newspapers,amendment,66487,https://laws.gov.tt/ttdll-web/revision/download/66487?type=amendment
Chronological list by year,1895,No. 12 of 1895,Naval and Military Uniforms,amendment,66485,https://laws.gov.tt/ttdll-web/revision/download/66485?type=amendment
Chronological list by year,1895,No. 11 of 1895,Pauper Immigration,amendment,66483,https://laws.gov.tt/ttdll-web/revision/download/66483?type=amendment
Chronological list by year,1895,No. 10 of 1895,Volunteers,amendment,66481,https://laws.gov.tt/ttdll-web/revision/download/66481?type=amendment
Chronological list by year,1895,No. 9 of 1895,Port-of-Spain Buildings Improvement,amendment,66479,https://laws.gov.tt/ttdll-web/revision/download/66479?type=amendment
Chronological list by year,1895,No. 8 of 1895,Counterfeit Postage Stamps,amendment,66477,https://laws.gov.tt/ttdll-web/revision/download/66477?type=amendment
Chronological list by year,1895,No. 7 of 1895,Dog Licences,amendment,66475,https://laws.gov.tt/ttdll-web/revision/download/66475?type=amendment
Chronological list by year,1895,No. 6 of 1895,Public Health,amendment,66473,https://laws.gov.tt/ttdll-web/revision/download/66473?type=amendment
Chronological list by year,1895,No. 5 of 1895,Criminal Law,amendment,66471,https://laws.gov.tt/ttdll-web/revision/download/66471?type=amendment
Chronological list by year,1895,No. 4 of 1895,Fire Brigade,amendment,66467,https://laws.gov.tt/ttdll-web/revision/download/66467?type=amendment
Chronological list by year,1895,No. 3 of 1895,Dry River,amendment,66469,https://laws.gov.tt/ttdll-web/revision/download/66469?type=amendment
Chronological list by year,1895,No. 2 of 1895,Quarantine,amendment,66463,https://laws.gov.tt/ttdll-web/revision/download/66463?type=amendment
Chronological list by year,1895,No. 1 of 1895,Railway Servants,amendment,66465,https://laws.gov.tt/ttdll-web/revision/download/66465?type=amendment
Chronological list by year,1894,No. 45 of 1894,Customs Duties,amendment,66459,https://laws.gov.tt/ttdll-web/revision/download/66459?type=amendment
Chronological list by year,1894,No. 44 of 1894,Spirits and Spirit Compounds,amendment,66461,https://laws.gov.tt/ttdll-web/revision/download/66461?type=amendment
Chronological list by year,1894,No. 43 of 1894,Sale of Produce,amendment,66455,https://laws.gov.tt/ttdll-web/revision/download/66455?type=amendment
Chronological list by year,1894,No. 42 of 1894,Immigration Fund,amendment,66457,https://laws.gov.tt/ttdll-web/revision/download/66457?type=amendment
Chronological list by year,1894,No. 41 of 1894,Appropriation,amendment,66451,https://laws.gov.tt/ttdll-web/revision/download/66451?type=amendment
Chronological list by year,1894,No. 40 of 1894,Patents Designs and Trade Marks,amendment,66453,https://laws.gov.tt/ttdll-web/revision/download/66453?type=amendment
Chronological list by year,1894,No. 39 of 1894,Railway Lands,amendment,66447,https://laws.gov.tt/ttdll-web/revision/download/66447?type=amendment
Chronological list by year,1894,No. 38 of 1894,Botanic Gardens,amendment,66449,https://laws.gov.tt/ttdll-web/revision/download/66449?type=amendment
Chronological list by year,1894,No. 37 of 1894,Supplementary Appropriation,amendment,66443,https://laws.gov.tt/ttdll-web/revision/download/66443?type=amendment
Chronological list by year,1894,No. 36 of 1894,Notaries Public,amendment,18848,https://laws.gov.tt/ttdll-web/revision/download/18848?type=amendment
Chronological list by year,1894,No. 35 of 1894,Newspapers,amendment,66445,https://laws.gov.tt/ttdll-web/revision/download/66445?type=amendment
Chronological list by year,1894,No. 34 of 1894,San Fernando Waterworks,amendment,66439,https://laws.gov.tt/ttdll-web/revision/download/66439?type=amendment
Chronological list by year,1894,No. 33 of 1894,Railway Servants,amendment,66441,https://laws.gov.tt/ttdll-web/revision/download/66441?type=amendment
Chronological list by year,1894,No. 32 of 1894,Quarantine,amendment,66561,https://laws.gov.tt/ttdll-web/revision/download/66561?type=amendment
Chronological list by year,1894,No. 31 of 1894,Trespass,amendment,32146,https://laws.gov.tt/ttdll-web/revision/download/32146?type=amendment
Chronological list by year,1894,No. 30 of 1894,Indecent Assault,amendment,66559,https://laws.gov.tt/ttdll-web/revision/download/66559?type=amendment
Chronological list by year,1894,No. 29 of 1894,Pilots,amendment,66565,https://laws.gov.tt/ttdll-web/revision/download/66565?type=amendment
Chronological list by year,1894,No. 28 of 1894,Diseased Plants,amendment,66563,https://laws.gov.tt/ttdll-web/revision/download/66563?type=amendment
Chronological list by year,1894,No. 27 of 1894,Sale of Milk,amendment,66553,https://laws.gov.tt/ttdll-web/revision/download/66553?type=amendment
Chronological list by year,1894,No. 26 of 1894,,amendment,3739,https://laws.gov.tt/ttdll-web/revision/download/3739?type=amendment
Chronological list by year,1894,No. 25 of 1894,Widows and Orphans Fund,amendment,66551,https://laws.gov.tt/ttdll-web/revision/download/66551?type=amendment
Chronological list by year,1894,No. 24 of 1894,Education,amendment,66557,https://laws.gov.tt/ttdll-web/revision/download/66557?type=amendment
Chronological list by year,1894,No. 23 of 1894,Roads,amendment,66555,https://laws.gov.tt/ttdll-web/revision/download/66555?type=amendment
Chronological list by year,1894,No. 22 of 1894,Ganja,amendment,66545,https://laws.gov.tt/ttdll-web/revision/download/66545?type=amendment
Chronological list by year,1894,No. 21 of 1894,Deceased Public Officers Salary,amendment,66543,https://laws.gov.tt/ttdll-web/revision/download/66543?type=amendment
Chronological list by year,1894,No. 20 of 1894,Public Works Loan,amendment,66549,https://laws.gov.tt/ttdll-web/revision/download/66549?type=amendment
Chronological list by year,1894,No. 19 of 1894,La Brea Jetty,amendment,66547,https://laws.gov.tt/ttdll-web/revision/download/66547?type=amendment
Chronological list by year,1894,No. 18 of 1894,Immigration,amendment,66537,https://laws.gov.tt/ttdll-web/revision/download/66537?type=amendment
Chronological list by year,1894,No. 17 of 1894,Solicitors,amendment,66535,https://laws.gov.tt/ttdll-web/revision/download/66535?type=amendment
Chronological list by year,1894,No. 16 of 1894,Falsification of Accounts,amendment,66541,https://laws.gov.tt/ttdll-web/revision/download/66541?type=amendment
Chronological list by year,1894,No. 15 of 1894,Medical Service,amendment,66539,https://laws.gov.tt/ttdll-web/revision/download/66539?type=amendment
Chronological list by year,1894,No. 14 of 1894,Fire Brigade,amendment,66527,https://laws.gov.tt/ttdll-web/revision/download/66527?type=amendment
Chronological list by year,1894,No. 13 of 1894,Pauper Immigration,amendment,66529,https://laws.gov.tt/ttdll-web/revision/download/66529?type=amendment
Chronological list by year,1894,No. 12 of 1894,Colonial Probate,amendment,66531,https://laws.gov.tt/ttdll-web/revision/download/66531?type=amendment
Chronological list by year,1894,No. 11 of 1894,Extradition (French Guiana),amendment,66533,https://laws.gov.tt/ttdll-web/revision/download/66533?type=amendment
Chronological list by year,1894,No. 10 of 1894,Roads,amendment,66519,https://laws.gov.tt/ttdll-web/revision/download/66519?type=amendment
Chronological list by year,1894,No. 9 of 1894,Agricultural Society,amendment,66521,https://laws.gov.tt/ttdll-web/revision/download/66521?type=amendment
Chronological list by year,1894,No. 8 of 1894,Casual Revenue,amendment,66523,https://laws.gov.tt/ttdll-web/revision/download/66523?type=amendment
Chronological list by year,1894,No. 7 of 1894,Escheat,amendment,66525,https://laws.gov.tt/ttdll-web/revision/download/66525?type=amendment
Chronological list by year,1894,No. 6 of 1894,Confirming certain marriages,amendment,66511,https://laws.gov.tt/ttdll-web/revision/download/66511?type=amendment
Chronological list by year,1894,No. 5 of 1894,Tobago Notaries Public,amendment,66513,https://laws.gov.tt/ttdll-web/revision/download/66513?type=amendment
Chronological list by year,1894,No. 4 of 1894,Mr. Monier Williams-relieving of penalties,amendment,66515,https://laws.gov.tt/ttdll-web/revision/download/66515?type=amendment
Chronological list by year,1894,No. 3 of 1894,Foreign Labour Contracts,amendment,66517,https://laws.gov.tt/ttdll-web/revision/download/66517?type=amendment
Chronological list by year,1894,No. 2 of 1894,Fire (Amendment),amendment,66503,https://laws.gov.tt/ttdll-web/revision/download/66503?type=amendment
Chronological list by year,1894,No. 1 of 1894,Criminal Law,amendment,66505,https://laws.gov.tt/ttdll-web/revision/download/66505?type=amendment
Chronological list by year,1893,No. 33 of 1893,Cocoa Licences,amendment,66507,https://laws.gov.tt/ttdll-web/revision/download/66507?type=amendment
Chronological list by year,1893,No. 32 of 1893,Public Accounts,amendment,66509,https://laws.gov.tt/ttdll-web/revision/download/66509?type=amendment
Chronological list by year,1893,No. 31 of 1893,Immigration Fund,amendment,66823,https://laws.gov.tt/ttdll-web/revision/download/66823?type=amendment
Chronological list by year,1893,No. 30 of 1893,Appropriation,amendment,66825,https://laws.gov.tt/ttdll-web/revision/download/66825?type=amendment
Chronological list by year,1893,No. 29 of 1893,Dry River,amendment,66827,https://laws.gov.tt/ttdll-web/revision/download/66827?type=amendment
Chronological list by year,1893,No. 28 of 1893,Lands and Buildings Taxes,amendment,17841,https://laws.gov.tt/ttdll-web/revision/download/17841?type=amendment
Chronological list by year,1893,No. 27 of 1893,Court of Intendant,amendment,66829,https://laws.gov.tt/ttdll-web/revision/download/66829?type=amendment
Chronological list by year,1893,No. 26 of 1893,San Fernando Loan,amendment,66831,https://laws.gov.tt/ttdll-web/revision/download/66831?type=amendment
Chronological list by year,1893,No. 25 of 1893,San Fernando Burial Ground,amendment,66833,https://laws.gov.tt/ttdll-web/revision/download/66833?type=amendment
Chronological list by year,1893,No. 24 of 1893,Public Accounts,amendment,66835,https://laws.gov.tt/ttdll-web/revision/download/66835?type=amendment
Chronological list by year,1893,No. 23 of 1893,Police Superannuation,amendment,66837,https://laws.gov.tt/ttdll-web/revision/download/66837?type=amendment
Chronological list by year,1893,No. 22 of 1893,Elementary Education,amendment,66839,https://laws.gov.tt/ttdll-web/revision/download/66839?type=amendment
Chronological list by year,1893,No. 21 of 1893,Supplemental Appropriation,amendment,66841,https://laws.gov.tt/ttdll-web/revision/download/66841?type=amendment
Chronological list by year,1893,No. 20 of 1893,Sale of Produce,amendment,66843,https://laws.gov.tt/ttdll-web/revision/download/66843?type=amendment
Chronological list by year,1893,No. 19 of 1893,District Courts,amendment,66845,https://laws.gov.tt/ttdll-web/revision/download/66845?type=amendment
Chronological list by year,1893,No. 18 of 1893,Quarantine,amendment,66847,https://laws.gov.tt/ttdll-web/revision/download/66847?type=amendment
Chronological list by year,1893,No. 17 of 1893,Registration of Buildings for Marriage,amendment,66849,https://laws.gov.tt/ttdll-web/revision/download/66849?type=amendment
Chronological list by year,1893,No. 16 of 1893,Marriage-Fees-Port-of-Spain,amendment,66851,https://laws.gov.tt/ttdll-web/revision/download/66851?type=amendment
Chronological list by year,1893,No. 15 of 1893,Coroners,amendment,66853,https://laws.gov.tt/ttdll-web/revision/download/66853?type=amendment
Chronological list by year,1893,No. 14 of 1893,Summary Ejectment,amendment,66857,https://laws.gov.tt/ttdll-web/revision/download/66857?type=amendment
Chronological list by year,1893,No. 13 of 1893,Cocoa Licences,amendment,66855,https://laws.gov.tt/ttdll-web/revision/download/66855?type=amendment
Chronological list by year,1893,No. 12 of 1893,Medical Service,amendment,66861,https://laws.gov.tt/ttdll-web/revision/download/66861?type=amendment
Chronological list by year,1893,No. 11 of 1893,Public Health,amendment,66859,https://laws.gov.tt/ttdll-web/revision/download/66859?type=amendment
Chronological list by year,1893,No. 10 of 1893,Tobago Crown Lands,amendment,66865,https://laws.gov.tt/ttdll-web/revision/download/66865?type=amendment
Chronological list by year,1893,No. 9 of 1893,Examiner of Titles,amendment,66863,https://laws.gov.tt/ttdll-web/revision/download/66863?type=amendment
Chronological list by year,1893,No. 8 of 1893,Presbyterian Church,amendment,66869,https://laws.gov.tt/ttdll-web/revision/download/66869?type=amendment
Chronological list by year,1893,No. 7 of 1893,Arima Commutation,amendment,66867,https://laws.gov.tt/ttdll-web/revision/download/66867?type=amendment
Chronological list by year,1893,No. 6 of 1893,Pilots,amendment,66873,https://laws.gov.tt/ttdll-web/revision/download/66873?type=amendment
Chronological list by year,1893,No. 5 of 1893,Electric Light Company (Penalties),amendment,66871,https://laws.gov.tt/ttdll-web/revision/download/66871?type=amendment
Chronological list by year,1893,No. 4 of 1893,District Courts,amendment,66877,https://laws.gov.tt/ttdll-web/revision/download/66877?type=amendment
Chronological list by year,1893,No. 3 of 1893,Appropriation,amendment,66875,https://laws.gov.tt/ttdll-web/revision/download/66875?type=amendment
Chronological list by year,1893,No. 2 of 1893,Wild Birds,amendment,66881,https://laws.gov.tt/ttdll-web/revision/download/66881?type=amendment
Chronological list by year,1893,No. 1 of 1893,Port-of-Spain Suburban Building,amendment,66879,https://laws.gov.tt/ttdll-web/revision/download/66879?type=amendment
Chronological list by year,1892,No. 25 of 1892,Arima Loan,amendment,66885,https://laws.gov.tt/ttdll-web/revision/download/66885?type=amendment
Chronological list by year,1892,No. 24 of 1892,Immigration Fund,amendment,66883,https://laws.gov.tt/ttdll-web/revision/download/66883?type=amendment
Chronological list by year,1892,No. 23 of 1892,Diego Martin Waterworks,amendment,66891,https://laws.gov.tt/ttdll-web/revision/download/66891?type=amendment
Chronological list by year,1892,No. 22 of 1892,Electric Lighting and Gas Works (Customs),amendment,66893,https://laws.gov.tt/ttdll-web/revision/download/66893?type=amendment
Chronological list by year,1892,No. 21 of 1892,Belmont Tramway,amendment,66887,https://laws.gov.tt/ttdll-web/revision/download/66887?type=amendment
Chronological list by year,1892,No. 20 of 1892,"Arima Hucksters, Porters and Carters",amendment,66889,https://laws.gov.tt/ttdll-web/revision/download/66889?type=amendment
Chronological list by year,1892,No. 19 of 1892,Spirits and Spirit Compounds,amendment,66899,https://laws.gov.tt/ttdll-web/revision/download/66899?type=amendment
Chronological list by year,1892,No. 18 of 1892,Customs Duties,amendment,66901,https://laws.gov.tt/ttdll-web/revision/download/66901?type=amendment
Chronological list by year,1892,No. 17 of 1892,Tobago Metayers,amendment,66895,https://laws.gov.tt/ttdll-web/revision/download/66895?type=amendment
Chronological list by year,1892,No. 16 of 1892,Public Health,amendment,66897,https://laws.gov.tt/ttdll-web/revision/download/66897?type=amendment
Chronological list by year,1892,No. 15 of 1892,Supplemental Appropriation,amendment,66907,https://laws.gov.tt/ttdll-web/revision/download/66907?type=amendment
Chronological list by year,1892,No. 14 of 1892,Industrial Schools,amendment,66909,https://laws.gov.tt/ttdll-web/revision/download/66909?type=amendment
Chronological list by year,1892,No. 13 of 1892,Education,amendment,66903,https://laws.gov.tt/ttdll-web/revision/download/66903?type=amendment
Chronological list by year,1892,No. 12 of 1892,Quays and Wharves,amendment,66905,https://laws.gov.tt/ttdll-web/revision/download/66905?type=amendment
Chronological list by year,1892,No. 11 of 1892,District Court,amendment,66915,https://laws.gov.tt/ttdll-web/revision/download/66915?type=amendment
Chronological list by year,1892,No. 10 of 1892,Public Works Loan,amendment,66917,https://laws.gov.tt/ttdll-web/revision/download/66917?type=amendment
Chronological list by year,1892,No. 9 of 1892,Documentary Evidence,amendment,66911,https://laws.gov.tt/ttdll-web/revision/download/66911?type=amendment
Chronological list by year,1892,No. 8 of 1892,Streets Regulation,amendment,66913,https://laws.gov.tt/ttdll-web/revision/download/66913?type=amendment
Chronological list by year,1892,No. 7 of 1892,Arima Races,amendment,66925,https://laws.gov.tt/ttdll-web/revision/download/66925?type=amendment
Chronological list by year,1892,No. 6 of 1892,Municipal Corporations,amendment,66923,https://laws.gov.tt/ttdll-web/revision/download/66923?type=amendment
Chronological list by year,1892,No. 5 of 1892,Salary of Deceased Public Officers,amendment,66921,https://laws.gov.tt/ttdll-web/revision/download/66921?type=amendment
Chronological list by year,1892,No. 4 of 1892,San Fernando-Tramroad,amendment,66919,https://laws.gov.tt/ttdll-web/revision/download/66919?type=amendment
Chronological list by year,1892,No. 3 of 1892,Customs Duties,amendment,66933,https://laws.gov.tt/ttdll-web/revision/download/66933?type=amendment
Chronological list by year,1892,No. 2 of 1892,Commissions of Enquiry,amendment,5016,https://laws.gov.tt/ttdll-web/revision/download/5016?type=amendment
Chronological list by year,1892,No. 1 of 1892,Duty on rum,amendment,66931,https://laws.gov.tt/ttdll-web/revision/download/66931?type=amendment
Chronological list by year,1891,No. 25 of 1891,Appropriation,amendment,66929,https://laws.gov.tt/ttdll-web/revision/download/66929?type=amendment
Chronological list by year,1891,No. 24 of 1891,Immigration Fund,amendment,66927,https://laws.gov.tt/ttdll-web/revision/download/66927?type=amendment
Chronological list by year,1891,No. 23 of 1891,Immigration,amendment,66941,https://laws.gov.tt/ttdll-web/revision/download/66941?type=amendment
Chronological list by year,1891,No. 22 of 1891,Commissions of enquiry,amendment,66939,https://laws.gov.tt/ttdll-web/revision/download/66939?type=amendment
Chronological list by year,1891,No. 21 of 1891,Public Works and Road Loan Board,amendment,66937,https://laws.gov.tt/ttdll-web/revision/download/66937?type=amendment
Chronological list by year,1891,No. 20 of 1891,Criminal Law Amendment,amendment,66935,https://laws.gov.tt/ttdll-web/revision/download/66935?type=amendment
Chronological list by year,1891,No. 19 of 1891,Lunatics (Tobago),amendment,66949,https://laws.gov.tt/ttdll-web/revision/download/66949?type=amendment
Chronological list by year,1891,No. 18 of 1891,Supplemental Appropriation,amendment,66947,https://laws.gov.tt/ttdll-web/revision/download/66947?type=amendment
Chronological list by year,1891,No. 17 of 1891,Railway (penalties),amendment,66945,https://laws.gov.tt/ttdll-web/revision/download/66945?type=amendment
Chronological list by year,1891,No. 16 of 1891,Volunteers,amendment,66943,https://laws.gov.tt/ttdll-web/revision/download/66943?type=amendment
Chronological list by year,1891,No. 15 of 1891,Peoples Bank,amendment,66703,https://laws.gov.tt/ttdll-web/revision/download/66703?type=amendment
Chronological list by year,1891,No. 14 of 1891,Industrial and Reformatory Schools,amendment,66705,https://laws.gov.tt/ttdll-web/revision/download/66705?type=amendment
Chronological list by year,1891,No. 13 of 1891,Fire-(Tobago),amendment,66707,https://laws.gov.tt/ttdll-web/revision/download/66707?type=amendment
Chronological list by year,1891,No. 12 of 1891,Elementary Education,amendment,66709,https://laws.gov.tt/ttdll-web/revision/download/66709?type=amendment
Chronological list by year,1891,No. 11 of 1891,Crown Lands-Powers of Justices,amendment,66695,https://laws.gov.tt/ttdll-web/revision/download/66695?type=amendment
Chronological list by year,1891,No. 10 of 1891,Building Societies,amendment,66697,https://laws.gov.tt/ttdll-web/revision/download/66697?type=amendment
Chronological list by year,1891,No. 9 of 1891,Public Works Loan,amendment,66699,https://laws.gov.tt/ttdll-web/revision/download/66699?type=amendment
Chronological list by year,1891,No. 8 of 1891,Trinidad and Tobago Post,amendment,33484,https://laws.gov.tt/ttdll-web/revision/download/33484?type=amendment
Chronological list by year,1891,No. 7 of 1891,Marshal,amendment,66701,https://laws.gov.tt/ttdll-web/revision/download/66701?type=amendment
Chronological list by year,1891,No. 6 of 1891,Widows and Orphans Fund,amendment,66719,https://laws.gov.tt/ttdll-web/revision/download/66719?type=amendment
Chronological list by year,1891,No. 5 of 1891,Distilleries,amendment,66721,https://laws.gov.tt/ttdll-web/revision/download/66721?type=amendment
Chronological list by year,1891,No. 4 of 1891,San Fernando Alms House,amendment,66723,https://laws.gov.tt/ttdll-web/revision/download/66723?type=amendment
Chronological list by year,1891,No. 3 of 1891,San Fernando commutation,amendment,66725,https://laws.gov.tt/ttdll-web/revision/download/66725?type=amendment
Chronological list by year,1891,No. 2 of 1891,Carnival,amendment,66711,https://laws.gov.tt/ttdll-web/revision/download/66711?type=amendment
Chronological list by year,1891,No. 1 of 1891,Education,amendment,66713,https://laws.gov.tt/ttdll-web/revision/download/66713?type=amendment
Chronological list by year,1890,No. 40 of 1890,Building Societies,amendment,66715,https://laws.gov.tt/ttdll-web/revision/download/66715?type=amendment
Chronological list by year,1890,No. 39 of 1890,Customs,amendment,66717,https://laws.gov.tt/ttdll-web/revision/download/66717?type=amendment
Chronological list by year,1890,No. 38 of 1890,Tobago Juries,amendment,66737,https://laws.gov.tt/ttdll-web/revision/download/66737?type=amendment
Chronological list by year,1890,No. 37 of 1890,Trinidad and Tobago Post,amendment,33478,https://laws.gov.tt/ttdll-web/revision/download/33478?type=amendment
Chronological list by year,1890,No. 36 of 1890,Reformatories,amendment,66735,https://laws.gov.tt/ttdll-web/revision/download/66735?type=amendment
Chronological list by year,1890,No. 35 of 1890,Immigration Fund,amendment,66741,https://laws.gov.tt/ttdll-web/revision/download/66741?type=amendment
Chronological list by year,1890,No. 34 of 1890,Appropriation,amendment,66739,https://laws.gov.tt/ttdll-web/revision/download/66739?type=amendment
Chronological list by year,1890,No. 33 of 1890,Public Baths,amendment,66729,https://laws.gov.tt/ttdll-web/revision/download/66729?type=amendment
Chronological list by year,1890,No. 32 of 1890,Summary Conviction Offences,amendment,66727,https://laws.gov.tt/ttdll-web/revision/download/66727?type=amendment
Chronological list by year,1890,No. 31 of 1890,Public Works Loan,amendment,66733,https://laws.gov.tt/ttdll-web/revision/download/66733?type=amendment
Chronological list by year,1890,No. 30 of 1890,Parasol Ants,amendment,66731,https://laws.gov.tt/ttdll-web/revision/download/66731?type=amendment
Chronological list by year,1890,No. 29 of 1890,Customs,amendment,66753,https://laws.gov.tt/ttdll-web/revision/download/66753?type=amendment
Chronological list by year,1890,No. 28 of 1890,Inscribed Stock,amendment,66751,https://laws.gov.tt/ttdll-web/revision/download/66751?type=amendment
Chronological list by year,1890,No. 27 of 1890,Census,amendment,66757,https://laws.gov.tt/ttdll-web/revision/download/66757?type=amendment
Chronological list by year,1890,No. 26 of 1890,Savings Banks,amendment,66755,https://laws.gov.tt/ttdll-web/revision/download/66755?type=amendment
Chronological list by year,1890,No. 25 of 1890,Land Tax,amendment,66745,https://laws.gov.tt/ttdll-web/revision/download/66745?type=amendment
Chronological list by year,1890,No. 24 of 1890,Public Library,amendment,66743,https://laws.gov.tt/ttdll-web/revision/download/66743?type=amendment
Chronological list by year,1890,No. 23 of 1890,Police,amendment,66749,https://laws.gov.tt/ttdll-web/revision/download/66749?type=amendment
Chronological list by year,1890,No. 22 of 1890,Roman Catholic Archbishop,amendment,66747,https://laws.gov.tt/ttdll-web/revision/download/66747?type=amendment
Chronological list by year,1890,No. 21 of 1890,Companies (not for gain),amendment,66771,https://laws.gov.tt/ttdll-web/revision/download/66771?type=amendment
Chronological list by year,1890,No. 20 of 1890,Fire (Tobago),amendment,66773,https://laws.gov.tt/ttdll-web/revision/download/66773?type=amendment
Chronological list by year,1890,No. 19 of 1890,Trinidad Mutual Fire Insurance,amendment,66767,https://laws.gov.tt/ttdll-web/revision/download/66767?type=amendment
Chronological list by year,1890,No. 18 of 1890,Widows and Orphans Fund,amendment,66769,https://laws.gov.tt/ttdll-web/revision/download/66769?type=amendment
Chronological list by year,1890,No. 17 of 1890,Elementary Education,amendment,66763,https://laws.gov.tt/ttdll-web/revision/download/66763?type=amendment
Chronological list by year,1890,No. 16 of 1890,Real Property,amendment,66765,https://laws.gov.tt/ttdll-web/revision/download/66765?type=amendment
Chronological list by year,1890,No. 15 of 1890,Port-of-Spain Improvement Loan,amendment,66759,https://laws.gov.tt/ttdll-web/revision/download/66759?type=amendment
Chronological list by year,1890,No. 14 of 1890,Supplemental Appropriation,amendment,66761,https://laws.gov.tt/ttdll-web/revision/download/66761?type=amendment
Chronological list by year,1890,No. 13 of 1890,Colonial Prisoners Expenses,amendment,66787,https://laws.gov.tt/ttdll-web/revision/download/66787?type=amendment
Chronological list by year,1890,No. 12 of 1890,Trinidad Mutual Fire Insurance Company,amendment,66789,https://laws.gov.tt/ttdll-web/revision/download/66789?type=amendment
Chronological list by year,1890,No. 11 of 1890,Signatures to negotiable instruments,amendment,66783,https://laws.gov.tt/ttdll-web/revision/download/66783?type=amendment
Chronological list by year,1890,No. 10 of 1890,Public Works and Road Loan Board,amendment,66785,https://laws.gov.tt/ttdll-web/revision/download/66785?type=amendment
Chronological list by year,1890,No. 9 of 1890,Public Works Loan,amendment,66779,https://laws.gov.tt/ttdll-web/revision/download/66779?type=amendment
Chronological list by year,1890,No. 8 of 1890,Diseased Sugar Canes,amendment,66781,https://laws.gov.tt/ttdll-web/revision/download/66781?type=amendment
Chronological list by year,1890,No. 7 of 1890,Trinidad and Tobago Post,amendment,33476,https://laws.gov.tt/ttdll-web/revision/download/33476?type=amendment
Chronological list by year,1890,No. 6 of 1890,Visiting Justices,amendment,66775,https://laws.gov.tt/ttdll-web/revision/download/66775?type=amendment
Chronological list by year,1890,No. 5 of 1890,Immigration Fund,amendment,66777,https://laws.gov.tt/ttdll-web/revision/download/66777?type=amendment
Chronological list by year,1890,No. 4 of 1890,Widows and Orphans Fund,amendment,66805,https://laws.gov.tt/ttdll-web/revision/download/66805?type=amendment
Chronological list by year,1890,No. 3 of 1890,Trespass (Tobago),amendment,66803,https://laws.gov.tt/ttdll-web/revision/download/66803?type=amendment
Chronological list by year,1890,No. 2 of 1890,Tobago Excise,amendment,66801,https://laws.gov.tt/ttdll-web/revision/download/66801?type=amendment
Chronological list by year,1890,No. 1 of 1890,Reformatories,amendment,66799,https://laws.gov.tt/ttdll-web/revision/download/66799?type=amendment
Chronological list by year,1889,No. 24 of 1889,Immigration Fund,amendment,66797,https://laws.gov.tt/ttdll-web/revision/download/66797?type=amendment
Chronological list by year,1889,No. 23 of 1889,Appropriation,amendment,66795,https://laws.gov.tt/ttdll-web/revision/download/66795?type=amendment
Chronological list by year,1889,No. 22 of 1889,Pawnbrokers,amendment,66793,https://laws.gov.tt/ttdll-web/revision/download/66793?type=amendment
Chronological list by year,1889,No. 21 of 1889,Savings Banks,amendment,66791,https://laws.gov.tt/ttdll-web/revision/download/66791?type=amendment
Chronological list by year,1889,No. 20 of 1889,Land Charges,amendment,66821,https://laws.gov.tt/ttdll-web/revision/download/66821?type=amendment
Chronological list by year,1889,No. 19 of 1889,Companies,amendment,66819,https://laws.gov.tt/ttdll-web/revision/download/66819?type=amendment
Chronological list by year,1889,No. 18 of 1889,Custody of infants,amendment,66817,https://laws.gov.tt/ttdll-web/revision/download/66817?type=amendment
Chronological list by year,1889,No. 17 of 1889,Immigrants-marriage and divorce,amendment,66815,https://laws.gov.tt/ttdll-web/revision/download/66815?type=amendment
Chronological list by year,1889,No. 16 of 1889,District Courts,amendment,66813,https://laws.gov.tt/ttdll-web/revision/download/66813?type=amendment
Chronological list by year,1889,No. 15 of 1889,Shipwrecked Passengers,amendment,66811,https://laws.gov.tt/ttdll-web/revision/download/66811?type=amendment
Chronological list by year,1889,No. 14 of 1889,Colonial Prisoners Expenses,amendment,66809,https://laws.gov.tt/ttdll-web/revision/download/66809?type=amendment
Chronological list by year,1889,No. 13 of 1889,Arima Hackney Carriages,amendment,66807,https://laws.gov.tt/ttdll-web/revision/download/66807?type=amendment
Chronological list by year,1889,No. 12 of 1889,,amendment,3731,https://laws.gov.tt/ttdll-web/revision/download/3731?type=amendment
Chronological list by year,1889,No. 11 of 1889,Customs,amendment,67097,https://laws.gov.tt/ttdll-web/revision/download/67097?type=amendment
Chronological list by year,1889,No. 10 of 1889,Tobago Juries,amendment,67095,https://laws.gov.tt/ttdll-web/revision/download/67095?type=amendment
Chronological list by year,1889,No. 9 of 1889,Agricultural Contracts,amendment,67101,https://laws.gov.tt/ttdll-web/revision/download/67101?type=amendment
Chronological list by year,1889,No. 8 of 1889,The Real Property Ordinance,amendment,67099,https://laws.gov.tt/ttdll-web/revision/download/67099?type=amendment
Chronological list by year,1889,No. 7 of 1889,Supreme Court Sittings in Tobago,amendment,67105,https://laws.gov.tt/ttdll-web/revision/download/67105?type=amendment
Chronological list by year,1889,No. 6 of 1889,Supplemental Estimates,amendment,67103,https://laws.gov.tt/ttdll-web/revision/download/67103?type=amendment
Chronological list by year,1889,No. 5 of 1889,Testing and Warehousing Rum,amendment,67109,https://laws.gov.tt/ttdll-web/revision/download/67109?type=amendment
Chronological list by year,1889,No. 4 of 1889,Digging Asphalt on Crown Lands,amendment,67107,https://laws.gov.tt/ttdll-web/revision/download/67107?type=amendment
Chronological list by year,1889,No. 3 of 1889,Friendly Societies,amendment,67081,https://laws.gov.tt/ttdll-web/revision/download/67081?type=amendment
Chronological list by year,1889,No. 2 of 1889,Medical Board,amendment,67079,https://laws.gov.tt/ttdll-web/revision/download/67079?type=amendment
Chronological list by year,1889,No. 1 of 1889,Criminal Law Amendment,amendment,67085,https://laws.gov.tt/ttdll-web/revision/download/67085?type=amendment
Chronological list by year,1888,No. 26 of 1888,Trinidad and Tobago Post,amendment,33468,https://laws.gov.tt/ttdll-web/revision/download/33468?type=amendment
Chronological list by year,1888,No. 25 of 1888,Bastards,amendment,67083,https://laws.gov.tt/ttdll-web/revision/download/67083?type=amendment
Chronological list by year,1888,No. 24 of 1888,District Courts,amendment,67089,https://laws.gov.tt/ttdll-web/revision/download/67089?type=amendment
Chronological list by year,1888,No. 23 of 1888,Digging of Asphalt on Crown Lands,amendment,67087,https://laws.gov.tt/ttdll-web/revision/download/67087?type=amendment
Chronological list by year,1888,No. 22 of 1888,Immigration Fund,amendment,67093,https://laws.gov.tt/ttdll-web/revision/download/67093?type=amendment
Chronological list by year,1888,No. 21 of 1888,Customs Duties,amendment,67091,https://laws.gov.tt/ttdll-web/revision/download/67091?type=amendment
Chronological list by year,1888,No. 20 of 1888,Appropriation,amendment,67127,https://laws.gov.tt/ttdll-web/revision/download/67127?type=amendment
Chronological list by year,1888,No. 19 of 1888,Customs,amendment,67129,https://laws.gov.tt/ttdll-web/revision/download/67129?type=amendment
Chronological list by year,1888,No. 18 of 1888,Friendly Societies,amendment,67131,https://laws.gov.tt/ttdll-web/revision/download/67131?type=amendment
Chronological list by year,1888,No. 17 of 1888,Petty Civil Court,amendment,67133,https://laws.gov.tt/ttdll-web/revision/download/67133?type=amendment
Chronological list by year,1888,No. 16 of 1888,Distilleries,amendment,67135,https://laws.gov.tt/ttdll-web/revision/download/67135?type=amendment
Chronological list by year,1888,No. 15 of 1888,Cordials and Compounds,amendment,67137,https://laws.gov.tt/ttdll-web/revision/download/67137?type=amendment
Chronological list by year,1888,No. 14 of 1888,Liquor Licences,amendment,19437,https://laws.gov.tt/ttdll-web/revision/download/19437?type=amendment
Chronological list by year,1888,No. 13 of 1888,Streets Regulation,amendment,67139,https://laws.gov.tt/ttdll-web/revision/download/67139?type=amendment
Chronological list by year,1888,No. 12 of 1888,Princes Town Buildings,amendment,67141,https://laws.gov.tt/ttdll-web/revision/download/67141?type=amendment
Chronological list by year,1888,No. 11 of 1888,Probate and Legacy duty,amendment,67111,https://laws.gov.tt/ttdll-web/revision/download/67111?type=amendment
Chronological list by year,1888,No. 10 of 1888,Copyright,amendment,67113,https://laws.gov.tt/ttdll-web/revision/download/67113?type=amendment
Chronological list by year,1888,No. 9 of 1888,Port-of-Spain-Improvement Loan,amendment,67115,https://laws.gov.tt/ttdll-web/revision/download/67115?type=amendment
Chronological list by year,1888,No. 8 of 1888,Port-of-Spain Gas Works,amendment,67117,https://laws.gov.tt/ttdll-web/revision/download/67117?type=amendment
Chronological list by year,1888,No. 7 of 1888,Merchandise Marks,amendment,67119,https://laws.gov.tt/ttdll-web/revision/download/67119?type=amendment
Chronological list by year,1888,No. 6 of 1888,Port-of-Spain Waterworks,amendment,67121,https://laws.gov.tt/ttdll-web/revision/download/67121?type=amendment
Chronological list by year,1888,No. 5 of 1888,Gaming,amendment,67123,https://laws.gov.tt/ttdll-web/revision/download/67123?type=amendment
Chronological list by year,1888,No. 4 of 1888,Quarantine,amendment,67125,https://laws.gov.tt/ttdll-web/revision/download/67125?type=amendment
Chronological list by year,1888,No. 3 of 1888,Supplemental Estimates,amendment,67165,https://laws.gov.tt/ttdll-web/revision/download/67165?type=amendment
Chronological list by year,1888,No. 2 of 1888,Whipping,amendment,67163,https://laws.gov.tt/ttdll-web/revision/download/67163?type=amendment
Chronological list by year,1888,No. 1 of 1888,Asphalt Duty,amendment,67161,https://laws.gov.tt/ttdll-web/revision/download/67161?type=amendment
Chronological list by year,1887,No. 28 of 1887,San Fernando Buildings,amendment,67159,https://laws.gov.tt/ttdll-web/revision/download/67159?type=amendment
Chronological list by year,1887,No. 27 of 1887,Magisterial Procedure,amendment,67173,https://laws.gov.tt/ttdll-web/revision/download/67173?type=amendment
Chronological list by year,1887,No. 26 of 1887,Immigration Fund,amendment,67171,https://laws.gov.tt/ttdll-web/revision/download/67171?type=amendment
Chronological list by year,1887,No. 25 of 1887,Petty Civil Court,amendment,67169,https://laws.gov.tt/ttdll-web/revision/download/67169?type=amendment
Chronological list by year,1887,No. 24 of 1887,Customs Duties,amendment,67167,https://laws.gov.tt/ttdll-web/revision/download/67167?type=amendment
Chronological list by year,1887,No. 23 of 1887,Distress for rent,amendment,67149,https://laws.gov.tt/ttdll-web/revision/download/67149?type=amendment
Chronological list by year,1887,No. 22 of 1887,Assault and Battery,amendment,67147,https://laws.gov.tt/ttdll-web/revision/download/67147?type=amendment
Chronological list by year,1887,No. 21 of 1887,Criminal Offences,amendment,4754,https://laws.gov.tt/ttdll-web/revision/download/4754?type=amendment
Chronological list by year,1887,No. 20 of 1887,Appropriation,amendment,67145,https://laws.gov.tt/ttdll-web/revision/download/67145?type=amendment
Chronological list by year,1887,No. 19 of 1887,Magisterial Procedure,amendment,67143,https://laws.gov.tt/ttdll-web/revision/download/67143?type=amendment
Chronological list by year,1887,No. 18 of 1887,Dogs,amendment,67157,https://laws.gov.tt/ttdll-web/revision/download/67157?type=amendment
Chronological list by year,1887,No. 17 of 1887,Fairbanks weighing machines,amendment,67155,https://laws.gov.tt/ttdll-web/revision/download/67155?type=amendment
Chronological list by year,1887,No. 16 of 1887,Industrial Schools,amendment,67153,https://laws.gov.tt/ttdll-web/revision/download/67153?type=amendment
Chronological list by year,1887,No. 15 of 1887,Registrar General,amendment,67151,https://laws.gov.tt/ttdll-web/revision/download/67151?type=amendment
Chronological list by year,1887,No. 14 of 1887,Larceny,amendment,18220,https://laws.gov.tt/ttdll-web/revision/download/18220?type=amendment
Chronological list by year,1887,No. 13 of 1887,Criminal Sessions (Calendar),amendment,67195,https://laws.gov.tt/ttdll-web/revision/download/67195?type=amendment
Chronological list by year,1887,No. 12 of 1887,Immigration,amendment,67197,https://laws.gov.tt/ttdll-web/revision/download/67197?type=amendment
Chronological list by year,1887,No. 11 of 1887,Foreign Parcel Post,amendment,67191,https://laws.gov.tt/ttdll-web/revision/download/67191?type=amendment
Chronological list by year,1887,No. 10 of 1887,Medical Board,amendment,67193,https://laws.gov.tt/ttdll-web/revision/download/67193?type=amendment
Chronological list by year,1887,No. 9 of 1887,Customs Duties,amendment,67203,https://laws.gov.tt/ttdll-web/revision/download/67203?type=amendment
Chronological list by year,1887,No. 8 of 1887,Supplementary Appropriation,amendment,67205,https://laws.gov.tt/ttdll-web/revision/download/67205?type=amendment
Chronological list by year,1887,No. 7 of 1887,San Fernando-Hucksters Porters and Carters,amendment,67199,https://laws.gov.tt/ttdll-web/revision/download/67199?type=amendment
Chronological list by year,1887,No. 6 of 1887,Medical Board,amendment,67201,https://laws.gov.tt/ttdll-web/revision/download/67201?type=amendment
Chronological list by year,1887,No. 5 of 1887,Contagious Diseases,amendment,67179,https://laws.gov.tt/ttdll-web/revision/download/67179?type=amendment
Chronological list by year,1887,No. 4 of 1887,Port-of-Spain Electric Lighting,amendment,67181,https://laws.gov.tt/ttdll-web/revision/download/67181?type=amendment
Chronological list by year,1887,No. 3 of 1887,Immigration,amendment,67175,https://laws.gov.tt/ttdll-web/revision/download/67175?type=amendment
Chronological list by year,1887,No. 2 of 1887,Inquest as to Death,amendment,67177,https://laws.gov.tt/ttdll-web/revision/download/67177?type=amendment
Chronological list by year,1887,No. 1 of 1887,Collection of Taxes,amendment,67187,https://laws.gov.tt/ttdll-web/revision/download/67187?type=amendment
Chronological list by year,1886,No. 24 of 1886,Immigration Fund,amendment,67189,https://laws.gov.tt/ttdll-web/revision/download/67189?type=amendment
Chronological list by year,1886,No. 23 of 1886,Stamp Fees,amendment,67183,https://laws.gov.tt/ttdll-web/revision/download/67183?type=amendment
Chronological list by year,1886,No. 22 of 1886,Praedial Larceny,amendment,67185,https://laws.gov.tt/ttdll-web/revision/download/67185?type=amendment
Chronological list by year,1886,No. 21 of 1886,Inland Parcel Post,amendment,66977,https://laws.gov.tt/ttdll-web/revision/download/66977?type=amendment
Chronological list by year,1886,No. 20 of 1886,Quarantine,amendment,66975,https://laws.gov.tt/ttdll-web/revision/download/66975?type=amendment
Chronological list by year,1886,No. 19 of 1886,Port-of-Spain Electric Lighting,amendment,66981,https://laws.gov.tt/ttdll-web/revision/download/66981?type=amendment
Chronological list by year,1886,No. 18 of 1886,Petty Civil Court,amendment,66979,https://laws.gov.tt/ttdll-web/revision/download/66979?type=amendment
Chronological list by year,1886,No. 17 of 1886,Appropriation,amendment,66969,https://laws.gov.tt/ttdll-web/revision/download/66969?type=amendment
Chronological list by year,1886,No. 16 of 1886,San Fernando Water Rates,amendment,66967,https://laws.gov.tt/ttdll-web/revision/download/66967?type=amendment
Chronological list by year,1886,No. 15 of 1886,Liquor Licences,amendment,19429,https://laws.gov.tt/ttdll-web/revision/download/19429?type=amendment
Chronological list by year,1886,No. 15 of 1886,Liquor Licences,amendment,66973,https://laws.gov.tt/ttdll-web/revision/download/66973?type=amendment
Chronological list by year,1886,No. 14 of 1886,Port-of-Spain Hucksters and Carters,amendment,66971,https://laws.gov.tt/ttdll-web/revision/download/66971?type=amendment
Chronological list by year,1886,No. 13 of 1886,Wild Birds,amendment,66961,https://laws.gov.tt/ttdll-web/revision/download/66961?type=amendment
Chronological list by year,1886,No. 12 of 1886,Navy Discipline,amendment,66959,https://laws.gov.tt/ttdll-web/revision/download/66959?type=amendment
Chronological list by year,1886,No. 11 of 1886,Port-of-Spain sea lots,amendment,66965,https://laws.gov.tt/ttdll-web/revision/download/66965?type=amendment
Chronological list by year,1886,No. 10 of 1886,San Fernando Wharf Dues,amendment,66963,https://laws.gov.tt/ttdll-web/revision/download/66963?type=amendment
Chronological list by year,1886,No. 8 of 1886,Port-of-Spain Waterworks,amendment,66953,https://laws.gov.tt/ttdll-web/revision/download/66953?type=amendment
Chronological list by year,1886,No. 7 of 1886,Education-(Secondary),amendment,66951,https://laws.gov.tt/ttdll-web/revision/download/66951?type=amendment
Chronological list by year,1886,No. 6 of 1886,Supplemental Estimates,amendment,66957,https://laws.gov.tt/ttdll-web/revision/download/66957?type=amendment
Chronological list by year,1886,No. 5 of 1886,San Fernando Wharf Dues,amendment,66955,https://laws.gov.tt/ttdll-web/revision/download/66955?type=amendment
Chronological list by year,1886,No. 4 of 1886,Customs Duties,amendment,67007,https://laws.gov.tt/ttdll-web/revision/download/67007?type=amendment
Chronological list by year,1886,No. 3 of 1886,Savings Banks,amendment,67009,https://laws.gov.tt/ttdll-web/revision/download/67009?type=amendment
Chronological list by year,1886,No. 2 of 1886,Customs Duties,amendment,67011,https://laws.gov.tt/ttdll-web/revision/download/67011?type=amendment
Chronological list by year,1886,No. 1 of 1886,Receiver General,amendment,67013,https://laws.gov.tt/ttdll-web/revision/download/67013?type=amendment
Chronological list by year,1885,No. 24 of 1885,Police Force,amendment,66999,https://laws.gov.tt/ttdll-web/revision/download/66999?type=amendment
Chronological list by year,1885,No. 23 of 1885,Port-of-Spain Waterworks,amendment,67001,https://laws.gov.tt/ttdll-web/revision/download/67001?type=amendment
Chronological list by year,1885,No. 22 of 1885,Duty on Rum,amendment,67003,https://laws.gov.tt/ttdll-web/revision/download/67003?type=amendment
Chronological list by year,1885,No. 21 of 1885,Customs Duties,amendment,67005,https://laws.gov.tt/ttdll-web/revision/download/67005?type=amendment
Chronological list by year,1885,No. 20 of 1885,Appropriation,amendment,66991,https://laws.gov.tt/ttdll-web/revision/download/66991?type=amendment
Chronological list by year,1885,No. 19 of 1885,Immigration Fund,amendment,66993,https://laws.gov.tt/ttdll-web/revision/download/66993?type=amendment
Chronological list by year,1885,No. 18 of 1885,San Fernando Schools,amendment,66995,https://laws.gov.tt/ttdll-web/revision/download/66995?type=amendment
Chronological list by year,1885,No. 17 of 1885,Customs Duties,amendment,66997,https://laws.gov.tt/ttdll-web/revision/download/66997?type=amendment
Chronological list by year,1885,No. 16 of 1885,Sale of Land by Roman Catholic Archbishop,amendment,66983,https://laws.gov.tt/ttdll-web/revision/download/66983?type=amendment
Chronological list by year,1885,No. 15 of 1885,Whipping of Juveniles,amendment,66985,https://laws.gov.tt/ttdll-web/revision/download/66985?type=amendment
Chronological list by year,1885,No. 14 of 1885,Duties on Asphalt,amendment,66987,https://laws.gov.tt/ttdll-web/revision/download/66987?type=amendment
Chronological list by year,1885,No. 13 of 1885,Ganja,amendment,66989,https://laws.gov.tt/ttdll-web/revision/download/66989?type=amendment
Chronological list by year,1885,No. 12 of 1885,Immigration,amendment,67045,https://laws.gov.tt/ttdll-web/revision/download/67045?type=amendment
Chronological list by year,1885,No. 11 of 1885,Stamp Fees,amendment,67043,https://laws.gov.tt/ttdll-web/revision/download/67043?type=amendment
Chronological list by year,1885,No. 10 of 1885,Locusts,amendment,67041,https://laws.gov.tt/ttdll-web/revision/download/67041?type=amendment
Chronological list by year,1885,No. 9 of 1885,San Fernando Waterworks,amendment,67039,https://laws.gov.tt/ttdll-web/revision/download/67039?type=amendment
Chronological list by year,1885,No. 8 of 1885,Liquor Licences,amendment,19427,https://laws.gov.tt/ttdll-web/revision/download/19427?type=amendment
Chronological list by year,1885,No. 7 of 1885,Supplemental Appropriation,amendment,67037,https://laws.gov.tt/ttdll-web/revision/download/67037?type=amendment
Chronological list by year,1885,No. 6 of 1885,Immigration,amendment,67035,https://laws.gov.tt/ttdll-web/revision/download/67035?type=amendment
Chronological list by year,1885,No. 5 of 1885,Malicious Injury to Property,amendment,67033,https://laws.gov.tt/ttdll-web/revision/download/67033?type=amendment
Chronological list by year,1885,No. 4 of 1885,Land and House Tax,amendment,67031,https://laws.gov.tt/ttdll-web/revision/download/67031?type=amendment
Chronological list by year,1885,No. 3 of 1885,Port-of-Spain Tramways,amendment,67029,https://laws.gov.tt/ttdll-web/revision/download/67029?type=amendment
Chronological list by year,1885,No. 2 of 1885,Railway Debentures,amendment,67027,https://laws.gov.tt/ttdll-web/revision/download/67027?type=amendment
Chronological list by year,1885,No. 1 of 1885,Sale of Cocoa,amendment,67025,https://laws.gov.tt/ttdll-web/revision/download/67025?type=amendment
Chronological list by year,1884,No. 22 of 1884,Conveyancing and Law of Property,amendment,67023,https://laws.gov.tt/ttdll-web/revision/download/67023?type=amendment
Chronological list by year,1884,No. 21 of 1884,Immigration Fund,amendment,67021,https://laws.gov.tt/ttdll-web/revision/download/67021?type=amendment
Chronological list by year,1884,No. 20 of 1884,Appropriation,amendment,67019,https://laws.gov.tt/ttdll-web/revision/download/67019?type=amendment
Chronological list by year,1884,No. 19 of 1884,Malicious Injury to Property,amendment,67017,https://laws.gov.tt/ttdll-web/revision/download/67017?type=amendment
Chronological list by year,1884,No. 18 of 1884,Execution and Registration of Deeds,amendment,67015,https://laws.gov.tt/ttdll-web/revision/download/67015?type=amendment
Chronological list by year,1884,No. 17 of 1884,Municipal Corporations,amendment,67075,https://laws.gov.tt/ttdll-web/revision/download/67075?type=amendment
Chronological list by year,1884,No. 16 of 1884,Married Womens Property,amendment,67077,https://laws.gov.tt/ttdll-web/revision/download/67077?type=amendment
Chronological list by year,1884,No. 15 of 1884,Bills of Sale,amendment,67071,https://laws.gov.tt/ttdll-web/revision/download/67071?type=amendment
Chronological list by year,1884,No. 14 of 1884,Bills of Exchange,amendment,67073,https://laws.gov.tt/ttdll-web/revision/download/67073?type=amendment
Chronological list by year,1884,No. 13 of 1884,Juries,amendment,67067,https://laws.gov.tt/ttdll-web/revision/download/67067?type=amendment
Chronological list by year,1884,No. 12 of 1884,Criminal Procedure,amendment,67069,https://laws.gov.tt/ttdll-web/revision/download/67069?type=amendment
Chronological list by year,1884,No. 11 of 1884,Supplemental Estimates,amendment,67063,https://laws.gov.tt/ttdll-web/revision/download/67063?type=amendment
Chronological list by year,1884,No. 10 of 1884,Summary Conviction Offences,amendment,67065,https://laws.gov.tt/ttdll-web/revision/download/67065?type=amendment
Chronological list by year,1884,No. 9 of 1884,Malicious Injury to Property,amendment,67059,https://laws.gov.tt/ttdll-web/revision/download/67059?type=amendment
Chronological list by year,1884,No. 8 of 1884,Explosives,amendment,67061,https://laws.gov.tt/ttdll-web/revision/download/67061?type=amendment
Chronological list by year,1884,No. 7 of 1884,Election of Ward Auditors,amendment,67055,https://laws.gov.tt/ttdll-web/revision/download/67055?type=amendment
Chronological list by year,1884,No. 6 of 1884,San Fernando Building,amendment,67057,https://laws.gov.tt/ttdll-web/revision/download/67057?type=amendment
Chronological list by year,1884,No. 5 of 1884,Municipal Corporations,amendment,67051,https://laws.gov.tt/ttdll-web/revision/download/67051?type=amendment
Chronological list by year,1884,No. 4 of 1884,San Fernando Volunteer Fire Brigade,amendment,67053,https://laws.gov.tt/ttdll-web/revision/download/67053?type=amendment
Chronological list by year,1884,No. 3 of 1884,Liquor Licences,amendment,67047,https://laws.gov.tt/ttdll-web/revision/download/67047?type=amendment
Chronological list by year,1884,No. 2 of 1884,Summary Conviction Offences,amendment,67049,https://laws.gov.tt/ttdll-web/revision/download/67049?type=amendment
Chronological list by year,1884,No. 1 of 1884,Peace Preservation,amendment,65507,https://laws.gov.tt/ttdll-web/revision/download/65507?type=amendment
Chronological list by year,1883,No. 20 of 1883,Streets Regulation,amendment,65509,https://laws.gov.tt/ttdll-web/revision/download/65509?type=amendment
Chronological list by year,1883,No. 19 of 1883,Immigration Fund,amendment,65503,https://laws.gov.tt/ttdll-web/revision/download/65503?type=amendment
Chronological list by year,1883,No. 18 of 1883,Port-of-Spain Tramways,amendment,65505,https://laws.gov.tt/ttdll-web/revision/download/65505?type=amendment
Chronological list by year,1883,No. 17 of 1883,Towns Definition-(Liquor Licences),amendment,65499,https://laws.gov.tt/ttdll-web/revision/download/65499?type=amendment
Chronological list by year,1883,No. 16 of 1883,Appropriation,amendment,65501,https://laws.gov.tt/ttdll-web/revision/download/65501?type=amendment
Chronological list by year,1883,No. 15 of 1883,Payment of Debts out of Real Estate,amendment,65495,https://laws.gov.tt/ttdll-web/revision/download/65495?type=amendment
Chronological list by year,1883,No. 14 of 1883,Railway Extension to Princes Town,amendment,65497,https://laws.gov.tt/ttdll-web/revision/download/65497?type=amendment
Chronological list by year,1883,No. 13 of 1883,San Fernando Buildings,amendment,65491,https://laws.gov.tt/ttdll-web/revision/download/65491?type=amendment
Chronological list by year,1883,No. 12 of 1883,Customs,amendment,65493,https://laws.gov.tt/ttdll-web/revision/download/65493?type=amendment
Chronological list by year,1883,No. 11 of 1883,Summary Conviction Offences,amendment,65487,https://laws.gov.tt/ttdll-web/revision/download/65487?type=amendment
Chronological list by year,1883,No. 10 of 1883,Borough Constables,amendment,65489,https://laws.gov.tt/ttdll-web/revision/download/65489?type=amendment
Chronological list by year,1883,No. 9 of 1883,Port-of-Spain Waterworks,amendment,65483,https://laws.gov.tt/ttdll-web/revision/download/65483?type=amendment
Chronological list by year,1883,No. 8 of 1883,Harbours,amendment,14330,https://laws.gov.tt/ttdll-web/revision/download/14330?type=amendment
Chronological list by year,1883,No. 7 of 1883,Port-of-Spain Tramways,amendment,65485,https://laws.gov.tt/ttdll-web/revision/download/65485?type=amendment
Chronological list by year,1883,No. 6 of 1883,Corporal Punishment,amendment,65479,https://laws.gov.tt/ttdll-web/revision/download/65479?type=amendment
Chronological list by year,1883,No. 5 of 1883,Supplemental Appropriation,amendment,65481,https://laws.gov.tt/ttdll-web/revision/download/65481?type=amendment
Chronological list by year,1883,No. 4 of 1883,Squatters on Crown Land,amendment,65541,https://laws.gov.tt/ttdll-web/revision/download/65541?type=amendment
Chronological list by year,1883,No. 3 of 1883,Port-of-Spain Improvement Loan,amendment,65539,https://laws.gov.tt/ttdll-web/revision/download/65539?type=amendment
Chronological list by year,1883,No. 2 of 1883,Dr. Mitchell's Pension,amendment,65537,https://laws.gov.tt/ttdll-web/revision/download/65537?type=amendment
Chronological list by year,1883,No. 1 of 1883,Savings Banks,amendment,65535,https://laws.gov.tt/ttdll-web/revision/download/65535?type=amendment
Chronological list by year,1882,No. 17 of 1882,To amend 8 of 1882,amendment,65533,https://laws.gov.tt/ttdll-web/revision/download/65533?type=amendment
Chronological list by year,1882,No. 16 of 1882,Regulation of Queens Park,amendment,65531,https://laws.gov.tt/ttdll-web/revision/download/65531?type=amendment
Chronological list by year,1882,No. 15 of 1882,To amend Savings Banks Ordinance 1882,amendment,65529,https://laws.gov.tt/ttdll-web/revision/download/65529?type=amendment
Chronological list by year,1882,No. 14 of 1882,Immigration Funds-1883,amendment,65527,https://laws.gov.tt/ttdll-web/revision/download/65527?type=amendment
Chronological list by year,1882,No. 13 of 1882,Defraying expenses of Government-1883,amendment,65525,https://laws.gov.tt/ttdll-web/revision/download/65525?type=amendment
Chronological list by year,1882,No. 12 of 1882,Punishment of offences of Railways-Telegraphs,amendment,65523,https://laws.gov.tt/ttdll-web/revision/download/65523?type=amendment
Chronological list by year,1882,No. 11 of 1882,To amend 17 of 1881-Defraying expenses of Government,amendment,65521,https://laws.gov.tt/ttdll-web/revision/download/65521?type=amendment
Chronological list by year,1882,No. 10 of 1882,"Mayor, Burgesses etc., to maintain Market on extended wharf",amendment,65519,https://laws.gov.tt/ttdll-web/revision/download/65519?type=amendment
Chronological list by year,1882,No. 9 of 1882,Festivals of Immigrants,amendment,65517,https://laws.gov.tt/ttdll-web/revision/download/65517?type=amendment
Chronological list by year,1882,No. 8 of 1882,Joseph Brown Payne-maintain tramways in Port-of-Spain,amendment,65515,https://laws.gov.tt/ttdll-web/revision/download/65515?type=amendment
Chronological list by year,1882,No. 7 of 1882,Supplemental Estimates-1881,amendment,65513,https://laws.gov.tt/ttdll-web/revision/download/65513?type=amendment
Chronological list by year,1882,No. 6 of 1882,Mediation,amendment,26040,https://laws.gov.tt/ttdll-web/revision/download/26040?type=amendment
Chronological list by year,1882,No. 5 of 1882,Restrict the introduction of Paupers-to the Colony,amendment,65511,https://laws.gov.tt/ttdll-web/revision/download/65511?type=amendment
Chronological list by year,1882,No. 4 of 1882,Savings Banks-consolidate and amend,amendment,65439,https://laws.gov.tt/ttdll-web/revision/download/65439?type=amendment
Chronological list by year,1882,No. 3 of 1882,Duties of Customs-amend,amendment,65441,https://laws.gov.tt/ttdll-web/revision/download/65441?type=amendment
Chronological list by year,1882,No. 2 of 1882,To amend Merchant Shipping,amendment,65443,https://laws.gov.tt/ttdll-web/revision/download/65443?type=amendment
Chronological list by year,1882,No. 1 of 1882,"Loan 120,000-Completion of San Fernando Railway-Cumuto to Guaracara",amendment,65445,https://laws.gov.tt/ttdll-web/revision/download/65445?type=amendment
Chronological list by year,1881,No. 23 of 1881,"Loan �140,300-Completion of San Fernando Extension -Railway - Cumuto-Guaracara",amendment,65431,https://laws.gov.tt/ttdll-web/revision/download/65431?type=amendment
Chronological list by year,1881,No. 22 of 1881,Immigration-Funds 1882,amendment,65433,https://laws.gov.tt/ttdll-web/revision/download/65433?type=amendment
Chronological list by year,1881,No. 21 of 1881,Prohibiting keeping open of shops after a certain hour on Sunday,amendment,65435,https://laws.gov.tt/ttdll-web/revision/download/65435?type=amendment
Chronological list by year,1881,No. 20 of 1881,To Amend Education-1875,amendment,65437,https://laws.gov.tt/ttdll-web/revision/download/65437?type=amendment
Chronological list by year,1881,No. 19 of 1881,To amend Foreign reprints Ordinance-1874,amendment,65423,https://laws.gov.tt/ttdll-web/revision/download/65423?type=amendment
Chronological list by year,1881,No. 18 of 1881,Immigration Funds-1882,amendment,65425,https://laws.gov.tt/ttdll-web/revision/download/65425?type=amendment
Chronological list by year,1881,No. 17 of 1881,Defraying expenses of Government-1882,amendment,65427,https://laws.gov.tt/ttdll-web/revision/download/65427?type=amendment
Chronological list by year,1881,No. 16 of 1881,To repeal duties on Rum etc.-raise other duties,amendment,65429,https://laws.gov.tt/ttdll-web/revision/download/65429?type=amendment
Chronological list by year,1881,No. 15 of 1881,Mediation,amendment,26038,https://laws.gov.tt/ttdll-web/revision/download/26038?type=amendment
Chronological list by year,1881,No. 14 of 1881,Hackney Carriages San Fernando 1881-to amend,amendment,65415,https://laws.gov.tt/ttdll-web/revision/download/65415?type=amendment
Chronological list by year,1881,No. 13 of 1881,Public Land Charges Ordinance 1879 to be applied to Diego Martin Water Rate,amendment,65417,https://laws.gov.tt/ttdll-web/revision/download/65417?type=amendment
Chronological list by year,1881,No. 12 of 1881,To amend 5 of 1873-Salary of Officers of the Administering of Government of Trinidad,amendment,65419,https://laws.gov.tt/ttdll-web/revision/download/65419?type=amendment
Chronological list by year,1881,No. 11 of 1881,Discipline of the Police Force,amendment,65421,https://laws.gov.tt/ttdll-web/revision/download/65421?type=amendment
Chronological list by year,1881,No. 10 of 1881,Protection of certain Wild Birds,amendment,65473,https://laws.gov.tt/ttdll-web/revision/download/65473?type=amendment
Chronological list by year,1881,No. 9 of 1881,To amend Public Health-1869,amendment,65471,https://laws.gov.tt/ttdll-web/revision/download/65471?type=amendment
Chronological list by year,1881,No. 8 of 1881,Defraying expenses of Government-1881,amendment,65477,https://laws.gov.tt/ttdll-web/revision/download/65477?type=amendment
Chronological list by year,1881,No. 7 of 1881,Supplemental Estimates-1880,amendment,65475,https://laws.gov.tt/ttdll-web/revision/download/65475?type=amendment
Chronological list by year,1881,No. 6 of 1881,Marriages and Divorces of Indian Immigrants,amendment,65465,https://laws.gov.tt/ttdll-web/revision/download/65465?type=amendment
Chronological list by year,1881,No. 5 of 1881,Hackney Carriages-San Fernando,amendment,65463,https://laws.gov.tt/ttdll-web/revision/download/65463?type=amendment
Chronological list by year,1881,No. 4 of 1881,To amend Harbours 1880,amendment,65469,https://laws.gov.tt/ttdll-web/revision/download/65469?type=amendment
Chronological list by year,1881,No. 3 of 1881,Repealing certain Orders in Council-ceased to be in force,amendment,65467,https://laws.gov.tt/ttdll-web/revision/download/65467?type=amendment
Chronological list by year,1881,No. 2 of 1881,Coroners-amend,amendment,65457,https://laws.gov.tt/ttdll-web/revision/download/65457?type=amendment
Chronological list by year,1881,No. 1 of 1881,Licences for the retail of Intoxicating liquor,amendment,65455,https://laws.gov.tt/ttdll-web/revision/download/65455?type=amendment
Chronological list by year,1880,No. 19 of 1880,Immigration Funds-1881,amendment,65461,https://laws.gov.tt/ttdll-web/revision/download/65461?type=amendment
Chronological list by year,1880,No. 18 of 1880,Defraying Expenses of Government-1881,amendment,65459,https://laws.gov.tt/ttdll-web/revision/download/65459?type=amendment
Chronological list by year,1880,No. 17 of 1880,Adulteration of Food and Drugs,amendment,65449,https://laws.gov.tt/ttdll-web/revision/download/65449?type=amendment
Chronological list by year,1880,No. 16 of 1880,Appointment of Additional Constables,amendment,65447,https://laws.gov.tt/ttdll-web/revision/download/65447?type=amendment
Chronological list by year,1880,No. 15 of 1880,Imprisonment for Debt-amend,amendment,65453,https://laws.gov.tt/ttdll-web/revision/download/65453?type=amendment
Chronological list by year,1880,No. 14 of 1880,Customs-amend,amendment,65451,https://laws.gov.tt/ttdll-web/revision/download/65451?type=amendment
Chronological list by year,1880,No. 13 of 1880,Regulation of Harbours,amendment,65627,https://laws.gov.tt/ttdll-web/revision/download/65627?type=amendment
Chronological list by year,1880,No. 12 of 1880,Census 1881,amendment,65629,https://laws.gov.tt/ttdll-web/revision/download/65629?type=amendment
Chronological list by year,1880,No. 11 of 1880,Supplemental Estimates 1879,amendment,65623,https://laws.gov.tt/ttdll-web/revision/download/65623?type=amendment
Chronological list by year,1880,No. 10 of 1880,Registration of Assurances,amendment,65625,https://laws.gov.tt/ttdll-web/revision/download/65625?type=amendment
Chronological list by year,1880,No. 9 of 1880,Loss of Registered Letters-Compensation,amendment,65635,https://laws.gov.tt/ttdll-web/revision/download/65635?type=amendment
Chronological list by year,1880,No. 8 of 1880,"Loans �250,000-Construction of Railways",amendment,65637,https://laws.gov.tt/ttdll-web/revision/download/65637?type=amendment
Chronological list by year,1880,No. 7 of 1880,Persons subject to Supervision of the Police-Convicts on licence,amendment,65631,https://laws.gov.tt/ttdll-web/revision/download/65631?type=amendment
Chronological list by year,1880,No. 6 of 1880,Administration of Justice by Stipendiary Justice of the Peace to amend,amendment,65633,https://laws.gov.tt/ttdll-web/revision/download/65633?type=amendment
Chronological list by year,1880,No. 5 of 1880,Volunteer Ordinance 1879-to amend,amendment,65611,https://laws.gov.tt/ttdll-web/revision/download/65611?type=amendment
Chronological list by year,1880,No. 4 of 1880,Weights and Measures,amendment,65613,https://laws.gov.tt/ttdll-web/revision/download/65613?type=amendment
Chronological list by year,1880,No. 3 of 1880,Waterworks-amend,amendment,65607,https://laws.gov.tt/ttdll-web/revision/download/65607?type=amendment
Chronological list by year,1880,No. 2 of 1880,Gunpowder and explosive substances,amendment,65609,https://laws.gov.tt/ttdll-web/revision/download/65609?type=amendment
Chronological list by year,1880,No. 1 of 1880,To effect an exchange of certain lands-(private),amendment,65619,https://laws.gov.tt/ttdll-web/revision/download/65619?type=amendment
Chronological list by year,1879,No. 29 of 1879,Supplemental Estimates 1878,amendment,65621,https://laws.gov.tt/ttdll-web/revision/download/65621?type=amendment
Chronological list by year,1879,No. 28 of 1879,Constitution of one Supreme Court-Better Administration of Justice,amendment,65615,https://laws.gov.tt/ttdll-web/revision/download/65615?type=amendment
Chronological list by year,1879,No. 27 of 1879,Immigration Funds 1880,amendment,65617,https://laws.gov.tt/ttdll-web/revision/download/65617?type=amendment
Chronological list by year,1879,No. 26 of 1879,Defraying expenses of Government-1880,amendment,65661,https://laws.gov.tt/ttdll-web/revision/download/65661?type=amendment
Chronological list by year,1879,No. 25 of 1879,To impose a tax on land and houses,amendment,65659,https://laws.gov.tt/ttdll-web/revision/download/65659?type=amendment
Chronological list by year,1879,No. 24 of 1879,Weights and Measures,amendment,65657,https://laws.gov.tt/ttdll-web/revision/download/65657?type=amendment
Chronological list by year,1879,No. 23 of 1879,To Repeal S43 of Customs Ordinance 1878,amendment,65655,https://laws.gov.tt/ttdll-web/revision/download/65655?type=amendment
Chronological list by year,1879,No. 22 of 1879,Management of Roads,amendment,65669,https://laws.gov.tt/ttdll-web/revision/download/65669?type=amendment
Chronological list by year,1879,No. 21 of 1879,"To grant to the Mayor and Burgesses of Port-of-Spain, certain pieces of land, forming part of Tranquillity Pasture for the improvement of Tranquillity Lane",amendment,65667,https://laws.gov.tt/ttdll-web/revision/download/65667?type=amendment
Chronological list by year,1879,No. 20 of 1879,"To amend 13 of 1868-Granting of Licences-rum, beer etc.",amendment,65665,https://laws.gov.tt/ttdll-web/revision/download/65665?type=amendment
Chronological list by year,1879,No. 19 of 1879,Customs Duties,amendment,65663,https://laws.gov.tt/ttdll-web/revision/download/65663?type=amendment
Chronological list by year,1879,No. 18 of 1879,Proceedings before Justices of the Peace-Fees,amendment,65645,https://laws.gov.tt/ttdll-web/revision/download/65645?type=amendment
Chronological list by year,1879,No. 17 of 1879,To Vest Guaracara Tramroad in Her Majesty the Queen,amendment,65643,https://laws.gov.tt/ttdll-web/revision/download/65643?type=amendment
Chronological list by year,1879,No. 16 of 1879,Manufacturer of Cordials and other compounds,amendment,65641,https://laws.gov.tt/ttdll-web/revision/download/65641?type=amendment
Chronological list by year,1879,No. 15 of 1879,Recovery of Public Land Charges,amendment,65639,https://laws.gov.tt/ttdll-web/revision/download/65639?type=amendment
Chronological list by year,1879,No. 14 of 1879,Sale of Opium,amendment,65653,https://laws.gov.tt/ttdll-web/revision/download/65653?type=amendment
Chronological list by year,1879,No. 13 of 1879,To prevent trespassing on Railways,amendment,65651,https://laws.gov.tt/ttdll-web/revision/download/65651?type=amendment
Chronological list by year,1879,No. 12 of 1879,Railway-extending to San Fernando,amendment,65649,https://laws.gov.tt/ttdll-web/revision/download/65649?type=amendment
Chronological list by year,1879,No. 11 of 1879,Provision as to signature-Negotiable instruments,amendment,65647,https://laws.gov.tt/ttdll-web/revision/download/65647?type=amendment
Chronological list by year,1879,No. 10 of 1879,To amend 4 of 1858-Investment of Suitors moneys,amendment,65559,https://laws.gov.tt/ttdll-web/revision/download/65559?type=amendment
Chronological list by year,1879,No. 9 of 1879,Licences to be at large-convicts under Imprisonment,amendment,65561,https://laws.gov.tt/ttdll-web/revision/download/65561?type=amendment
Chronological list by year,1879,No. 8 of 1879,Management and Disposal of Crown Lands,amendment,65563,https://laws.gov.tt/ttdll-web/revision/download/65563?type=amendment
Chronological list by year,1879,No. 7 of 1879,Riot,amendment,29206,https://laws.gov.tt/ttdll-web/revision/download/29206?type=amendment
Chronological list by year,1879,No. 6 of 1879,To provide for the constitution of a Volunteer Force,amendment,65565,https://laws.gov.tt/ttdll-web/revision/download/65565?type=amendment
Chronological list by year,1879,No. 5 of 1879,To enable Trustees to sell No. 3 George Street Port-of-Spain (private),amendment,65567,https://laws.gov.tt/ttdll-web/revision/download/65567?type=amendment
Chronological list by year,1879,No. 4 of 1879,Statutory Declarations,amendment,65569,https://laws.gov.tt/ttdll-web/revision/download/65569?type=amendment
Chronological list by year,1879,No. 3 of 1879,Execution of Deeds,amendment,65571,https://laws.gov.tt/ttdll-web/revision/download/65571?type=amendment
Chronological list by year,1879,No. 2 of 1879,To amend Labourers Protection Ordinances,amendment,65573,https://laws.gov.tt/ttdll-web/revision/download/65573?type=amendment
Chronological list by year,1879,No. 1 of 1879,To Vest rights in new Company-West India Panama Telegraph Company Limited,amendment,65543,https://laws.gov.tt/ttdll-web/revision/download/65543?type=amendment
Chronological list by year,1878,No. 26 of 1878,Immigration Funds 1879,amendment,65545,https://laws.gov.tt/ttdll-web/revision/download/65545?type=amendment
Chronological list by year,1878,No. 25 of 1878,Defraying Expenses of Government-1879,amendment,65547,https://laws.gov.tt/ttdll-web/revision/download/65547?type=amendment
Chronological list by year,1878,No. 24 of 1878,To Vest in Her Majesty the Queen-San Fernando Tramroad,amendment,65549,https://laws.gov.tt/ttdll-web/revision/download/65549?type=amendment
Chronological list by year,1878,No. 23 of 1878,Revenue and Expenditure of Ward Unions on General Estimates of Colony,amendment,65551,https://laws.gov.tt/ttdll-web/revision/download/65551?type=amendment
Chronological list by year,1878,No. 22 of 1878,To change official names-Immigration Department,amendment,65553,https://laws.gov.tt/ttdll-web/revision/download/65553?type=amendment
Chronological list by year,1878,No. 21 of 1878,To prevent Fraudulent Enlistment of Immigrant Labourers to foreign parts,amendment,65555,https://laws.gov.tt/ttdll-web/revision/download/65555?type=amendment
Chronological list by year,1878,No. 20 of 1878,To amend Customs Ordinance 1878,amendment,65557,https://laws.gov.tt/ttdll-web/revision/download/65557?type=amendment
Chronological list by year,1878,No. 19 of 1878,Governor to make Rules and Regulations-Tramroads,amendment,65593,https://laws.gov.tt/ttdll-web/revision/download/65593?type=amendment
Chronological list by year,1878,No. 18 of 1878,To amend Crown Lands Ordinance 1875,amendment,65591,https://laws.gov.tt/ttdll-web/revision/download/65591?type=amendment
Chronological list by year,1878,No. 17 of 1878,To fix security to be given by the Marshal,amendment,65597,https://laws.gov.tt/ttdll-web/revision/download/65597?type=amendment
Chronological list by year,1878,No. 16 of 1878,To repeal-Ordinance for the erection of Bridge-Arouca River,amendment,65595,https://laws.gov.tt/ttdll-web/revision/download/65595?type=amendment
Chronological list by year,1878,No. 15 of 1878,Wardens-amending,amendment,65601,https://laws.gov.tt/ttdll-web/revision/download/65601?type=amendment
Chronological list by year,1878,No. 14 of 1878,To continue-Wild Birds Protection Ordinance 1875,amendment,65599,https://laws.gov.tt/ttdll-web/revision/download/65599?type=amendment
Chronological list by year,1878,No. 13 of 1878,Supplemental Estimates 1877,amendment,65605,https://laws.gov.tt/ttdll-web/revision/download/65605?type=amendment
Chronological list by year,1878,No. 12 of 1878,To exempt canteen in Police Barracks-Liquor licences etc.,amendment,65603,https://laws.gov.tt/ttdll-web/revision/download/65603?type=amendment
Chronological list by year,1878,No. 11 of 1878,Customs,amendment,65577,https://laws.gov.tt/ttdll-web/revision/download/65577?type=amendment
Chronological list by year,1878,No. 10 of 1878,To repeal 14 of 1869-Raising Duties of Wharfage,amendment,65575,https://laws.gov.tt/ttdll-web/revision/download/65575?type=amendment
Chronological list by year,1878,No. 9 of 1878,To render valid certain assessments of Ward Rate and Returns,amendment,65581,https://laws.gov.tt/ttdll-web/revision/download/65581?type=amendment
Chronological list by year,1878,No. 8 of 1878,To effect an exchange of certain lands (private),amendment,65579,https://laws.gov.tt/ttdll-web/revision/download/65579?type=amendment
Chronological list by year,1878,No. 7 of 1878,Customs Duties,amendment,65585,https://laws.gov.tt/ttdll-web/revision/download/65585?type=amendment
Chronological list by year,1878,No. 6 of 1878,To appropriate a portion of Surplus Funds of the Colony,amendment,65583,https://laws.gov.tt/ttdll-web/revision/download/65583?type=amendment
Chronological list by year,1878,No. 5 of 1878,Time of Sessions-Supreme Criminal Court in Port-of-Spain,amendment,65589,https://laws.gov.tt/ttdll-web/revision/download/65589?type=amendment
Chronological list by year,1878,No. 4 of 1878,To increase duty on Rum and Spirits-distilled in the Colony,amendment,65587,https://laws.gov.tt/ttdll-web/revision/download/65587?type=amendment
Chronological list by year,1878,No. 3 of 1878,"Customs Duties on oils rum, tobacco",amendment,65237,https://laws.gov.tt/ttdll-web/revision/download/65237?type=amendment
Chronological list by year,1878,No. 2 of 1878,Criminal Offences,amendment,4752,https://laws.gov.tt/ttdll-web/revision/download/4752?type=amendment
Chronological list by year,1878,No. 1 of 1878,"Raising Loan of �170,000-Construction of Railways",amendment,65235,https://laws.gov.tt/ttdll-web/revision/download/65235?type=amendment
Chronological list by year,1877,No. 22 of 1877,To impose a duty on licences to use guns,amendment,65233,https://laws.gov.tt/ttdll-web/revision/download/65233?type=amendment
Chronological list by year,1877,No. 21 of 1877,Immigration Funds-1878,amendment,65231,https://laws.gov.tt/ttdll-web/revision/download/65231?type=amendment
Chronological list by year,1877,No. 20 of 1877,Defraying Expenses of Govetnment-1878,amendment,65229,https://laws.gov.tt/ttdll-web/revision/download/65229?type=amendment
Chronological list by year,1877,No. 19 of 1877,To make perpetual-Complaint Court,amendment,65227,https://laws.gov.tt/ttdll-web/revision/download/65227?type=amendment
Chronological list by year,1877,No. 18 of 1877,To amend 28 of 1868,amendment,65225,https://laws.gov.tt/ttdll-web/revision/download/65225?type=amendment
Chronological list by year,1877,No. 17 of 1877,Penalties for Crimes-amend,amendment,65223,https://laws.gov.tt/ttdll-web/revision/download/65223?type=amendment
Chronological list by year,1877,No. 16 of 1877,Offences Against the Person,amendment,29588,https://laws.gov.tt/ttdll-web/revision/download/29588?type=amendment
Chronological list by year,1877,No. 15 of 1877,Offences against Property-amend,amendment,65253,https://laws.gov.tt/ttdll-web/revision/download/65253?type=amendment
Chronological list by year,1877,No. 14 of 1877,Extending Railway-Port-of-Spain to Arima,amendment,65251,https://laws.gov.tt/ttdll-web/revision/download/65251?type=amendment
Chronological list by year,1877,No. 13 of 1877,Hackney Carriages in Port-of-Spain,amendment,65249,https://laws.gov.tt/ttdll-web/revision/download/65249?type=amendment
Chronological list by year,1877,No. 12 of 1877,To amend 13 of 1868,amendment,65247,https://laws.gov.tt/ttdll-web/revision/download/65247?type=amendment
Chronological list by year,1877,No. 11 of 1877,Supplemental Estimates 1876,amendment,65245,https://laws.gov.tt/ttdll-web/revision/download/65245?type=amendment
Chronological list by year,1877,No. 10 of 1877,Protection of the Estates of Deceased Persons,amendment,65243,https://laws.gov.tt/ttdll-web/revision/download/65243?type=amendment
Chronological list by year,1877,No. 9 of 1877,Legacy and Succession Duty,amendment,65241,https://laws.gov.tt/ttdll-web/revision/download/65241?type=amendment
Chronological list by year,1877,No. 8 of 1877,To fix security to be given by Receiver General,amendment,65239,https://laws.gov.tt/ttdll-web/revision/download/65239?type=amendment
Chronological list by year,1877,No. 7 of 1877,"Extradition Acts-1870, 1873-United Kingdom",amendment,65267,https://laws.gov.tt/ttdll-web/revision/download/65267?type=amendment
Chronological list by year,1877,No. 6 of 1877,To impose a duty on Licences to use guns,amendment,65269,https://laws.gov.tt/ttdll-web/revision/download/65269?type=amendment
Chronological list by year,1877,No. 5 of 1877,Custody of Lunatics,amendment,65263,https://laws.gov.tt/ttdll-web/revision/download/65263?type=amendment
Chronological list by year,1877,No. 4 of 1877,To discontinue Drawback for Wharfage Duties,amendment,65265,https://laws.gov.tt/ttdll-web/revision/download/65265?type=amendment
Chronological list by year,1877,No. 3 of 1877,Quarantine-amend,amendment,65259,https://laws.gov.tt/ttdll-web/revision/download/65259?type=amendment
Chronological list by year,1877,No. 2 of 1877,Regulating the Complaint Court,amendment,65261,https://laws.gov.tt/ttdll-web/revision/download/65261?type=amendment
Chronological list by year,1877,No. 1 of 1877,Imprisonment for Debt-amend,amendment,65255,https://laws.gov.tt/ttdll-web/revision/download/65255?type=amendment
Chronological list by year,1876,No. 19 of 1876,To exempt manures from customs duties,amendment,65257,https://laws.gov.tt/ttdll-web/revision/download/65257?type=amendment
Chronological list by year,1876,No. 18 of 1876,To abolish duties on Trade Licences,amendment,65283,https://laws.gov.tt/ttdll-web/revision/download/65283?type=amendment
Chronological list by year,1876,No. 17 of 1876,Wardens-amending,amendment,65285,https://laws.gov.tt/ttdll-web/revision/download/65285?type=amendment
Chronological list by year,1876,No. 16 of 1876,Procedure on Quit Rents-simplifying,amendment,65279,https://laws.gov.tt/ttdll-web/revision/download/65279?type=amendment
Chronological list by year,1876,No. 15 of 1876,Immigration-Funds 1877,amendment,65281,https://laws.gov.tt/ttdll-web/revision/download/65281?type=amendment
Chronological list by year,1876,No. 14 of 1876,To amend 24 of 1875-Education,amendment,65275,https://laws.gov.tt/ttdll-web/revision/download/65275?type=amendment
Chronological list by year,1876,No. 13 of 1876,To repeal duties on tonnage,amendment,65277,https://laws.gov.tt/ttdll-web/revision/download/65277?type=amendment
Chronological list by year,1876,No. 12 of 1876,Distillation of Rums and Spirits-amending,amendment,65271,https://laws.gov.tt/ttdll-web/revision/download/65271?type=amendment
Chronological list by year,1876,No. 11 of 1876,Defraying expenses of Government-1877,amendment,65273,https://laws.gov.tt/ttdll-web/revision/download/65273?type=amendment
Chronological list by year,1876,No. 10 of 1876,To appoint a Collector and Surveyor of Customs,amendment,65169,https://laws.gov.tt/ttdll-web/revision/download/65169?type=amendment
Chronological list by year,1876,No. 9 of 1876,Mayor and Burgesses to raise money to improve Port-of-Spain,amendment,65167,https://laws.gov.tt/ttdll-web/revision/download/65167?type=amendment
Chronological list by year,1876,No. 8 of 1876,Merchant Shipping to amend,amendment,65173,https://laws.gov.tt/ttdll-web/revision/download/65173?type=amendment
Chronological list by year,1876,No. 7 of 1876,"To demonetize Spanish, Mexican and Columbian silver coins and dollars",amendment,65171,https://laws.gov.tt/ttdll-web/revision/download/65171?type=amendment
Chronological list by year,1876,No. 6 of 1876,Superannuation allowances to Municipal Officers,amendment,65161,https://laws.gov.tt/ttdll-web/revision/download/65161?type=amendment
Chronological list by year,1876,No. 5 of 1876,Supplemental Estimates 1875,amendment,65159,https://laws.gov.tt/ttdll-web/revision/download/65159?type=amendment
Chronological list by year,1876,No. 4 of 1876,Industrial Schools-Establishment and Regulation,amendment,65165,https://laws.gov.tt/ttdll-web/revision/download/65165?type=amendment
Chronological list by year,1876,No. 3 of 1876,Sittings of Complaint Court in San Fernando,amendment,65163,https://laws.gov.tt/ttdll-web/revision/download/65163?type=amendment
Chronological list by year,1876,No. 2 of 1876,Application of Penalities to amend,amendment,65185,https://laws.gov.tt/ttdll-web/revision/download/65185?type=amendment
Chronological list by year,1876,No. 1 of 1876,To amend Law as to Burial Grounds,amendment,65183,https://laws.gov.tt/ttdll-web/revision/download/65183?type=amendment
Chronological list by year,1875,No. 32 of 1875,"To amend Petroleum 1872, 1874",amendment,65189,https://laws.gov.tt/ttdll-web/revision/download/65189?type=amendment
Chronological list by year,1875,No. 31 of 1875,Funds Immigration 1876,amendment,65187,https://laws.gov.tt/ttdll-web/revision/download/65187?type=amendment
Chronological list by year,1875,No. 30 of 1875,Crown Lands-Management and Disposal,amendment,65177,https://laws.gov.tt/ttdll-web/revision/download/65177?type=amendment
Chronological list by year,1875,No. 29 of 1875,Offences on Railway and Telegraphs,amendment,65175,https://laws.gov.tt/ttdll-web/revision/download/65175?type=amendment
Chronological list by year,1875,No. 28 of 1875,Importation of Cocoa and Wines,amendment,65181,https://laws.gov.tt/ttdll-web/revision/download/65181?type=amendment
Chronological list by year,1875,No. 27 of 1875,To amend 10 of 1853-Municipal Corporations,amendment,65179,https://laws.gov.tt/ttdll-web/revision/download/65179?type=amendment
Chronological list by year,1875,No. 26 of 1875,Defraying expenses of Government,amendment,65199,https://laws.gov.tt/ttdll-web/revision/download/65199?type=amendment
Chronological list by year,1875,No. 25 of 1875,Coroners-amend,amendment,65201,https://laws.gov.tt/ttdll-web/revision/download/65201?type=amendment
Chronological list by year,1875,No. 24 of 1875,To amend 6 of 1870-Education,amendment,65203,https://laws.gov.tt/ttdll-web/revision/download/65203?type=amendment
Chronological list by year,1875,No. 23 of 1875,Custody of Lunatics,amendment,65205,https://laws.gov.tt/ttdll-web/revision/download/65205?type=amendment
Chronological list by year,1875,No. 22 of 1875,Purchase of San Fernando Jetty by Government,amendment,65191,https://laws.gov.tt/ttdll-web/revision/download/65191?type=amendment
Chronological list by year,1875,No. 21 of 1875,Board of Commissioners Cipero Tramway-Licences,amendment,65193,https://laws.gov.tt/ttdll-web/revision/download/65193?type=amendment
Chronological list by year,1875,No. 20 of 1875,Merchant Shipping-amend,amendment,65195,https://laws.gov.tt/ttdll-web/revision/download/65195?type=amendment
Chronological list by year,1875,No. 19 of 1875,Crown Lands,amendment,65197,https://laws.gov.tt/ttdll-web/revision/download/65197?type=amendment
Chronological list by year,1875,No. 18 of 1875,Vesting Bishop of Church of England powers formerly in Bishop of Barbados,amendment,65215,https://laws.gov.tt/ttdll-web/revision/download/65215?type=amendment
Chronological list by year,1875,No. 17 of 1875,Regulation of Street and Traffic in Port-of-Spain and San Fernando,amendment,65217,https://laws.gov.tt/ttdll-web/revision/download/65217?type=amendment
Chronological list by year,1875,No. 16 of 1875,Amend-Animal Trespass,amendment,65219,https://laws.gov.tt/ttdll-web/revision/download/65219?type=amendment
Chronological list by year,1875,No. 15 of 1875,Protection of certain wild birds,amendment,65221,https://laws.gov.tt/ttdll-web/revision/download/65221?type=amendment
Chronological list by year,1875,No. 14 of 1875,Mayaro-Port of Entry,amendment,65207,https://laws.gov.tt/ttdll-web/revision/download/65207?type=amendment
Chronological list by year,1875,No. 13 of 1875,Assisted Schools-primary,amendment,65209,https://laws.gov.tt/ttdll-web/revision/download/65209?type=amendment
Chronological list by year,1875,No. 12 of 1875,Port-of-Spain Waterworks-amendment,amendment,65211,https://laws.gov.tt/ttdll-web/revision/download/65211?type=amendment
Chronological list by year,1875,No. 11 of 1875,Appeals-summary convictions,amendment,65213,https://laws.gov.tt/ttdll-web/revision/download/65213?type=amendment
Chronological list by year,1875,No. 10 of 1875,Appointment-Director of Public Works,amendment,65357,https://laws.gov.tt/ttdll-web/revision/download/65357?type=amendment
Chronological list by year,1875,No. 9 of 1875,Immigration-amend,amendment,65355,https://laws.gov.tt/ttdll-web/revision/download/65355?type=amendment
Chronological list by year,1875,No. 8 of 1875,Supplemental Estimates,amendment,65353,https://laws.gov.tt/ttdll-web/revision/download/65353?type=amendment
Chronological list by year,1875,No. 7 of 1875,Ligne Francaise de Navigation a Vapeur,amendment,65351,https://laws.gov.tt/ttdll-web/revision/download/65351?type=amendment
Chronological list by year,1875,No. 6 of 1875,Exemptions from Port Dues,amendment,65365,https://laws.gov.tt/ttdll-web/revision/download/65365?type=amendment
Chronological list by year,1875,No. 5 of 1875,Management of Roads,amendment,65363,https://laws.gov.tt/ttdll-web/revision/download/65363?type=amendment
Chronological list by year,1875,No. 4 of 1875,Costs-in suits with the Crown,amendment,65361,https://laws.gov.tt/ttdll-web/revision/download/65361?type=amendment
Chronological list by year,1875,No. 3 of 1875,Punishment and Custody of offenders,amendment,65359,https://laws.gov.tt/ttdll-web/revision/download/65359?type=amendment
Chronological list by year,1875,No. 2 of 1875,Director of Public Works-appointment,amendment,65373,https://laws.gov.tt/ttdll-web/revision/download/65373?type=amendment
Chronological list by year,1875,No. 1 of 1875,Funds Immigration 1875,amendment,65371,https://laws.gov.tt/ttdll-web/revision/download/65371?type=amendment
Chronological list by year,1874,No. 19 of 1874,To continue 8 of 1869-Crown Lands,amendment,65369,https://laws.gov.tt/ttdll-web/revision/download/65369?type=amendment
Chronological list by year,1874,No. 18 of 1874,Defraying expenses of Government,amendment,65367,https://laws.gov.tt/ttdll-web/revision/download/65367?type=amendment
Chronological list by year,1874,No. 17 of 1874,Funds Immigration,amendment,65381,https://laws.gov.tt/ttdll-web/revision/download/65381?type=amendment
Chronological list by year,1874,No. 16 of 1874,Abbreviating Legal Phraseology,amendment,65379,https://laws.gov.tt/ttdll-web/revision/download/65379?type=amendment
Chronological list by year,1874,No. 15 of 1874,Manufacture of cordials and compounds,amendment,65377,https://laws.gov.tt/ttdll-web/revision/download/65377?type=amendment
Chronological list by year,1874,No. 14 of 1874,Importation of foreign reprints,amendment,65375,https://laws.gov.tt/ttdll-web/revision/download/65375?type=amendment
Chronological list by year,1874,No. 13 of 1874,To amend Petroleum 1872,amendment,65387,https://laws.gov.tt/ttdll-web/revision/download/65387?type=amendment
Chronological list by year,1874,No. 12 of 1874,Appeals-against Summary Remedy-Persons deserting wives and children,amendment,65389,https://laws.gov.tt/ttdll-web/revision/download/65389?type=amendment
Chronological list by year,1874,No. 11 of 1874,Small Pox-General Health Rate,amendment,65383,https://laws.gov.tt/ttdll-web/revision/download/65383?type=amendment
Chronological list by year,1874,No. 10 of 1874,Petty Civil Court,amendment,65385,https://laws.gov.tt/ttdll-web/revision/download/65385?type=amendment
Chronological list by year,1874,No. 9 of 1874,Improving of Town of Port-of-Spain,amendment,65395,https://laws.gov.tt/ttdll-web/revision/download/65395?type=amendment
Chronological list by year,1874,No. 8 of 1874,Supreme Civil Court to sit in Bankruptcy in vacation,amendment,65397,https://laws.gov.tt/ttdll-web/revision/download/65397?type=amendment
Chronological list by year,1874,No. 7 of 1874,Election of Deputy Mayors,amendment,65391,https://laws.gov.tt/ttdll-web/revision/download/65391?type=amendment
Chronological list by year,1874,No. 6 of 1874,Enable Commissioners to distribute �256.13.4 Ordinance 18 of 1863,amendment,65393,https://laws.gov.tt/ttdll-web/revision/download/65393?type=amendment
Chronological list by year,1874,No. 5 of 1874,Board of Commissioners-Contract- Colonial Company Limited and Cipero Tramroad,amendment,65403,https://laws.gov.tt/ttdll-web/revision/download/65403?type=amendment
Chronological list by year,1874,No. 4 of 1874,Supplemental Estimates,amendment,65405,https://laws.gov.tt/ttdll-web/revision/download/65405?type=amendment
Chronological list by year,1874,No. 3 of 1874,San Fernando Tramroad-byelaws,amendment,65399,https://laws.gov.tt/ttdll-web/revision/download/65399?type=amendment
Chronological list by year,1874,No. 2 of 1874,Amend Law of Arrest,amendment,65401,https://laws.gov.tt/ttdll-web/revision/download/65401?type=amendment
Chronological list by year,1874,No. 1 of 1874,Assimilating Laws re coin,amendment,65411,https://laws.gov.tt/ttdll-web/revision/download/65411?type=amendment
Chronological list by year,1873,No. 20 of 1873,Reformatory Schools,amendment,65413,https://laws.gov.tt/ttdll-web/revision/download/65413?type=amendment
Chronological list by year,1873,No. 19 of 1873,Amending 27 of 1872-Customs duties,amendment,65407,https://laws.gov.tt/ttdll-web/revision/download/65407?type=amendment
Chronological list by year,1873,No. 18 of 1873,Defraying expenses of Government-1874,amendment,65409,https://laws.gov.tt/ttdll-web/revision/download/65409?type=amendment
Chronological list by year,1873,No. 17 of 1873,Funds Immigration 1874,amendment,65289,https://laws.gov.tt/ttdll-web/revision/download/65289?type=amendment
Chronological list by year,1873,No. 16 of 1873,Improvement of town of Port-of-Spain,amendment,65287,https://laws.gov.tt/ttdll-web/revision/download/65287?type=amendment
Chronological list by year,1873,No. 15 of 1873,To amend 7 of 1873,amendment,65293,https://laws.gov.tt/ttdll-web/revision/download/65293?type=amendment
Chronological list by year,1873,No. 14 of 1873,North German Lloyd Company,amendment,65291,https://laws.gov.tt/ttdll-web/revision/download/65291?type=amendment
Chronological list by year,1873,No. 13 of 1873,Assimilating Law of England-Addresses to Jury-Civil Actions,amendment,65297,https://laws.gov.tt/ttdll-web/revision/download/65297?type=amendment
Chronological list by year,1873,No. 12 of 1873,Market on the extended wharf,amendment,65295,https://laws.gov.tt/ttdll-web/revision/download/65295?type=amendment
Chronological list by year,1873,No. 11 of 1873,Establishing Railway-Port-of-Spain-Arima,amendment,65301,https://laws.gov.tt/ttdll-web/revision/download/65301?type=amendment
Chronological list by year,1873,No. 10 of 1873,Vesting in a single judge-powers to discharge debtors,amendment,65299,https://laws.gov.tt/ttdll-web/revision/download/65299?type=amendment
Chronological list by year,1873,No. 9 of 1873,To enable Local Road Boards-contracts 5 years,amendment,65305,https://laws.gov.tt/ttdll-web/revision/download/65305?type=amendment
Chronological list by year,1873,No. 8 of 1873,Incorporation of Bishop of Trinidad,amendment,65303,https://laws.gov.tt/ttdll-web/revision/download/65303?type=amendment
Chronological list by year,1873,No. 7 of 1873,Debentures-Railway-Port-of-Spain to Arima,amendment,65309,https://laws.gov.tt/ttdll-web/revision/download/65309?type=amendment
Chronological list by year,1873,No. 6 of 1873,Supplemental Estimates,amendment,65307,https://laws.gov.tt/ttdll-web/revision/download/65307?type=amendment
Chronological list by year,1873,No. 5 of 1873,Salaries of officers Administering Government,amendment,65313,https://laws.gov.tt/ttdll-web/revision/download/65313?type=amendment
Chronological list by year,1873,No. 4 of 1873,Repealing certain Ordinances which have ceased to be in force,amendment,65311,https://laws.gov.tt/ttdll-web/revision/download/65311?type=amendment
Chronological list by year,1873,No. 3 of 1873,To amend 28 of 1872,amendment,65317,https://laws.gov.tt/ttdll-web/revision/download/65317?type=amendment
Chronological list by year,1873,No. 2 of 1873,Licensing of Burial Grounds,amendment,65315,https://laws.gov.tt/ttdll-web/revision/download/65315?type=amendment
Chronological list by year,1873,No. 1 of 1873,Medical Board-Holders of foreign Diplomas,amendment,65319,https://laws.gov.tt/ttdll-web/revision/download/65319?type=amendment
Chronological list by year,1872,No. 28 of 1872,To repeal 15 of 1860,amendment,65321,https://laws.gov.tt/ttdll-web/revision/download/65321?type=amendment
Chronological list by year,1872,No. 27 of 1872,Customs Duties,amendment,65323,https://laws.gov.tt/ttdll-web/revision/download/65323?type=amendment
Chronological list by year,1872,No. 26 of 1872,Incorporation-Bishop of Church of England-Trinidad,amendment,65325,https://laws.gov.tt/ttdll-web/revision/download/65325?type=amendment
Chronological list by year,1872,No. 25 of 1872,Crown Agents-to make investments,amendment,65327,https://laws.gov.tt/ttdll-web/revision/download/65327?type=amendment
Chronological list by year,1872,No. 24 of 1872,Cunard line of Steamers,amendment,65329,https://laws.gov.tt/ttdll-web/revision/download/65329?type=amendment
Chronological list by year,1872,No. 23 of 1872,Vaccination,amendment,65331,https://laws.gov.tt/ttdll-web/revision/download/65331?type=amendment
Chronological list by year,1872,No. 22 of 1872,Amend 14 of 1869-Wharfage,amendment,65333,https://laws.gov.tt/ttdll-web/revision/download/65333?type=amendment
Chronological list by year,1872,No. 21 of 1872,Funds immigration-1873,amendment,65335,https://laws.gov.tt/ttdll-web/revision/download/65335?type=amendment
Chronological list by year,1872,No. 20 of 1872,Defraying Expenses of Government,amendment,65337,https://laws.gov.tt/ttdll-web/revision/download/65337?type=amendment
Chronological list by year,1872,No. 19 of 1872,Prevention of Glanders,amendment,65339,https://laws.gov.tt/ttdll-web/revision/download/65339?type=amendment
Chronological list by year,1872,No. 18 of 1872,To repeal 5 of 1869,amendment,65341,https://laws.gov.tt/ttdll-web/revision/download/65341?type=amendment
Chronological list by year,1872,No. 17 of 1872,To repeal 4 of 1869-Surgeon General,amendment,65343,https://laws.gov.tt/ttdll-web/revision/download/65343?type=amendment
Chronological list by year,1872,No. 16 of 1872,Appropriation of Casual Revenue to Crown,amendment,65345,https://laws.gov.tt/ttdll-web/revision/download/65345?type=amendment
Chronological list by year,1872,No. 15 of 1872,Altering line of Cipero Road Tramroad,amendment,65347,https://laws.gov.tt/ttdll-web/revision/download/65347?type=amendment
Chronological list by year,1872,No. 14 of 1872,Evidence-amending,amendment,65349,https://laws.gov.tt/ttdll-web/revision/download/65349?type=amendment
Chronological list by year,1872,No. 13 of 1872,Small Pox,amendment,66047,https://laws.gov.tt/ttdll-web/revision/download/66047?type=amendment
Chronological list by year,1872,No. 12 of 1872,"Criminal Sessions San Fernando October, December, 1872",amendment,66049,https://laws.gov.tt/ttdll-web/revision/download/66049?type=amendment
Chronological list by year,1872,No. 11 of 1872,Sittings of the Supreme Court,amendment,66051,https://laws.gov.tt/ttdll-web/revision/download/66051?type=amendment
Chronological list by year,1872,No. 10 of 1872,Public Holidays,amendment,66053,https://laws.gov.tt/ttdll-web/revision/download/66053?type=amendment
Chronological list by year,1872,No. 9 of 1872,Cases of Execution,amendment,66039,https://laws.gov.tt/ttdll-web/revision/download/66039?type=amendment
Chronological list by year,1872,No. 8 of 1872,To revive and continue in force 3 of 1872-Small Pox,amendment,66041,https://laws.gov.tt/ttdll-web/revision/download/66041?type=amendment
Chronological list by year,1872,No. 7 of 1872,Supplemental Estimates,amendment,66043,https://laws.gov.tt/ttdll-web/revision/download/66043?type=amendment
Chronological list by year,1872,No. 6 of 1872,Prevention of Danger from Petroleum,amendment,66045,https://laws.gov.tt/ttdll-web/revision/download/66045?type=amendment
Chronological list by year,1872,No. 5 of 1872,To amend 13 of 1870-Immigration,amendment,66031,https://laws.gov.tt/ttdll-web/revision/download/66031?type=amendment
Chronological list by year,1872,No. 4 of 1872,Hackney Carriages in Port-of-Spain,amendment,66033,https://laws.gov.tt/ttdll-web/revision/download/66033?type=amendment
Chronological list by year,1872,No. 3 of 1872,Small Pox,amendment,66035,https://laws.gov.tt/ttdll-web/revision/download/66035?type=amendment
Chronological list by year,1872,No. 2 of 1872,To amend 7 of 1869-Vaccination,amendment,66037,https://laws.gov.tt/ttdll-web/revision/download/66037?type=amendment
Chronological list by year,1872,No. 1 of 1872,West India and Panama Telegraph Company,amendment,66023,https://laws.gov.tt/ttdll-web/revision/download/66023?type=amendment
Chronological list by year,1871,No. 14 of 1871,Limiting Imprisonment for Debt,amendment,66025,https://laws.gov.tt/ttdll-web/revision/download/66025?type=amendment
Chronological list by year,1871,No. 13 of 1871,Funds Immigration 1872,amendment,66027,https://laws.gov.tt/ttdll-web/revision/download/66027?type=amendment
Chronological list by year,1871,No. 12 of 1871,Defraying expenses of Government,amendment,66029,https://laws.gov.tt/ttdll-web/revision/download/66029?type=amendment
Chronological list by year,1871,No. 11 of 1871,Fraudulent Debtors,amendment,66017,https://laws.gov.tt/ttdll-web/revision/download/66017?type=amendment
Chronological list by year,1871,No. 10 of 1871,Bankruptcy,amendment,66015,https://laws.gov.tt/ttdll-web/revision/download/66015?type=amendment
Chronological list by year,1871,No. 9 of 1871,Quarantine,amendment,66021,https://laws.gov.tt/ttdll-web/revision/download/66021?type=amendment
Chronological list by year,1871,No. 8 of 1871,Hamburg American Steam Packet Company,amendment,66019,https://laws.gov.tt/ttdll-web/revision/download/66019?type=amendment
Chronological list by year,1871,No. 7 of 1871,Admission of Attorneys and Solicitors,amendment,66009,https://laws.gov.tt/ttdll-web/revision/download/66009?type=amendment
Chronological list by year,1871,No. 6 of 1871,West India and Panama Telegraph Company,amendment,66007,https://laws.gov.tt/ttdll-web/revision/download/66007?type=amendment
Chronological list by year,1871,No. 5 of 1871,Bonding warehouses,amendment,66013,https://laws.gov.tt/ttdll-web/revision/download/66013?type=amendment
Chronological list by year,1871,No. 4 of 1871,To extend the time of repayment by Borough Council of Port-of-Spain money advanced re-Public Health- 1869,amendment,66011,https://laws.gov.tt/ttdll-web/revision/download/66011?type=amendment
Chronological list by year,1871,No. 3 of 1871,Supplemental Estimates,amendment,66001,https://laws.gov.tt/ttdll-web/revision/download/66001?type=amendment
Chronological list by year,1871,No. 2 of 1871,Ejectment,amendment,65999,https://laws.gov.tt/ttdll-web/revision/download/65999?type=amendment
Chronological list by year,1871,No. 1 of 1871,Registration of Droghers and Sailors- amend,amendment,66005,https://laws.gov.tt/ttdll-web/revision/download/66005?type=amendment
Chronological list by year,1870,No. 22 of 1870,Census,amendment,66003,https://laws.gov.tt/ttdll-web/revision/download/66003?type=amendment
Chronological list by year,1870,No. 21 of 1870,Relief-income tax assessment,amendment,65993,https://laws.gov.tt/ttdll-web/revision/download/65993?type=amendment
Chronological list by year,1870,No. 20 of 1870,Altering commencement dace-14 of 1870,amendment,65991,https://laws.gov.tt/ttdll-web/revision/download/65991?type=amendment
Chronological list by year,1870,No. 19 of 1870,Defraying expenses of Colony,amendment,65997,https://laws.gov.tt/ttdll-web/revision/download/65997?type=amendment
Chronological list by year,1870,No. 18 of 1870,Funds Immigration 1871,amendment,65995,https://laws.gov.tt/ttdll-web/revision/download/65995?type=amendment
Chronological list by year,1870,No. 17 of 1870,Attachment of Debts due to judgment Debtors,amendment,65987,https://laws.gov.tt/ttdll-web/revision/download/65987?type=amendment
Chronological list by year,1870,No. 16 of 1870,Roman Catholic Archbishop-incorporation,amendment,65989,https://laws.gov.tt/ttdll-web/revision/download/65989?type=amendment
Chronological list by year,1870,No. 15 of 1870,District Medical Officers,amendment,65983,https://laws.gov.tt/ttdll-web/revision/download/65983?type=amendment
Chronological list by year,1870,No. 14 of 1870,Real Property,amendment,65985,https://laws.gov.tt/ttdll-web/revision/download/65985?type=amendment
Chronological list by year,1870,No. 13 of 1870,Immigration,amendment,65979,https://laws.gov.tt/ttdll-web/revision/download/65979?type=amendment
Chronological list by year,1870,No. 12 of 1870,Supplemental estimates,amendment,65981,https://laws.gov.tt/ttdll-web/revision/download/65981?type=amendment
Chronological list by year,1870,No. 11 of 1870,To Repeal 20 of 1862,amendment,65975,https://laws.gov.tt/ttdll-web/revision/download/65975?type=amendment
Chronological list by year,1870,No. 10 of 1870,Repeal 14 of 1844,amendment,65977,https://laws.gov.tt/ttdll-web/revision/download/65977?type=amendment
Chronological list by year,1870,No. 9 of 1870,Supplying San Fernando with water,amendment,65971,https://laws.gov.tt/ttdll-web/revision/download/65971?type=amendment
Chronological list by year,1870,No. 8 of 1870,Bridges over Arouca River,amendment,65973,https://laws.gov.tt/ttdll-web/revision/download/65973?type=amendment
Chronological list by year,1870,No. 7 of 1870,Assessment of Lands and Houses-Arima Ward Union,amendment,65967,https://laws.gov.tt/ttdll-web/revision/download/65967?type=amendment
Chronological list by year,1870,No. 6 of 1870,Education,amendment,65969,https://laws.gov.tt/ttdll-web/revision/download/65969?type=amendment
Chronological list by year,1870,No. 5 of 1870,Appointment of Colonial Storekeeper,amendment,65963,https://laws.gov.tt/ttdll-web/revision/download/65963?type=amendment
Chronological list by year,1870,No. 4 of 1870,Repeal 13 of 1860,amendment,65965,https://laws.gov.tt/ttdll-web/revision/download/65965?type=amendment
Chronological list by year,1870,No. 3 of 1870,Feeding Indentured Immigrants,amendment,65959,https://laws.gov.tt/ttdll-web/revision/download/65959?type=amendment
Chronological list by year,1870,No. 2 of 1870,Alien Criminals,amendment,65961,https://laws.gov.tt/ttdll-web/revision/download/65961?type=amendment
Chronological list by year,1870,No. 1 of 1870,Habitual Criminals,amendment,65957,https://laws.gov.tt/ttdll-web/revision/download/65957?type=amendment
Chronological list by year,1869,No. 29 of 1869,Extending provisions-Roads 11 of 1969,amendment,65955,https://laws.gov.tt/ttdll-web/revision/download/65955?type=amendment
Chronological list by year,1869,No. 28 of 1869,Venezuelan Steam Transport Company,amendment,65953,https://laws.gov.tt/ttdll-web/revision/download/65953?type=amendment
Chronological list by year,1869,No. 27 of 1869,Funds-Immigration 1870,amendment,65951,https://laws.gov.tt/ttdll-web/revision/download/65951?type=amendment
Chronological list by year,1869,No. 26 of 1869,Female Immigrants,amendment,65949,https://laws.gov.tt/ttdll-web/revision/download/65949?type=amendment
Chronological list by year,1869,No. 25 of 1869,Promissory Oaths,amendment,65947,https://laws.gov.tt/ttdll-web/revision/download/65947?type=amendment
Chronological list by year,1869,No. 24 of 1869,Prevention of Accidents by Fire,amendment,65945,https://laws.gov.tt/ttdll-web/revision/download/65945?type=amendment
Chronological list by year,1869,No. 23 of 1869,Appointment of judges in certain cases,amendment,65943,https://laws.gov.tt/ttdll-web/revision/download/65943?type=amendment
Chronological list by year,1869,No. 22 of 1869,Defraying expenses of Government,amendment,65941,https://laws.gov.tt/ttdll-web/revision/download/65941?type=amendment
Chronological list by year,1869,No. 21 of 1869,Sessions at San Fernando-Supreme Criminal Court,amendment,65939,https://laws.gov.tt/ttdll-web/revision/download/65939?type=amendment
Chronological list by year,1869,No. 20 of 1869,Commissioners of Tramroads,amendment,65937,https://laws.gov.tt/ttdll-web/revision/download/65937?type=amendment
Chronological list by year,1869,No. 19 of 1869,Admission-Medical Board,amendment,65935,https://laws.gov.tt/ttdll-web/revision/download/65935?type=amendment
Chronological list by year,1869,No. 18 of 1869,Contagious Diseases,amendment,65933,https://laws.gov.tt/ttdll-web/revision/download/65933?type=amendment
Chronological list by year,1869,No. 17 of 1869,Appeals from summary convictions,amendment,65931,https://laws.gov.tt/ttdll-web/revision/download/65931?type=amendment
Chronological list by year,1869,No. 16 of 1869,Public Health,amendment,65929,https://laws.gov.tt/ttdll-web/revision/download/65929?type=amendment
Chronological list by year,1869,No. 15 of 1869,To unite offices-Inspector of Roads and Superintendent of Public Works,amendment,65927,https://laws.gov.tt/ttdll-web/revision/download/65927?type=amendment
Chronological list by year,1869,No. 14 of 1869,Wharfage,amendment,66167,https://laws.gov.tt/ttdll-web/revision/download/66167?type=amendment
Chronological list by year,1869,No. 13 of 1869,To amend 13 of 1868,amendment,66169,https://laws.gov.tt/ttdll-web/revision/download/66169?type=amendment
Chronological list by year,1869,No. 12 of 1869,Supplemental Estimates 1868,amendment,66171,https://laws.gov.tt/ttdll-web/revision/download/66171?type=amendment
Chronological list by year,1869,No. 11 of 1869,Roads,amendment,66173,https://laws.gov.tt/ttdll-web/revision/download/66173?type=amendment
Chronological list by year,1869,No. 10 of 1869,To amend 28 of 1868,amendment,66175,https://laws.gov.tt/ttdll-web/revision/download/66175?type=amendment
Chronological list by year,1869,No. 9 of 1869,Appointment-Superintendent of Public Works,amendment,66177,https://laws.gov.tt/ttdll-web/revision/download/66177?type=amendment
Chronological list by year,1869,No. 8 of 1869,"Crown Lands-management, disposal",amendment,66179,https://laws.gov.tt/ttdll-web/revision/download/66179?type=amendment
Chronological list by year,1869,No. 7 of 1869,Vaccination,amendment,66181,https://laws.gov.tt/ttdll-web/revision/download/66181?type=amendment
Chronological list by year,1869,No. 6 of 1869,"Fouling of waters, streams etc.-summary remedy",amendment,66151,https://laws.gov.tt/ttdll-web/revision/download/66151?type=amendment
Chronological list by year,1869,No. 5 of 1869,Regulation of the Colonial Hospital,amendment,66153,https://laws.gov.tt/ttdll-web/revision/download/66153?type=amendment
Chronological list by year,1869,No. 4 of 1869,Appointment of Surgeon General,amendment,66155,https://laws.gov.tt/ttdll-web/revision/download/66155?type=amendment
Chronological list by year,1869,No. 3 of 1869,Feeding indentured immigrants,amendment,66157,https://laws.gov.tt/ttdll-web/revision/download/66157?type=amendment
Chronological list by year,1869,No. 2 of 1869,"Incorporation Regulation, Winding-up- Trading companies etc.",amendment,66159,https://laws.gov.tt/ttdll-web/revision/download/66159?type=amendment
Chronological list by year,1869,No. 1 of 1869,Summary Proceedings before justices of the Peace,amendment,66161,https://laws.gov.tt/ttdll-web/revision/download/66161?type=amendment
Chronological list by year,1868,No. 31 of 1868,Defraying Expenses of Government-1869,amendment,66163,https://laws.gov.tt/ttdll-web/revision/download/66163?type=amendment
Chronological list by year,1868,No. 30 of 1868,Funds-Immigration 1869,amendment,66165,https://laws.gov.tt/ttdll-web/revision/download/66165?type=amendment
Chronological list by year,1868,No. 29 of 1868,Improvement of town of Port-of-Spain,amendment,66137,https://laws.gov.tt/ttdll-web/revision/download/66137?type=amendment
Chronological list by year,1868,No. 28 of 1868,Laying new streets-construction of Buildings in Port-of-Spain,amendment,66135,https://laws.gov.tt/ttdll-web/revision/download/66135?type=amendment
Chronological list by year,1868,No. 27 of 1868,Improving Quays of Port-of-Spain,amendment,66141,https://laws.gov.tt/ttdll-web/revision/download/66141?type=amendment
Chronological list by year,1868,No. 26 of 1868,Aliens-to obtain privilege-British Born Subject,amendment,66139,https://laws.gov.tt/ttdll-web/revision/download/66139?type=amendment
Chronological list by year,1868,No. 25 of 1868,Facilitating Plantation and settlement-Crown Lands,amendment,66145,https://laws.gov.tt/ttdll-web/revision/download/66145?type=amendment
Chronological list by year,1868,No. 24 of 1868,Abolishing Court of Intendant-Regulating Sale of Crown Lands,amendment,66143,https://laws.gov.tt/ttdll-web/revision/download/66143?type=amendment
Chronological list by year,1868,No. 23 of 1868,Escribano of Court of Intendant-performance of duties,amendment,66149,https://laws.gov.tt/ttdll-web/revision/download/66149?type=amendment
Chronological list by year,1868,No. 22 of 1868,Appropriation-Casual Revenues,amendment,66147,https://laws.gov.tt/ttdll-web/revision/download/66147?type=amendment
Chronological list by year,1868,No. 21 of 1868,To amend 21 of 1867-Escheats,amendment,66121,https://laws.gov.tt/ttdll-web/revision/download/66121?type=amendment
Chronological list by year,1868,No. 20 of 1868,John Cockerton-pension-Borough of Port-of-Spain,amendment,66119,https://laws.gov.tt/ttdll-web/revision/download/66119?type=amendment
Chronological list by year,1868,No. 19 of 1868,"Raising �1,520-Couva Road Union",amendment,66125,https://laws.gov.tt/ttdll-web/revision/download/66125?type=amendment
Chronological list by year,1868,No. 18 of 1868,Ascertaining the time when Ordinances shall commence,amendment,66123,https://laws.gov.tt/ttdll-web/revision/download/66123?type=amendment
Chronological list by year,1868,No. 17 of 1868,Louis Alexander Le Roy-British Born Subject,amendment,66129,https://laws.gov.tt/ttdll-web/revision/download/66129?type=amendment
Chronological list by year,1868,No. 16 of 1868,Special Licensing Sessions,amendment,66127,https://laws.gov.tt/ttdll-web/revision/download/66127?type=amendment
Chronological list by year,1868,No. 15 of 1868,Prevention of Glanders,amendment,66133,https://laws.gov.tt/ttdll-web/revision/download/66133?type=amendment
Chronological list by year,1868,No. 14 of 1868,To repeal 7 of 1841-Asylum for lepers,amendment,66131,https://laws.gov.tt/ttdll-web/revision/download/66131?type=amendment
Chronological list by year,1868,No. 13 of 1868,Licences-retail wine etc.,amendment,66107,https://laws.gov.tt/ttdll-web/revision/download/66107?type=amendment
Chronological list by year,1868,No. 12 of 1868,Supplemental Estimates 1867,amendment,66109,https://laws.gov.tt/ttdll-web/revision/download/66109?type=amendment
Chronological list by year,1868,No. 11 of 1868,Exchange of Lands-San Fernando-Lea Efforts,amendment,66103,https://laws.gov.tt/ttdll-web/revision/download/66103?type=amendment
Chronological list by year,1868,No. 10 of 1868,Immigrants,amendment,66105,https://laws.gov.tt/ttdll-web/revision/download/66105?type=amendment
Chronological list by year,1868,No. 9 of 1868,Repeal of certain Orders in Council and Ordinances,amendment,66115,https://laws.gov.tt/ttdll-web/revision/download/66115?type=amendment
Chronological list by year,1868,No. 8 of 1868,Appointment of Coroners,amendment,66117,https://laws.gov.tt/ttdll-web/revision/download/66117?type=amendment
Chronological list by year,1868,No. 7 of 1868,Organizing the Police Force,amendment,66111,https://laws.gov.tt/ttdll-web/revision/download/66111?type=amendment
Chronological list by year,1868,No. 6 of 1868,Rendering certain offences punishable on summary conviction,amendment,66113,https://laws.gov.tt/ttdll-web/revision/download/66113?type=amendment
Chronological list by year,1868,No. 5 of 1868,Summary Administration of Justice,amendment,66091,https://laws.gov.tt/ttdll-web/revision/download/66091?type=amendment
Chronological list by year,1868,No. 4 of 1868,Amend and Consolidate-Licences-retail wine etc.,amendment,66093,https://laws.gov.tt/ttdll-web/revision/download/66093?type=amendment
Chronological list by year,1868,No. 3 of 1868,Removal of persons from Crown Land,amendment,66087,https://laws.gov.tt/ttdll-web/revision/download/66087?type=amendment
Chronological list by year,1868,No. 2 of 1868,To repeal 13 of 1867,amendment,66089,https://laws.gov.tt/ttdll-web/revision/download/66089?type=amendment
Chronological list by year,1868,No. 1 of 1868,Law Revision,amendment,18383,https://laws.gov.tt/ttdll-web/revision/download/18383?type=amendment
Chronological list by year,1867,No. 33 of 1867,Rendering copies of Deeds certified by Chief Clerk of Registrar General-admissible in evidence,amendment,66099,https://laws.gov.tt/ttdll-web/revision/download/66099?type=amendment
Chronological list by year,1867,No. 32 of 1867,San Fernando-Purchase of land for burial ground,amendment,66101,https://laws.gov.tt/ttdll-web/revision/download/66101?type=amendment
Chronological list by year,1867,No. 31 of 1867,Defraying expenses of Government-1868,amendment,66095,https://laws.gov.tt/ttdll-web/revision/download/66095?type=amendment
Chronological list by year,1867,No. 30 of 1867,Immigration funds 1868,amendment,66097,https://laws.gov.tt/ttdll-web/revision/download/66097?type=amendment
Chronological list by year,1867,No. 29 of 1867,Appointments of Bailiffs,amendment,66077,https://laws.gov.tt/ttdll-web/revision/download/66077?type=amendment
Chronological list by year,1867,No. 28 of 1867,Postponing the operation of 16 of 1867- re San Fernando until 1.1.68,amendment,66075,https://laws.gov.tt/ttdll-web/revision/download/66075?type=amendment
Chronological list by year,1867,No. 27 of 1867,Nuisances in Port-of-Spain-water holding soap in solution,amendment,66073,https://laws.gov.tt/ttdll-web/revision/download/66073?type=amendment
Chronological list by year,1867,No. 26 of 1867,Imprisonment of misdemeanants,amendment,66071,https://laws.gov.tt/ttdll-web/revision/download/66071?type=amendment
Chronological list by year,1867,No. 25 of 1867,Amending Law granting patents and inventions,amendment,66085,https://laws.gov.tt/ttdll-web/revision/download/66085?type=amendment
Chronological list by year,1867,No. 24 of 1867,Appointment of Surveyor General,amendment,66083,https://laws.gov.tt/ttdll-web/revision/download/66083?type=amendment
Chronological list by year,1867,No. 23 of 1867,Central Board of Health-enlarging powers,amendment,66081,https://laws.gov.tt/ttdll-web/revision/download/66081?type=amendment
Chronological list by year,1867,No. 22 of 1867,Local Boards of Health-enlarging powers,amendment,66079,https://laws.gov.tt/ttdll-web/revision/download/66079?type=amendment
Chronological list by year,1867,No. 21 of 1867,Escheats,amendment,66061,https://laws.gov.tt/ttdll-web/revision/download/66061?type=amendment
Chronological list by year,1867,No. 20 of 1867,Prohibit cutting down of trees near rivers,amendment,66059,https://laws.gov.tt/ttdll-web/revision/download/66059?type=amendment
Chronological list by year,1867,No. 19 of 1867,Keeping beds of rivers and water courses clear,amendment,66057,https://laws.gov.tt/ttdll-web/revision/download/66057?type=amendment
Chronological list by year,1867,No. 18 of 1867,Petroleum-safe keeping,amendment,66055,https://laws.gov.tt/ttdll-web/revision/download/66055?type=amendment
Chronological list by year,1867,No. 17 of 1867,To amend-Partnership,amendment,66069,https://laws.gov.tt/ttdll-web/revision/download/66069?type=amendment
Chronological list by year,1867,No. 16 of 1867,Burial of the Dead,amendment,66067,https://laws.gov.tt/ttdll-web/revision/download/66067?type=amendment
Chronological list by year,1867,No. 15 of 1867,Supplemental Estimates,amendment,66065,https://laws.gov.tt/ttdll-web/revision/download/66065?type=amendment
Chronological list by year,1867,No. 14 of 1867,Preventing drainage into streets of Port-of-Spain etc.,amendment,66063,https://laws.gov.tt/ttdll-web/revision/download/66063?type=amendment
Chronological list by year,1867,No. 13 of 1867,Lucien Agostini-invention,amendment,65777,https://laws.gov.tt/ttdll-web/revision/download/65777?type=amendment
Chronological list by year,1867,No. 12 of 1867,William George Sharp Mockford-invention,amendment,65775,https://laws.gov.tt/ttdll-web/revision/download/65775?type=amendment
Chronological list by year,1867,No. 11 of 1867,Richard Sidney Lambert-invention,amendment,65781,https://laws.gov.tt/ttdll-web/revision/download/65781?type=amendment
Chronological list by year,1867,No. 10 of 1867,Sales of infants' estates,amendment,65779,https://laws.gov.tt/ttdll-web/revision/download/65779?type=amendment
Chronological list by year,1867,No. 9 of 1867,Destitute Persons in rural districts,amendment,65769,https://laws.gov.tt/ttdll-web/revision/download/65769?type=amendment
Chronological list by year,1867,No. 8 of 1867,William Edward George-invention,amendment,65767,https://laws.gov.tt/ttdll-web/revision/download/65767?type=amendment
Chronological list by year,1867,No. 7 of 1867,George Brocldehurst-invention,amendment,65773,https://laws.gov.tt/ttdll-web/revision/download/65773?type=amendment
Chronological list by year,1867,No. 6 of 1867,"Cohn McKenzie Dick, William Torrance- Licence Wine and Spirits-retail",amendment,65771,https://laws.gov.tt/ttdll-web/revision/download/65771?type=amendment
Chronological list by year,1867,No. 5 of 1867,Walter Knaggs-invention,amendment,65793,https://laws.gov.tt/ttdll-web/revision/download/65793?type=amendment
Chronological list by year,1867,No. 4 of 1867,Making perpetual-8 of 1865,amendment,65791,https://laws.gov.tt/ttdll-web/revision/download/65791?type=amendment
Chronological list by year,1867,No. 3 of 1867,Treatment of immigrants in certified hospitals,amendment,65797,https://laws.gov.tt/ttdll-web/revision/download/65797?type=amendment
Chronological list by year,1867,No. 2 of 1867,Protection of cultivated or enclosed lands,amendment,65795,https://laws.gov.tt/ttdll-web/revision/download/65795?type=amendment
Chronological list by year,1867,No. 1 of 1867,Punishment of whipping,amendment,65785,https://laws.gov.tt/ttdll-web/revision/download/65785?type=amendment
Chronological list by year,1866,No. 18 of 1866,Stipendiary Justices of the Peace- jurisdiction of Stipendiary Justices,amendment,65783,https://laws.gov.tt/ttdll-web/revision/download/65783?type=amendment
Chronological list by year,1866,No. 17 of 1866,Charles Thieme Lieurmur-,amendment,65789,https://laws.gov.tt/ttdll-web/revision/download/65789?type=amendment
Chronological list by year,1866,No. 16 of 1866,Defraying expenses of Government-1867,amendment,65787,https://laws.gov.tt/ttdll-web/revision/download/65787?type=amendment
Chronological list by year,1866,No. 15 of 1866,immigration funds,amendment,65743,https://laws.gov.tt/ttdll-web/revision/download/65743?type=amendment
Chronological list by year,1866,No. 14 of 1866,Robert Span Mitchell-invention,amendment,65745,https://laws.gov.tt/ttdll-web/revision/download/65745?type=amendment
Chronological list by year,1866,No. 13 of 1866,Re-warehousing of rum and other spirits,amendment,65747,https://laws.gov.tt/ttdll-web/revision/download/65747?type=amendment
Chronological list by year,1866,No. 12 of 1866,Communication by steam vessels,amendment,65749,https://laws.gov.tt/ttdll-web/revision/download/65749?type=amendment
Chronological list by year,1866,No. 11 of 1866,John Ambrose Coffey-invention,amendment,65735,https://laws.gov.tt/ttdll-web/revision/download/65735?type=amendment
Chronological list by year,1866,No. 10 of 1866,"Repair of roads, not being public roads",amendment,65737,https://laws.gov.tt/ttdll-web/revision/download/65737?type=amendment
Chronological list by year,1866,No. 9 of 1866,Petty Sessions,amendment,65739,https://laws.gov.tt/ttdll-web/revision/download/65739?type=amendment
Chronological list by year,1866,No. 8 of 1866,Hospitals for Immigrants,amendment,65741,https://laws.gov.tt/ttdll-web/revision/download/65741?type=amendment
Chronological list by year,1866,No. 7 of 1866,Imprisonment for small debts,amendment,65759,https://laws.gov.tt/ttdll-web/revision/download/65759?type=amendment
Chronological list by year,1866,No. 6 of 1866,Vagrant Immigrants,amendment,65761,https://laws.gov.tt/ttdll-web/revision/download/65761?type=amendment
Chronological list by year,1866,No. 5 of 1866,,amendment,44306,https://laws.gov.tt/ttdll-web/revision/download/44306?type=amendment
Chronological list by year,1866,No. 4 of 1866,Supplemental Estimates,amendment,65763,https://laws.gov.tt/ttdll-web/revision/download/65763?type=amendment
Chronological list by year,1866,No. 3 of 1866,Immigrants,amendment,65765,https://laws.gov.tt/ttdll-web/revision/download/65765?type=amendment
Chronological list by year,1866,No. 2 of 1866,"Levying duties-Pitch, asphalt, petroleum exported",amendment,65751,https://laws.gov.tt/ttdll-web/revision/download/65751?type=amendment
Chronological list by year,1866,No. 1 of 1866,"Levying rates lands worked for winning, asphalt etc.",amendment,65753,https://laws.gov.tt/ttdll-web/revision/download/65753?type=amendment
Chronological list by year,1865,No. 30 of 1865,Sanitary Inspectors of Boroughs Three Chains Tobago (United Kingdom),amendment,65755,https://laws.gov.tt/ttdll-web/revision/download/65755?type=amendment
Chronological list by year,1865,No. 29 of 1865,Letters containing coin-registration,amendment,65757,https://laws.gov.tt/ttdll-web/revision/download/65757?type=amendment
Chronological list by year,1865,No. 28 of 1865,To repeal 14 of 1865,amendment,65717,https://laws.gov.tt/ttdll-web/revision/download/65717?type=amendment
Chronological list by year,1865,No. 27 of 1865,To repeal 9 of 1864,amendment,65715,https://laws.gov.tt/ttdll-web/revision/download/65715?type=amendment
Chronological list by year,1865,No. 26 of 1865,Leases and Sales of Settled estates,amendment,65713,https://laws.gov.tt/ttdll-web/revision/download/65713?type=amendment
Chronological list by year,1865,No. 25 of 1865,Trading Companies incorporated under the Law of England,amendment,65711,https://laws.gov.tt/ttdll-web/revision/download/65711?type=amendment
Chronological list by year,1865,No. 24 of 1865,Customs Duty on opium,amendment,65709,https://laws.gov.tt/ttdll-web/revision/download/65709?type=amendment
Chronological list by year,1865,No. 23 of 1865,Duties of tonnage on certain vessels,amendment,65707,https://laws.gov.tt/ttdll-web/revision/download/65707?type=amendment
Chronological list by year,1865,No. 22 of 1865,Customs-amend and consolidate,amendment,65705,https://laws.gov.tt/ttdll-web/revision/download/65705?type=amendment
Chronological list by year,1865,No. 21 of 1865,Defraying Expenses of Government-1866,amendment,65703,https://laws.gov.tt/ttdll-web/revision/download/65703?type=amendment
Chronological list by year,1865,No. 20 of 1865,Immigration Funds-1866,amendment,65733,https://laws.gov.tt/ttdll-web/revision/download/65733?type=amendment
Chronological list by year,1865,No. 19 of 1865,Amending-Evidence,amendment,65731,https://laws.gov.tt/ttdll-web/revision/download/65731?type=amendment
Chronological list by year,1865,No. 18 of 1865,Issue of Bank Notes,amendment,65729,https://laws.gov.tt/ttdll-web/revision/download/65729?type=amendment
Chronological list by year,1865,No. 17 of 1865,Discharge of jurors,amendment,65727,https://laws.gov.tt/ttdll-web/revision/download/65727?type=amendment
Chronological list by year,1865,No. 16 of 1865,Water to certain houses and lands,amendment,65725,https://laws.gov.tt/ttdll-web/revision/download/65725?type=amendment
Chronological list by year,1865,No. 15 of 1865,Extending 17 of 1863,amendment,65723,https://laws.gov.tt/ttdll-web/revision/download/65723?type=amendment
Chronological list by year,1865,No. 14 of 1865,To repeal 9 of 1864,amendment,65721,https://laws.gov.tt/ttdll-web/revision/download/65721?type=amendment
Chronological list by year,1865,No. 13 of 1865,To alter certain particulars-11 of 1863,amendment,65719,https://laws.gov.tt/ttdll-web/revision/download/65719?type=amendment
Chronological list by year,1865,No. 12 of 1865,Supplemental estimates 1864,amendment,65683,https://laws.gov.tt/ttdll-web/revision/download/65683?type=amendment
Chronological list by year,1865,No. 11 of 1865,Infants to make binding settlements,amendment,65685,https://laws.gov.tt/ttdll-web/revision/download/65685?type=amendment
Chronological list by year,1865,No. 10 of 1865,Inspection of indentured immigrants,amendment,65679,https://laws.gov.tt/ttdll-web/revision/download/65679?type=amendment
Chronological list by year,1865,No. 9 of 1865,Courts of Petty Sessions-enlarging jurisdiction,amendment,65681,https://laws.gov.tt/ttdll-web/revision/download/65681?type=amendment
Chronological list by year,1865,No. 8 of 1865,Supreme Criminal Court-despatch of business,amendment,65675,https://laws.gov.tt/ttdll-web/revision/download/65675?type=amendment
Chronological list by year,1865,No. 7 of 1865,Confirming deeds made by married women-21 of 1855,amendment,65677,https://laws.gov.tt/ttdll-web/revision/download/65677?type=amendment
Chronological list by year,1865,No. 6 of 1865,Cosme Garcia-British Born Subject,amendment,65671,https://laws.gov.tt/ttdll-web/revision/download/65671?type=amendment
Chronological list by year,1865,No. 5 of 1865,Embezzlement by Public Officers,amendment,65673,https://laws.gov.tt/ttdll-web/revision/download/65673?type=amendment
Chronological list by year,1865,No. 4 of 1865,Persons deserting their wives and children-summary remedy,amendment,65699,https://laws.gov.tt/ttdll-web/revision/download/65699?type=amendment
Chronological list by year,1865,No. 3 of 1865,Immigration,amendment,65701,https://laws.gov.tt/ttdll-web/revision/download/65701?type=amendment
Chronological list by year,1865,No. 2 of 1865,Debts due to the Crown,amendment,65695,https://laws.gov.tt/ttdll-web/revision/download/65695?type=amendment
Chronological list by year,1865,No. 1 of 1865,Vaccination,amendment,65697,https://laws.gov.tt/ttdll-web/revision/download/65697?type=amendment
Chronological list by year,1864,No. 25 of 1864,Interpretation of 5 1862-Execution of Deeds etc.,amendment,65691,https://laws.gov.tt/ttdll-web/revision/download/65691?type=amendment
Chronological list by year,1864,No. 24 of 1864,Improving Quays of Port-of-Spain,amendment,65693,https://laws.gov.tt/ttdll-web/revision/download/65693?type=amendment
Chronological list by year,1864,No. 23 of 1864,William Urich-British Born Subject,amendment,65687,https://laws.gov.tt/ttdll-web/revision/download/65687?type=amendment
Chronological list by year,1864,No. 22 of 1864,Debtors about to quit the Colony,amendment,65689,https://laws.gov.tt/ttdll-web/revision/download/65689?type=amendment
Chronological list by year,1864,No. 21 of 1864,Amending Procedure-Supreme Civil Court-Equity,amendment,65897,https://laws.gov.tt/ttdll-web/revision/download/65897?type=amendment
Chronological list by year,1864,No. 20 of 1864,Amending Bills of Lading,amendment,65895,https://laws.gov.tt/ttdll-web/revision/download/65895?type=amendment
Chronological list by year,1864,No. 19 of 1864,Amending Law of Property-relief of Trustees,amendment,65901,https://laws.gov.tt/ttdll-web/revision/download/65901?type=amendment
Chronological list by year,1864,No. 18 of 1864,The West India Pacific and Steamship Company,amendment,65899,https://laws.gov.tt/ttdll-web/revision/download/65899?type=amendment
Chronological list by year,1864,No. 17 of 1864,Funds-Immigration 1865,amendment,65905,https://laws.gov.tt/ttdll-web/revision/download/65905?type=amendment
Chronological list by year,1864,No. 16 of 1864,Defraying expenses of Government-1865,amendment,65903,https://laws.gov.tt/ttdll-web/revision/download/65903?type=amendment
Chronological list by year,1864,No. 15 of 1864,Trespassing of cattle and other animals,amendment,65909,https://laws.gov.tt/ttdll-web/revision/download/65909?type=amendment
Chronological list by year,1864,No. 14 of 1864,Right Honourable Thomas Barnes Cochrane-Earl of Dundonald-invcntion,amendment,65907,https://laws.gov.tt/ttdll-web/revision/download/65907?type=amendment
Chronological list by year,1864,No. 13 of 1864,Appropriation of penalties,amendment,65913,https://laws.gov.tt/ttdll-web/revision/download/65913?type=amendment
Chronological list by year,1864,No. 12 of 1864,Presbytery Diego Martin-Solemnization of Marriages,amendment,65911,https://laws.gov.tt/ttdll-web/revision/download/65911?type=amendment
Chronological list by year,1864,No. 11 of 1864,"Exchange of lands, Her Majesty and Alexander Robert Gray spent",amendment,65917,https://laws.gov.tt/ttdll-web/revision/download/65917?type=amendment
Chronological list by year,1864,No. 10 of 1864,Cipero Trainroad-to San Fernando Wharf,amendment,65915,https://laws.gov.tt/ttdll-web/revision/download/65915?type=amendment
Chronological list by year,1864,No. 9 of 1864,Incorporating certain Trading Companies and Associations,amendment,65921,https://laws.gov.tt/ttdll-web/revision/download/65921?type=amendment
Chronological list by year,1864,No. 8 of 1864,Vaccination,amendment,65919,https://laws.gov.tt/ttdll-web/revision/download/65919?type=amendment
Chronological list by year,1864,No. 7 of 1864,Fairbanks Patent Weighing Machines,amendment,65925,https://laws.gov.tt/ttdll-web/revision/download/65925?type=amendment
Chronological list by year,1864,No. 6 of 1864,Marine Court of Enquiry,amendment,65923,https://laws.gov.tt/ttdll-web/revision/download/65923?type=amendment
Chronological list by year,1864,No. 5 of 1864,Authenticating Registration of certain instruments,amendment,65863,https://laws.gov.tt/ttdll-web/revision/download/65863?type=amendment
Chronological list by year,1864,No. 4 of 1864,Supplemental estimates 1863,amendment,65865,https://laws.gov.tt/ttdll-web/revision/download/65865?type=amendment
Chronological list by year,1864,No. 3 of 1864,Most Reverend Hyacinth Joachim Gonin Roman Catholic Archbishop-British Born Subject,amendment,65867,https://laws.gov.tt/ttdll-web/revision/download/65867?type=amendment
Chronological list by year,1864,No. 2 of 1864,Charles Fourier Stollmeyer-British Born Subject,amendment,65869,https://laws.gov.tt/ttdll-web/revision/download/65869?type=amendment
Chronological list by year,1864,No. 1 of 1864,Registering certain chapels and buildings- Solemnization of Marriages,amendment,65871,https://laws.gov.tt/ttdll-web/revision/download/65871?type=amendment
Chronological list by year,1863,No. 22 of 1863,To relieve Cocoyal from annual payment-Guaracara tramroad,amendment,65873,https://laws.gov.tt/ttdll-web/revision/download/65873?type=amendment
Chronological list by year,1863,No. 21 of 1863,Registration of Masters of Droghers and sailors,amendment,65875,https://laws.gov.tt/ttdll-web/revision/download/65875?type=amendment
Chronological list by year,1863,No. 20 of 1863,Altering line of Guaracara tramroad,amendment,65877,https://laws.gov.tt/ttdll-web/revision/download/65877?type=amendment
Chronological list by year,1863,No. 19 of 1863,To amend 5 of 1846-Medical Board,amendment,65879,https://laws.gov.tt/ttdll-web/revision/download/65879?type=amendment
Chronological list by year,1863,No. 18 of 1863,Raising money-South Napariina Western Ward,amendment,65881,https://laws.gov.tt/ttdll-web/revision/download/65881?type=amendment
Chronological list by year,1863,No. 17 of 1863,Sewer-St. James Barracks to the sea,amendment,65883,https://laws.gov.tt/ttdll-web/revision/download/65883?type=amendment
Chronological list by year,1863,No. 16 of 1863,Mode of proceeding in cases of lunatics,amendment,65885,https://laws.gov.tt/ttdll-web/revision/download/65885?type=amendment
Chronological list by year,1863,No. 15 of 1863,Redemption of Sums-Introduction of free labourers,amendment,65887,https://laws.gov.tt/ttdll-web/revision/download/65887?type=amendment
Chronological list by year,1863,No. 14 of 1863,Funds-Immigration 1864,amendment,65889,https://laws.gov.tt/ttdll-web/revision/download/65889?type=amendment
Chronological list by year,1863,No. 13 of 1863,Abel Brear-invention,amendment,65891,https://laws.gov.tt/ttdll-web/revision/download/65891?type=amendment
Chronological list by year,1863,No. 12 of 1863,Defraying expenses of Government-1864,amendment,65893,https://laws.gov.tt/ttdll-web/revision/download/65893?type=amendment
Chronological list by year,1863,No. 11 of 1863,To amend the Law-Solemnization arid Registration of Marriages,amendment,65837,https://laws.gov.tt/ttdll-web/revision/download/65837?type=amendment
Chronological list by year,1863,No. 10 of 1863,To confirm certain marriages,amendment,65835,https://laws.gov.tt/ttdll-web/revision/download/65835?type=amendment
Chronological list by year,1863,No. 9 of 1863,Antoine Louis Possoz-invention,amendment,65833,https://laws.gov.tt/ttdll-web/revision/download/65833?type=amendment
Chronological list by year,1863,No. 8 of 1863,Antoine Louis Possoz-sugar,amendment,65831,https://laws.gov.tt/ttdll-web/revision/download/65831?type=amendment
Chronological list by year,1863,No. 7 of 1863,Gabriel Decuru-British Born Subject,amendment,65845,https://laws.gov.tt/ttdll-web/revision/download/65845?type=amendment
Chronological list by year,1863,No. 6 of 1863,Vesting all property in Lord Admiral-naval service of the U. K.,amendment,65843,https://laws.gov.tt/ttdll-web/revision/download/65843?type=amendment
Chronological list by year,1863,No. 5 of 1863,Protection of the estate of deceased persons,amendment,65841,https://laws.gov.tt/ttdll-web/revision/download/65841?type=amendment
Chronological list by year,1863,No. 4 of 1863,For the protection of the earnings and property of married women,amendment,65839,https://laws.gov.tt/ttdll-web/revision/download/65839?type=amendment
Chronological list by year,1863,No. 3 of 1863,Supplemental estimates-1862,amendment,65853,https://laws.gov.tt/ttdll-web/revision/download/65853?type=amendment
Chronological list by year,1863,No. 2 of 1863,Colonial Hospital-San Fernando,amendment,65851,https://laws.gov.tt/ttdll-web/revision/download/65851?type=amendment
Chronological list by year,1863,No. 1 of 1863,Philip Rostant-invention,amendment,65849,https://laws.gov.tt/ttdll-web/revision/download/65849?type=amendment
Chronological list by year,1862,No. 23 of 1862,Indian Immigrants,amendment,65847,https://laws.gov.tt/ttdll-web/revision/download/65847?type=amendment
Chronological list by year,1862,No. 22 of 1862,Funds lmmigraton 1863,amendment,65861,https://laws.gov.tt/ttdll-web/revision/download/65861?type=amendment
Chronological list by year,1862,No. 21 of 1862,Raising separate rates-South Naparima-Oropouche,amendment,65859,https://laws.gov.tt/ttdll-web/revision/download/65859?type=amendment
Chronological list by year,1862,No. 20 of 1862,Constituting Rectory-St. Philip and St. Peter-St. Andrew,amendment,65857,https://laws.gov.tt/ttdll-web/revision/download/65857?type=amendment
Chronological list by year,1862,No. 19 of 1862,Colonial Hospital-Rules and Regulations,amendment,65855,https://laws.gov.tt/ttdll-web/revision/download/65855?type=amendment
Chronological list by year,1862,No. 18 of 1862,To Limit Power of Arrest,amendment,65803,https://laws.gov.tt/ttdll-web/revision/download/65803?type=amendment
Chronological list by year,1862,No. 17 of 1862,Defraying expenses of Government,amendment,65805,https://laws.gov.tt/ttdll-web/revision/download/65805?type=amendment
Chronological list by year,1862,No. 16 of 1862,To amend and consolidate-lmmigration,amendment,65799,https://laws.gov.tt/ttdll-web/revision/download/65799?type=amendment
Chronological list by year,1862,No. 15 of 1862,La Compagnie Generate Transatlantique-Tonnage Dues,amendment,65801,https://laws.gov.tt/ttdll-web/revision/download/65801?type=amendment
Chronological list by year,1862,No. 14 of 1862,"Prohibiting export of arms, military and naval stores",amendment,65811,https://laws.gov.tt/ttdll-web/revision/download/65811?type=amendment
Chronological list by year,1862,No. 13 of 1862,Ship letters,amendment,65813,https://laws.gov.tt/ttdll-web/revision/download/65813?type=amendment
Chronological list by year,1862,No. 12 of 1862,Complaint Court,amendment,65807,https://laws.gov.tt/ttdll-web/revision/download/65807?type=amendment
Chronological list by year,1862,No. 11 of 1862,Richard Sydney Larnbert,amendment,65809,https://laws.gov.tt/ttdll-web/revision/download/65809?type=amendment
Chronological list by year,1862,No. 10 of 1862,Right Honourable Thomas Barnes Earl of Dundonald-invention,amendment,65819,https://laws.gov.tt/ttdll-web/revision/download/65819?type=amendment
Chronological list by year,1862,No. 9 of 1862,Felipe Benicio Villava-British Born Subject,amendment,65821,https://laws.gov.tt/ttdll-web/revision/download/65821?type=amendment
Chronological list by year,1862,No. 8 of 1862,Philip Rostant-fuel,amendment,65815,https://laws.gov.tt/ttdll-web/revision/download/65815?type=amendment
Chronological list by year,1862,No. 7 of 1862,To vest securities taken by an escribano or Registrar in his successors in office,amendment,65817,https://laws.gov.tt/ttdll-web/revision/download/65817?type=amendment
Chronological list by year,1862,No. 6 of 1862,Wills made by British Subjects,amendment,65827,https://laws.gov.tt/ttdll-web/revision/download/65827?type=amendment
Chronological list by year,1862,No. 5 of 1862,Execution of Deeds-Proof of Deeds and Wills in evidence,amendment,65829,https://laws.gov.tt/ttdll-web/revision/download/65829?type=amendment
Chronological list by year,1862,No. 4 of 1862,Amending-Conveyance and Transfer of Real and Personal Property vested in Mortgagees and Trustees,amendment,65823,https://laws.gov.tt/ttdll-web/revision/download/65823?type=amendment
Chronological list by year,1862,No. 3 of 1862,Protection of Purchasers and Mortgagees,amendment,65825,https://laws.gov.tt/ttdll-web/revision/download/65825?type=amendment
Chronological list by year,1862,No. 2 of 1862,Supplemental Estimates 1861,amendment,64411,https://laws.gov.tt/ttdll-web/revision/download/64411?type=amendment
Chronological list by year,1862,No. 1 of 1862,"Debentures-�1,600",amendment,64413,https://laws.gov.tt/ttdll-web/revision/download/64413?type=amendment
Chronological list by year,1861,No. 31 of 1861,Jose Manuel Aguilera-British Born Subject,amendment,64407,https://laws.gov.tt/ttdll-web/revision/download/64407?type=amendment
Chronological list by year,1861,No. 30 of 1861,Extending powers of Justices of the Peace,amendment,64409,https://laws.gov.tt/ttdll-web/revision/download/64409?type=amendment
Chronological list by year,1861,No. 29 of 1861,Recovery of money due to Her Majesty,amendment,64419,https://laws.gov.tt/ttdll-web/revision/download/64419?type=amendment
Chronological list by year,1861,No. 28 of 1861,Funds Immigration 1861,amendment,64421,https://laws.gov.tt/ttdll-web/revision/download/64421?type=amendment
Chronological list by year,1861,No. 27 of 1861,To amend-Licences for Wine etc.-Port-of-Spain and San Fernando,amendment,64415,https://laws.gov.tt/ttdll-web/revision/download/64415?type=amendment
Chronological list by year,1861,No. 26 of 1861,Proceedings under 23 of 1861,amendment,64417,https://laws.gov.tt/ttdll-web/revision/download/64417?type=amendment
Chronological list by year,1861,No. 25 of 1861,Vesting in H. M. certain waterworks- Water to Diego Martin,amendment,64395,https://laws.gov.tt/ttdll-web/revision/download/64395?type=amendment
Chronological list by year,1861,No. 24 of 1861,Philip Rostant-fuel,amendment,64397,https://laws.gov.tt/ttdll-web/revision/download/64397?type=amendment
Chronological list by year,1861,No. 23 of 1861,"Duties on Profits-Offices Property, Professions, trades-1862, 63",amendment,64391,https://laws.gov.tt/ttdll-web/revision/download/64391?type=amendment
Chronological list by year,1861,No. 22 of 1861,Improving Quays of Port-of-Spain,amendment,64393,https://laws.gov.tt/ttdll-web/revision/download/64393?type=amendment
Chronological list by year,1861,No. 21 of 1861,Tax on land to aid Immigration,amendment,64403,https://laws.gov.tt/ttdll-web/revision/download/64403?type=amendment
Chronological list by year,1861,No. 20 of 1861,Funds immigration 1862,amendment,64405,https://laws.gov.tt/ttdll-web/revision/download/64405?type=amendment
Chronological list by year,1861,No. 19 of 1861,Offences Against the Person,amendment,29584,https://laws.gov.tt/ttdll-web/revision/download/29584?type=amendment
Chronological list by year,1861,No. 18 of 1861,Defraying expenses of Government,amendment,64399,https://laws.gov.tt/ttdll-web/revision/download/64399?type=amendment
Chronological list by year,1861,No. 17 of 1861,Authorise Sub Agent of Immigration to act for Agent General,amendment,64401,https://laws.gov.tt/ttdll-web/revision/download/64401?type=amendment
Chronological list by year,1861,No. 16 of 1861,Indentured Liberated Africans,amendment,64445,https://laws.gov.tt/ttdll-web/revision/download/64445?type=amendment
Chronological list by year,1861,No. 15 of 1861,Alexander Tronchon-British Born Subject,amendment,64443,https://laws.gov.tt/ttdll-web/revision/download/64443?type=amendment
Chronological list by year,1861,No. 14 of 1861,John Arthur Gallie-improvement in stills,amendment,64441,https://laws.gov.tt/ttdll-web/revision/download/64441?type=amendment
Chronological list by year,1861,No. 13 of 1861,James Murdock Napier-invention,amendment,64439,https://laws.gov.tt/ttdll-web/revision/download/64439?type=amendment
Chronological list by year,1861,No. 12 of 1861,Relief of Debtors suffering imprisonment,amendment,64453,https://laws.gov.tt/ttdll-web/revision/download/64453?type=amendment
Chronological list by year,1861,No. 11 of 1861,Philip Rostant-invention,amendment,64451,https://laws.gov.tt/ttdll-web/revision/download/64451?type=amendment
Chronological list by year,1861,No. 10 of 1861,Debentures-security-Ward rates South Naparima,amendment,64449,https://laws.gov.tt/ttdll-web/revision/download/64449?type=amendment
Chronological list by year,1861,No. 9 of 1861,To revive and make perpetual 3 of 1852-Public Library,amendment,64447,https://laws.gov.tt/ttdll-web/revision/download/64447?type=amendment
Chronological list by year,1861,No. 8 of 1861,Debentures-Governors Residence St. Anns,amendment,64429,https://laws.gov.tt/ttdll-web/revision/download/64429?type=amendment
Chronological list by year,1861,No. 7 of 1861,John Thonborrow Manifold-sugar,amendment,64427,https://laws.gov.tt/ttdll-web/revision/download/64427?type=amendment
Chronological list by year,1861,No. 6 of 1861,Right Honourable Thomas Barnes Earl of Dundonald-invention,amendment,64425,https://laws.gov.tt/ttdll-web/revision/download/64425?type=amendment
Chronological list by year,1861,No. 5 of 1861,Louis Alexander Le Roy-invention,amendment,64423,https://laws.gov.tt/ttdll-web/revision/download/64423?type=amendment
Chronological list by year,1861,No. 4 of 1861,Supplemental Estimates,amendment,64437,https://laws.gov.tt/ttdll-web/revision/download/64437?type=amendment
Chronological list by year,1861,No. 3 of 1861,Indenturing Liberated Africans,amendment,64435,https://laws.gov.tt/ttdll-web/revision/download/64435?type=amendment
Chronological list by year,1861,No. 2 of 1861,Mayaro-Port for landing goods,amendment,64433,https://laws.gov.tt/ttdll-web/revision/download/64433?type=amendment
Chronological list by year,1861,No. 1 of 1861,Census,amendment,64431,https://laws.gov.tt/ttdll-web/revision/download/64431?type=amendment
Chronological list by year,1860,No. 25 of 1860,Amending and Consolidating laws-Rum and Other Spirits,amendment,64471,https://laws.gov.tt/ttdll-web/revision/download/64471?type=amendment
Chronological list by year,1860,No. 24 of 1860,Rates of Postage,amendment,64473,https://laws.gov.tt/ttdll-web/revision/download/64473?type=amendment
Chronological list by year,1860,No. 23 of 1860,Inter Colonial Letters,amendment,64475,https://laws.gov.tt/ttdll-web/revision/download/64475?type=amendment
Chronological list by year,1860,No. 22 of 1860,"Repayment of moneys advanced-bridges San Juan, St. Joseph, Tacarigua",amendment,64477,https://laws.gov.tt/ttdll-web/revision/download/64477?type=amendment
Chronological list by year,1860,No. 21 of 1860,Vesting a Commissioner-jurisdiction in Petty Civil Court actions- San Fernando-Victoria,amendment,64479,https://laws.gov.tt/ttdll-web/revision/download/64479?type=amendment
Chronological list by year,1860,No. 20 of 1860,Hamilton Shirley Warner-fuel,amendment,64481,https://laws.gov.tt/ttdll-web/revision/download/64481?type=amendment
Chronological list by year,1860,No. 19 of 1860,Customs Duties-Haberdashery,amendment,64483,https://laws.gov.tt/ttdll-web/revision/download/64483?type=amendment
Chronological list by year,1860,No. 18 of 1860,To unite-Escribano of the Court of Intendant to Office of the Keeper of the Maps and Surveys,amendment,64485,https://laws.gov.tt/ttdll-web/revision/download/64485?type=amendment
Chronological list by year,1860,No. 17 of 1860,Volunteer Fire Brigade in Port-of-Spain,amendment,64455,https://laws.gov.tt/ttdll-web/revision/download/64455?type=amendment
Chronological list by year,1860,No. 16 of 1860,To amend law-Inheritance,amendment,64457,https://laws.gov.tt/ttdll-web/revision/download/64457?type=amendment
Chronological list by year,1860,No. 15 of 1860,"Raising Duties-Offices, Property, Professions and Trades",amendment,64459,https://laws.gov.tt/ttdll-web/revision/download/64459?type=amendment
Chronological list by year,1860,No. 14 of 1860,Funds-lmmigration-1861,amendment,64461,https://laws.gov.tt/ttdll-web/revision/download/64461?type=amendment
Chronological list by year,1860,No. 13 of 1860,Increasing Duties on Rum and Other Spirits,amendment,64463,https://laws.gov.tt/ttdll-web/revision/download/64463?type=amendment
Chronological list by year,1860,No. 12 of 1860,Defraying Expenses of Government-1861,amendment,64465,https://laws.gov.tt/ttdll-web/revision/download/64465?type=amendment
Chronological list by year,1860,No. 11 of 1860,Hamilton Shirley Warner-fuel,amendment,64467,https://laws.gov.tt/ttdll-web/revision/download/64467?type=amendment
Chronological list by year,1860,No. 10 of 1860,Repayment of Duties on Deeds and other instruments,amendment,64469,https://laws.gov.tt/ttdll-web/revision/download/64469?type=amendment
Chronological list by year,1860,No. 9 of 1860,Repayment of Customs Duties,amendment,64505,https://laws.gov.tt/ttdll-web/revision/download/64505?type=amendment
Chronological list by year,1860,No. 8 of 1860,Pierre Belisaire Andre-British Born Subject,amendment,64503,https://laws.gov.tt/ttdll-web/revision/download/64503?type=amendment
Chronological list by year,1860,No. 7 of 1860,Horatio James Huggins-invention,amendment,64509,https://laws.gov.tt/ttdll-web/revision/download/64509?type=amendment
Chronological list by year,1860,No. 6 of 1860,Apprenticing children of Indian Immigrants,amendment,64507,https://laws.gov.tt/ttdll-web/revision/download/64507?type=amendment
Chronological list by year,1860,No. 5 of 1860,Henry Walter Reinhard Ellis-rum,amendment,64513,https://laws.gov.tt/ttdll-web/revision/download/64513?type=amendment
Chronological list by year,1860,No. 4 of 1860,Henry Walter Reinhard Ellis-sugar,amendment,64511,https://laws.gov.tt/ttdll-web/revision/download/64511?type=amendment
Chronological list by year,1860,No. 3 of 1860,Appointment of Auditor General,amendment,64517,https://laws.gov.tt/ttdll-web/revision/download/64517?type=amendment
Chronological list by year,1860,No. 2 of 1860,Apprenticing children,amendment,64515,https://laws.gov.tt/ttdll-web/revision/download/64515?type=amendment
Chronological list by year,1860,No. 1 of 1860,Charles LeGendre and Jose Drago-kneading bread,amendment,64489,https://laws.gov.tt/ttdll-web/revision/download/64489?type=amendment
Chronological list by year,1859,No. 37 of 1859,Cipero Tramroad-abandoning branch,amendment,64487,https://laws.gov.tt/ttdll-web/revision/download/64487?type=amendment
Chronological list by year,1859,No. 36 of 1859,Confinement of certain Lunatics at Royal Gaol,amendment,64493,https://laws.gov.tt/ttdll-web/revision/download/64493?type=amendment
Chronological list by year,1859,No. 35 of 1859,Supplemental Estimate,amendment,64491,https://laws.gov.tt/ttdll-web/revision/download/64491?type=amendment
Chronological list by year,1859,No. 34 of 1859,Funds Immigration-1860,amendment,64497,https://laws.gov.tt/ttdll-web/revision/download/64497?type=amendment
Chronological list by year,1859,No. 33 of 1859,Horatio James Huggins-sugar machines,amendment,64495,https://laws.gov.tt/ttdll-web/revision/download/64495?type=amendment
Chronological list by year,1859,No. 32 of 1859,Debentures-Rates of Wards-Security,amendment,64501,https://laws.gov.tt/ttdll-web/revision/download/64501?type=amendment
Chronological list by year,1859,No. 31 of 1859,Conrad Frederick StolImeyer-invention,amendment,64499,https://laws.gov.tt/ttdll-web/revision/download/64499?type=amendment
Chronological list by year,1859,No. 30 of 1859,Levying duties on Deeds etc.,amendment,64547,https://laws.gov.tt/ttdll-web/revision/download/64547?type=amendment
Chronological list by year,1859,No. 29 of 1859,Increase Custom Duties,amendment,64549,https://laws.gov.tt/ttdll-web/revision/download/64549?type=amendment
Chronological list by year,1859,No. 28 of 1859,Raising duties on offices professions and trades,amendment,64543,https://laws.gov.tt/ttdll-web/revision/download/64543?type=amendment
Chronological list by year,1859,No. 27 of 1859,Duties-First Indentures-Indian Immigrants,amendment,64545,https://laws.gov.tt/ttdll-web/revision/download/64545?type=amendment
Chronological list by year,1859,No. 26 of 1859,Authorise Government to take money in anticipation-Immigration,amendment,64539,https://laws.gov.tt/ttdll-web/revision/download/64539?type=amendment
Chronological list by year,1859,No. 25 of 1859,Defraying Expenses of Government-1860,amendment,64541,https://laws.gov.tt/ttdll-web/revision/download/64541?type=amendment
Chronological list by year,1859,No. 24 of 1859,Appointment of Interpreters,amendment,64535,https://laws.gov.tt/ttdll-web/revision/download/64535?type=amendment
Chronological list by year,1859,No. 23 of 1859,Enabling Mayor of San Fernando to sell lands,amendment,64537,https://laws.gov.tt/ttdll-web/revision/download/64537?type=amendment
Chronological list by year,1859,No. 22 of 1859,Breeding of Cattle,amendment,64531,https://laws.gov.tt/ttdll-web/revision/download/64531?type=amendment
Chronological list by year,1859,No. 21 of 1859,Steam Navigation-Venezuela and Trinidad,amendment,64533,https://laws.gov.tt/ttdll-web/revision/download/64533?type=amendment
Chronological list by year,1859,No. 20 of 1859,Relieving vessels of tonnage duties,amendment,64527,https://laws.gov.tt/ttdll-web/revision/download/64527?type=amendment
Chronological list by year,1859,No. 19 of 1859,Tramroads-exemption-customs duties,amendment,64529,https://laws.gov.tt/ttdll-web/revision/download/64529?type=amendment
Chronological list by year,1859,No. 18 of 1859,Trinidad and Tobago Post,amendment,33466,https://laws.gov.tt/ttdll-web/revision/download/33466?type=amendment
Chronological list by year,1859,No. 17 of 1859,Underground sewer in Port-of-Spain-Money raised under 16 of 1854,amendment,64523,https://laws.gov.tt/ttdll-web/revision/download/64523?type=amendment
Chronological list by year,1859,No. 16 of 1859,Additional moneys-Tramroads,amendment,64525,https://laws.gov.tt/ttdll-web/revision/download/64525?type=amendment
Chronological list by year,1859,No. 15 of 1859,Debentures-Tramroads,amendment,64519,https://laws.gov.tt/ttdll-web/revision/download/64519?type=amendment
Chronological list by year,1859,No. 14 of 1859,Introduction of Indian immigrants at the expense of private persons,amendment,64521,https://laws.gov.tt/ttdll-web/revision/download/64521?type=amendment
Chronological list by year,1859,No. 13 of 1859,Immigrants contracts-Industrial Residence,amendment,64581,https://laws.gov.tt/ttdll-web/revision/download/64581?type=amendment
Chronological list by year,1859,No. 12 of 1859,To make perpetual-2 of 1846-Usury,amendment,64579,https://laws.gov.tt/ttdll-web/revision/download/64579?type=amendment
Chronological list by year,1859,No. 11 of 1859,Increase Duty on rum etc.,amendment,64577,https://laws.gov.tt/ttdll-web/revision/download/64577?type=amendment
Chronological list by year,1859,No. 10 of 1859,Payment of Salaries-Bailiffs Petty Civil Courts,amendment,64575,https://laws.gov.tt/ttdll-web/revision/download/64575?type=amendment
Chronological list by year,1859,No. 9 of 1859,Defraying expenses of Government-1958,amendment,64573,https://laws.gov.tt/ttdll-web/revision/download/64573?type=amendment
Chronological list by year,1859,No. 8 of 1859,Henry Mitchell-invention,amendment,64571,https://laws.gov.tt/ttdll-web/revision/download/64571?type=amendment
Chronological list by year,1859,No. 7 of 1859,Appointment-Assistant Receiver General,amendment,64569,https://laws.gov.tt/ttdll-web/revision/download/64569?type=amendment
Chronological list by year,1859,No. 6 of 1859,Breeding of Cattle,amendment,64567,https://laws.gov.tt/ttdll-web/revision/download/64567?type=amendment
Chronological list by year,1859,No. 5 of 1859,Enabling the Mayor etc. of Port-of-Spain to purchase lands,amendment,64565,https://laws.gov.tt/ttdll-web/revision/download/64565?type=amendment
Chronological list by year,1859,No. 4 of 1859,Place of Imprisonment-Female Prisoners,amendment,64563,https://laws.gov.tt/ttdll-web/revision/download/64563?type=amendment
Chronological list by year,1859,No. 3 of 1859,Sale of Debentures,amendment,64561,https://laws.gov.tt/ttdll-web/revision/download/64561?type=amendment
Chronological list by year,1859,No. 2 of 1859,Hamilton Shirley Warner-Asphaltic fuel,amendment,64559,https://laws.gov.tt/ttdll-web/revision/download/64559?type=amendment
Chronological list by year,1859,No. 1 of 1859,"Leave of absence to Town Clerks, Treasurers of Boroughs",amendment,64557,https://laws.gov.tt/ttdll-web/revision/download/64557?type=amendment
Chronological list by year,1858,No. 23 of 1858,Apprenticing children,amendment,64555,https://laws.gov.tt/ttdll-web/revision/download/64555?type=amendment
Chronological list by year,1858,No. 22 of 1858,Improving Quays of Port-of-Spain,amendment,64553,https://laws.gov.tt/ttdll-web/revision/download/64553?type=amendment
Chronological list by year,1858,No. 21 of 1858,Contract with Trinidad Railway Company Limited,amendment,64551,https://laws.gov.tt/ttdll-web/revision/download/64551?type=amendment
Chronological list by year,1858,No. 20 of 1858,Underground sewerage in Port-of-Spain,amendment,64607,https://laws.gov.tt/ttdll-web/revision/download/64607?type=amendment
Chronological list by year,1858,No. 19 of 1858,Repealing 10 of 1853-Payment of salaries to Mayors,amendment,64609,https://laws.gov.tt/ttdll-web/revision/download/64609?type=amendment
Chronological list by year,1858,No. 18 of 1858,Amending 16 of 1854-Certain Public Buildings,amendment,64611,https://laws.gov.tt/ttdll-web/revision/download/64611?type=amendment
Chronological list by year,1858,No. 17 of 1858,Funds-Immigration 1859,amendment,64613,https://laws.gov.tt/ttdll-web/revision/download/64613?type=amendment
Chronological list by year,1858,No. 16 of 1858,Defraying expenses of Government-1859,amendment,64599,https://laws.gov.tt/ttdll-web/revision/download/64599?type=amendment
Chronological list by year,1858,No. 15 of 1858,Uniting-Sub Collector and Assistant Receiver of Taxes,amendment,64601,https://laws.gov.tt/ttdll-web/revision/download/64601?type=amendment
Chronological list by year,1858,No. 14 of 1858,Confinement of Lunatics-Trinidad Lunatic Asylum,amendment,64603,https://laws.gov.tt/ttdll-web/revision/download/64603?type=amendment
Chronological list by year,1858,No. 13 of 1858,Jose Cueva-British Born Subject,amendment,64605,https://laws.gov.tt/ttdll-web/revision/download/64605?type=amendment
Chronological list by year,1858,No. 12 of 1858,Registration of Bills of Sale of Personal Chattels,amendment,64591,https://laws.gov.tt/ttdll-web/revision/download/64591?type=amendment
Chronological list by year,1858,No. 11 of 1858,Immigration from China,amendment,64593,https://laws.gov.tt/ttdll-web/revision/download/64593?type=amendment
Chronological list by year,1858,No. 10 of 1858,To enable married women to dispose of Reversionary interests in Personal Estate,amendment,64595,https://laws.gov.tt/ttdll-web/revision/download/64595?type=amendment
Chronological list by year,1858,No. 9 of 1858,Encouraging the planting of coconut trees,amendment,64597,https://laws.gov.tt/ttdll-web/revision/download/64597?type=amendment
Chronological list by year,1858,No. 8 of 1858,Repealing duties for funds for Immigration,amendment,64583,https://laws.gov.tt/ttdll-web/revision/download/64583?type=amendment
Chronological list by year,1858,No. 7 of 1858,Explaining 6 of 1843-Free disposition of property,amendment,64585,https://laws.gov.tt/ttdll-web/revision/download/64585?type=amendment
Chronological list by year,1858,No. 6 of 1858,To amend Real Property,amendment,64587,https://laws.gov.tt/ttdll-web/revision/download/64587?type=amendment
Chronological list by year,1858,No. 5 of 1858,Prohibiting bathing and washing in Maraval river,amendment,64589,https://laws.gov.tt/ttdll-web/revision/download/64589?type=amendment
Chronological list by year,1858,No. 4 of 1858,Investment of Suitors' Moneys,amendment,64641,https://laws.gov.tt/ttdll-web/revision/download/64641?type=amendment
Chronological list by year,1858,No. 3 of 1858,Debentures-Tramroads-100-4 of 1856,amendment,64639,https://laws.gov.tt/ttdll-web/revision/download/64639?type=amendment
Chronological list by year,1858,No. 2 of 1858,Defraying Expenses of Government-1857,amendment,64645,https://laws.gov.tt/ttdll-web/revision/download/64645?type=amendment
Chronological list by year,1858,No. 1 of 1858,To repeal part of 9 of 1857,amendment,64643,https://laws.gov.tt/ttdll-web/revision/download/64643?type=amendment
Chronological list by year,1857,No. 16 of 1857,William Joseph Curtis-Improved tramroad or railroad,amendment,64633,https://laws.gov.tt/ttdll-web/revision/download/64633?type=amendment
Chronological list by year,1857,No. 15 of 1857,Frederick Jenny Swift-invention,amendment,64631,https://laws.gov.tt/ttdll-web/revision/download/64631?type=amendment
Chronological list by year,1857,No. 14 of 1857,"Bridges-St. Juan, St. Joseph, Tacarigue Rivers",amendment,64637,https://laws.gov.tt/ttdll-web/revision/download/64637?type=amendment
Chronological list by year,1857,No. 13 of 1857,Training Juvenile offenders habits of Industry,amendment,64635,https://laws.gov.tt/ttdll-web/revision/download/64635?type=amendment
Chronological list by year,1857,No. 12 of 1857,Hamilton Shirley Warner-de colouring charcoal,amendment,64625,https://laws.gov.tt/ttdll-web/revision/download/64625?type=amendment
Chronological list by year,1857,No. 11 of 1857,Herman Cruger-British Born Subject,amendment,64623,https://laws.gov.tt/ttdll-web/revision/download/64623?type=amendment
Chronological list by year,1857,No. 10 of 1857,Defraying Expenses of Government-1858,amendment,64629,https://laws.gov.tt/ttdll-web/revision/download/64629?type=amendment
Chronological list by year,1857,No. 9 of 1857,Funds-immigration-1858,amendment,64627,https://laws.gov.tt/ttdll-web/revision/download/64627?type=amendment
Chronological list by year,1857,No. 8 of 1857,Apprenticing destitute orphans,amendment,64617,https://laws.gov.tt/ttdll-web/revision/download/64617?type=amendment
Chronological list by year,1857,No. 7 of 1857,Samuel Runnels Philbrick-invention,amendment,64615,https://laws.gov.tt/ttdll-web/revision/download/64615?type=amendment
Chronological list by year,1857,No. 6 of 1857,Samuel Runnels Philbrick-invention,amendment,64621,https://laws.gov.tt/ttdll-web/revision/download/64621?type=amendment
Chronological list by year,1857,No. 5 of 1857,Immigrants contracts,amendment,64619,https://laws.gov.tt/ttdll-web/revision/download/64619?type=amendment
Chronological list by year,1857,No. 4 of 1857,Regulating the descent of real estate held in trust or on mortgage,amendment,64141,https://laws.gov.tt/ttdll-web/revision/download/64141?type=amendment
Chronological list by year,1857,No. 3 of 1857,Frederick Conrad Stollmeyer-British Born Subject,amendment,64139,https://laws.gov.tt/ttdll-web/revision/download/64139?type=amendment
Chronological list by year,1857,No. 2 of 1857,Formation of tramways,amendment,64137,https://laws.gov.tt/ttdll-web/revision/download/64137?type=amendment
Chronological list by year,1857,No. 1 of 1857,To alter the scale of plans-4 of 1856,amendment,64135,https://laws.gov.tt/ttdll-web/revision/download/64135?type=amendment
Chronological list by year,1856,No. 13 of 1856,To amend Law re Trade and Commerce,amendment,64149,https://laws.gov.tt/ttdll-web/revision/download/64149?type=amendment
Chronological list by year,1856,No. 12 of 1856,Solicitors and Conveyancers,amendment,64147,https://laws.gov.tt/ttdll-web/revision/download/64147?type=amendment
Chronological list by year,1856,No. 11 of 1856,Education and Industrial Training-Children of Indian Immigrants,amendment,64145,https://laws.gov.tt/ttdll-web/revision/download/64145?type=amendment
Chronological list by year,1856,No. 10 of 1856,Summary Convictions-short terms of imprisonment,amendment,64143,https://laws.gov.tt/ttdll-web/revision/download/64143?type=amendment
Chronological list by year,1856,No. 9 of 1856,To authorise Supreme Civil Court to invest infants' moneys,amendment,64157,https://laws.gov.tt/ttdll-web/revision/download/64157?type=amendment
Chronological list by year,1856,No. 8 of 1856,To authorise Supreme Civil Court in Equity to proceed by way of sale on bills of partition,amendment,64155,https://laws.gov.tt/ttdll-web/revision/download/64155?type=amendment
Chronological list by year,1856,No. 7 of 1856,Defraying expenses of Government-1857,amendment,64153,https://laws.gov.tt/ttdll-web/revision/download/64153?type=amendment
Chronological list by year,1856,No. 6 of 1856,To authorise holding certain cases before Chief Justice alone,amendment,64151,https://laws.gov.tt/ttdll-web/revision/download/64151?type=amendment
Chronological list by year,1856,No. 5 of 1856,Offences Against the Person,amendment,29586,https://laws.gov.tt/ttdll-web/revision/download/29586?type=amendment
Chronological list by year,1856,No. 4 of 1856,Formation of Tramroads,amendment,64165,https://laws.gov.tt/ttdll-web/revision/download/64165?type=amendment
Chronological list by year,1856,No. 3 of 1856,Hiram Hyde-invention,amendment,64163,https://laws.gov.tt/ttdll-web/revision/download/64163?type=amendment
Chronological list by year,1856,No. 2 of 1856,Sewer-Orange Grove to the sea,amendment,64161,https://laws.gov.tt/ttdll-web/revision/download/64161?type=amendment
Chronological list by year,1856,No. 1 of 1856,Arthur Leopold Cochrane,amendment,64159,https://laws.gov.tt/ttdll-web/revision/download/64159?type=amendment
Chronological list by year,1855,No. 39 of 1855,Legislative Council to alter tolls on public roads,amendment,64171,https://laws.gov.tt/ttdll-web/revision/download/64171?type=amendment
Chronological list by year,1855,No. 38 of 1855,Formation of Tramroads,amendment,64173,https://laws.gov.tt/ttdll-web/revision/download/64173?type=amendment
Chronological list by year,1855,No. 37 of 1855,Wardens to grant licences-wine etc.,amendment,64167,https://laws.gov.tt/ttdll-web/revision/download/64167?type=amendment
Chronological list by year,1855,No. 36 of 1855,Daniel Brasier Keating-invention,amendment,64169,https://laws.gov.tt/ttdll-web/revision/download/64169?type=amendment
Chronological list by year,1855,No. 35 of 1855,Provisions against Contagious Diseases,amendment,64179,https://laws.gov.tt/ttdll-web/revision/download/64179?type=amendment
Chronological list by year,1855,No. 34 of 1855,General and Local Boards of Health,amendment,64181,https://laws.gov.tt/ttdll-web/revision/download/64181?type=amendment
Chronological list by year,1855,No. 33 of 1855,Races in Queens Park,amendment,64175,https://laws.gov.tt/ttdll-web/revision/download/64175?type=amendment
Chronological list by year,1855,No. 32 of 1855,Defraying expenses of Government-1856,amendment,64177,https://laws.gov.tt/ttdll-web/revision/download/64177?type=amendment
Chronological list by year,1855,No. 31 of 1855,Duty on exports-1856,amendment,64187,https://laws.gov.tt/ttdll-web/revision/download/64187?type=amendment
Chronological list by year,1855,No. 30 of 1855,Trial by stipendary justices of Peace-courts of petty sessions,amendment,64189,https://laws.gov.tt/ttdll-web/revision/download/64189?type=amendment
Chronological list by year,1855,No. 29 of 1855,Fixing days for actions-Petty Civil Courts,amendment,64183,https://laws.gov.tt/ttdll-web/revision/download/64183?type=amendment
Chronological list by year,1855,No. 28 of 1855,To authorise Wardens to lay informations-10 of 1848,amendment,64185,https://laws.gov.tt/ttdll-web/revision/download/64185?type=amendment
Chronological list by year,1855,No. 27 of 1855,Payment of money deposited in the Savings Bank,amendment,64195,https://laws.gov.tt/ttdll-web/revision/download/64195?type=amendment
Chronological list by year,1855,No. 26 of 1855,Joseph Gianetti-British Born Subject,amendment,64197,https://laws.gov.tt/ttdll-web/revision/download/64197?type=amendment
Chronological list by year,1855,No. 25 of 1855,Water from Ariapita River to Port-of-Spain Water Works,amendment,64191,https://laws.gov.tt/ttdll-web/revision/download/64191?type=amendment
Chronological list by year,1855,No. 24 of 1855,Francis Bushe-cleaning vegetable fibres,amendment,64193,https://laws.gov.tt/ttdll-web/revision/download/64193?type=amendment
Chronological list by year,1855,No. 23 of 1855,Presbyterian Free Church of Scotland,amendment,64201,https://laws.gov.tt/ttdll-web/revision/download/64201?type=amendment
Chronological list by year,1855,No. 22 of 1855,Recovery of penalties-duties on rums and spirits,amendment,64199,https://laws.gov.tt/ttdll-web/revision/download/64199?type=amendment
Chronological list by year,1855,No. 21 of 1855,Deeds made by married women,amendment,64205,https://laws.gov.tt/ttdll-web/revision/download/64205?type=amendment
Chronological list by year,1855,No. 20 of 1855,Transferring to Receiver General charge of monies of the several Wards,amendment,64203,https://laws.gov.tt/ttdll-web/revision/download/64203?type=amendment
Chronological list by year,1855,No. 19 of 1855,Joint Stock Company-San Fernando Jetty Company,amendment,64209,https://laws.gov.tt/ttdll-web/revision/download/64209?type=amendment
Chronological list by year,1855,No. 18 of 1855,To repeal 15 of 1855,amendment,64207,https://laws.gov.tt/ttdll-web/revision/download/64207?type=amendment
Chronological list by year,1855,No. 17 of 1855,Appointment Receiver General-Abolish- Colonial Treasurer and Collector of Customs,amendment,64213,https://laws.gov.tt/ttdll-web/revision/download/64213?type=amendment
Chronological list by year,1855,No. 16 of 1855,Robert Maitland Teteron-P. Philip Elizee to be examined and to be admitted-Solicitors,amendment,64211,https://laws.gov.tt/ttdll-web/revision/download/64211?type=amendment
Chronological list by year,1855,No. 15 of 1855,San Fernando Jetty Company,amendment,64217,https://laws.gov.tt/ttdll-web/revision/download/64217?type=amendment
Chronological list by year,1855,No. 14 of 1855,Expenses during Cholera,amendment,64215,https://laws.gov.tt/ttdll-web/revision/download/64215?type=amendment
Chronological list by year,1855,No. 13 of 1855,Administration of Estates-Amendment,amendment,64221,https://laws.gov.tt/ttdll-web/revision/download/64221?type=amendment
Chronological list by year,1855,No. 12 of 1855,Evidence,amendment,5603,https://laws.gov.tt/ttdll-web/revision/download/5603?type=amendment
Chronological list by year,1855,No. 11 of 1855,To repeal certain Ordinances-Alexander Williams Anderson,amendment,64219,https://laws.gov.tt/ttdll-web/revision/download/64219?type=amendment
Chronological list by year,1855,No. 10 of 1855,Better preventing illicit dealing in Rum etc.,amendment,64225,https://laws.gov.tt/ttdll-web/revision/download/64225?type=amendment
Chronological list by year,1855,No. 9 of 1855,Arthur Auckland Leopold Cockrane-fuel,amendment,64223,https://laws.gov.tt/ttdll-web/revision/download/64223?type=amendment
Chronological list by year,1855,No. 8 of 1855,To prevent illicit dealing in Rum etc.,amendment,64229,https://laws.gov.tt/ttdll-web/revision/download/64229?type=amendment
Chronological list by year,1855,No. 7 of 1855,Immigrants-further terms of industrial residence,amendment,64227,https://laws.gov.tt/ttdll-web/revision/download/64227?type=amendment
Chronological list by year,1855,No. 6 of 1855,Appointment-Bailiffs-Petty Civil Courts,amendment,64231,https://laws.gov.tt/ttdll-web/revision/download/64231?type=amendment
Chronological list by year,1855,No. 5 of 1855,Sale of Lands-Quit Rents-Wards Rates,amendment,64233,https://laws.gov.tt/ttdll-web/revision/download/64233?type=amendment
Chronological list by year,1855,No. 4 of 1855,To abolish Surveyor General-To introduce keeper of the Maps and Surveys,amendment,64235,https://laws.gov.tt/ttdll-web/revision/download/64235?type=amendment
Chronological list by year,1855,No. 3 of 1855,Omission-Election of officers Medical Board-1855,amendment,64237,https://laws.gov.tt/ttdll-web/revision/download/64237?type=amendment
Chronological list by year,1855,No. 2 of 1855,To revise and continue in Force 3 of 1852-Public Library,amendment,64239,https://laws.gov.tt/ttdll-web/revision/download/64239?type=amendment
Chronological list by year,1855,No. 1 of 1855,Defraying Expenses of Government-1855,amendment,64241,https://laws.gov.tt/ttdll-web/revision/download/64241?type=amendment
Chronological list by year,1854,No. 24 of 1854,To amend and Consolidate-Immigration,amendment,64243,https://laws.gov.tt/ttdll-web/revision/download/64243?type=amendment
Chronological list by year,1854,No. 23 of 1854,Central and Local Boards of Health,amendment,64245,https://laws.gov.tt/ttdll-web/revision/download/64245?type=amendment
Chronological list by year,1854,No. 22 of 1854,Election of Auditors,amendment,64247,https://laws.gov.tt/ttdll-web/revision/download/64247?type=amendment
Chronological list by year,1854,No. 21 of 1854,"To authenticate certain correct copies of certain Orders in Council and Ordinances made and passed previous to 14th November, 1848",amendment,64249,https://laws.gov.tt/ttdll-web/revision/download/64249?type=amendment
Chronological list by year,1854,No. 20 of 1854,To repeal 8 of 1842-Port-of-Spain Water Works,amendment,64251,https://laws.gov.tt/ttdll-web/revision/download/64251?type=amendment
Chronological list by year,1854,No. 19 of 1854,Repeal of Ordinances,amendment,64253,https://laws.gov.tt/ttdll-web/revision/download/64253?type=amendment
Chronological list by year,1854,No. 18 of 1854,Repeal of Ordinances,amendment,64255,https://laws.gov.tt/ttdll-web/revision/download/64255?type=amendment
Chronological list by year,1854,No. 17 of 1854,To Ascertain Rent Charge-Santa Cruz-Repairs to Saddle Road,amendment,64257,https://laws.gov.tt/ttdll-web/revision/download/64257?type=amendment
Chronological list by year,1854,No. 16 of 1854,Erection of Certain Public Buildings,amendment,64259,https://laws.gov.tt/ttdll-web/revision/download/64259?type=amendment
Chronological list by year,1854,No. 15 of 1854,Boards of Management-Roads,amendment,64261,https://laws.gov.tt/ttdll-web/revision/download/64261?type=amendment
Chronological list by year,1854,No. 14 of 1854,To Amend 13 of 1852-Wardens,amendment,64277,https://laws.gov.tt/ttdll-web/revision/download/64277?type=amendment
Chronological list by year,1854,No. 13 of 1854,Imprisonment of Insolvent Debtors,amendment,64275,https://laws.gov.tt/ttdll-web/revision/download/64275?type=amendment
Chronological list by year,1854,No. 12 of 1854,To Regulate water rates-water from Port-of-Spain Water works,amendment,64273,https://laws.gov.tt/ttdll-web/revision/download/64273?type=amendment
Chronological list by year,1854,No. 11 of 1854,To abolish the office-Master of the Supreme Court,amendment,64271,https://laws.gov.tt/ttdll-web/revision/download/64271?type=amendment
Chronological list by year,1854,No. 10 of 1854,Granting Letters of Administration,amendment,64269,https://laws.gov.tt/ttdll-web/revision/download/64269?type=amendment
Chronological list by year,1854,No. 9 of 1854,Public Washing House-Port-of-Spain,amendment,64267,https://laws.gov.tt/ttdll-web/revision/download/64267?type=amendment
Chronological list by year,1854,No. 8 of 1854,Charles Frederick Feez-British Born Subject,amendment,64265,https://laws.gov.tt/ttdll-web/revision/download/64265?type=amendment
Chronological list by year,1854,No. 7 of 1854,Alexander Williams Anderson-sugar,amendment,64263,https://laws.gov.tt/ttdll-web/revision/download/64263?type=amendment
Chronological list by year,1854,No. 6 of 1854,Discharge of Juries-not agreeing upon verdict,amendment,64293,https://laws.gov.tt/ttdll-web/revision/download/64293?type=amendment
Chronological list by year,1854,No. 5 of 1854,Enclosing the street-Queens Street to Southern Door of Trinity Church,amendment,64291,https://laws.gov.tt/ttdll-web/revision/download/64291?type=amendment
Chronological list by year,1854,No. 4 of 1854,Genaro Rizo-British Born Subject,amendment,64289,https://laws.gov.tt/ttdll-web/revision/download/64289?type=amendment
Chronological list by year,1854,No. 3 of 1854,Arthur Auckland Leopold Cochrane-fuel,amendment,64287,https://laws.gov.tt/ttdll-web/revision/download/64287?type=amendment
Chronological list by year,1854,No. 2 of 1854,Extending the powers of Puisne Judges-Supreme Civil Court,amendment,64285,https://laws.gov.tt/ttdll-web/revision/download/64285?type=amendment
Chronological list by year,1854,No. 1 of 1854,Writs of Capias ad Satisfaciendum,amendment,64283,https://laws.gov.tt/ttdll-web/revision/download/64283?type=amendment
Chronological list by year,1853,No. 21 of 1853,Joseph Brandeis-sugar,amendment,64281,https://laws.gov.tt/ttdll-web/revision/download/64281?type=amendment
Chronological list by year,1853,No. 20 of 1853,Sale of Lands-Default in payment of rates,amendment,64279,https://laws.gov.tt/ttdll-web/revision/download/64279?type=amendment
Chronological list by year,1853,No. 19 of 1853,Duty on Rum and Spirits,amendment,64307,https://laws.gov.tt/ttdll-web/revision/download/64307?type=amendment
Chronological list by year,1853,No. 18 of 1853,Customs Duties,amendment,64309,https://laws.gov.tt/ttdll-web/revision/download/64309?type=amendment
Chronological list by year,1853,No. 17 of 1853,Regulating Hucksters and Pedlars in Rural Districts,amendment,64303,https://laws.gov.tt/ttdll-web/revision/download/64303?type=amendment
Chronological list by year,1853,No. 16 of 1853,Employment of Convicts outside the Royal Gaol,amendment,64305,https://laws.gov.tt/ttdll-web/revision/download/64305?type=amendment
Chronological list by year,1853,No. 15 of 1853,Trinidad and Tobago Post,amendment,33464,https://laws.gov.tt/ttdll-web/revision/download/33464?type=amendment
Chronological list by year,1853,No. 14 of 1853,Defraying Expenses of Government-1854,amendment,64299,https://laws.gov.tt/ttdll-web/revision/download/64299?type=amendment
Chronological list by year,1853,No. 13 of 1853,Regulating Printing and Publishing of Newspapers,amendment,64301,https://laws.gov.tt/ttdll-web/revision/download/64301?type=amendment
Chronological list by year,1853,No. 12 of 1853,Habeas Corpus,amendment,13061,https://laws.gov.tt/ttdll-web/revision/download/13061?type=amendment
Chronological list by year,1853,No. 11 of 1853,Alexander Williams Anderson-sugar,amendment,64295,https://laws.gov.tt/ttdll-web/revision/download/64295?type=amendment
Chronological list by year,1853,No. 10 of 1853,Regulation of Municipal Corporations,amendment,64297,https://laws.gov.tt/ttdll-web/revision/download/64297?type=amendment
Chronological list by year,1853,No. 9 of 1853,"Introduction of Free Labour-�250,000",amendment,64323,https://laws.gov.tt/ttdll-web/revision/download/64323?type=amendment
Chronological list by year,1853,No. 8 of 1853,Supreme Civil Court in Equity-extending sittings,amendment,64325,https://laws.gov.tt/ttdll-web/revision/download/64325?type=amendment
Chronological list by year,1853,No. 7 of 1853,Court of Intendant-Docket of Fees,amendment,64319,https://laws.gov.tt/ttdll-web/revision/download/64319?type=amendment
Chronological list by year,1853,No. 6 of 1853,John Baptiste Viale-British Born Subject,amendment,64321,https://laws.gov.tt/ttdll-web/revision/download/64321?type=amendment
Chronological list by year,1853,No. 5 of 1853,Appointment-Assistant Receives of Omitted Duties and Taxes,amendment,64315,https://laws.gov.tt/ttdll-web/revision/download/64315?type=amendment
Chronological list by year,1853,No. 4 of 1853,Joseph Branden-sugar,amendment,64317,https://laws.gov.tt/ttdll-web/revision/download/64317?type=amendment
Chronological list by year,1853,No. 3 of 1853,Government of Chinese Immigrants-Introduced at Public Expense,amendment,64311,https://laws.gov.tt/ttdll-web/revision/download/64311?type=amendment
Chronological list by year,1853,No. 2 of 1853,To amend Laws-Solicitors and Conveyancers,amendment,64313,https://laws.gov.tt/ttdll-web/revision/download/64313?type=amendment
Chronological list by year,1853,No. 1 of 1853,To continue in force Laws re Usury,amendment,64337,https://laws.gov.tt/ttdll-web/revision/download/64337?type=amendment
Chronological list by year,1852,No. 17 of 1852,Regulating the Publication of Notices,amendment,64335,https://laws.gov.tt/ttdll-web/revision/download/64335?type=amendment
Chronological list by year,1852,No. 16 of 1852,Preventing wilful trespass to lands,amendment,64341,https://laws.gov.tt/ttdll-web/revision/download/64341?type=amendment
Chronological list by year,1852,No. 15 of 1852,Occupation of Crown Lands without Title,amendment,64339,https://laws.gov.tt/ttdll-web/revision/download/64339?type=amendment
Chronological list by year,1852,No. 14 of 1852,Amending 15 of 1847,amendment,64329,https://laws.gov.tt/ttdll-web/revision/download/64329?type=amendment
Chronological list by year,1852,No. 13 of 1852,Amending and Consolidating Wardens,amendment,64327,https://laws.gov.tt/ttdll-web/revision/download/64327?type=amendment
Chronological list by year,1852,No. 12 of 1852,Regulating Immigrants,amendment,64333,https://laws.gov.tt/ttdll-web/revision/download/64333?type=amendment
Chronological list by year,1852,No. 11 of 1852,Further contracts-Industrial Residence- Immigrants,amendment,64331,https://laws.gov.tt/ttdll-web/revision/download/64331?type=amendment
Chronological list by year,1852,No. 10 of 1852,Juan Ramos-manufacturing sugar,amendment,64353,https://laws.gov.tt/ttdll-web/revision/download/64353?type=amendment
Chronological list by year,1852,No. 9 of 1852,Defraying Expenses of Government 1853,amendment,64351,https://laws.gov.tt/ttdll-web/revision/download/64351?type=amendment
Chronological list by year,1852,No. 8 of 1852,To revive and continue in force-12 of 1850-aliens,amendment,64357,https://laws.gov.tt/ttdll-web/revision/download/64357?type=amendment
Chronological list by year,1852,No. 7 of 1852,Bonds and Debentures-Redeemable Time-14 of 1850,amendment,64355,https://laws.gov.tt/ttdll-web/revision/download/64355?type=amendment
Chronological list by year,1852,No. 6 of 1852,Lands Sold for Water Rates-fixed percentage in lieu of fees,amendment,64345,https://laws.gov.tt/ttdll-web/revision/download/64345?type=amendment
Chronological list by year,1852,No. 5 of 1852,Duties of Justice of the Peace-Summary Convictions Establishing a Court of Appeal,amendment,64343,https://laws.gov.tt/ttdll-web/revision/download/64343?type=amendment
Chronological list by year,1852,No. 4 of 1852,Proof of Registration of Deeds,amendment,64349,https://laws.gov.tt/ttdll-web/revision/download/64349?type=amendment
Chronological list by year,1852,No. 3 of 1852,To amend 2 of 1851-Public Library,amendment,64347,https://laws.gov.tt/ttdll-web/revision/download/64347?type=amendment
Chronological list by year,1852,No. 2 of 1852,Criminal Offences,amendment,4750,https://laws.gov.tt/ttdll-web/revision/download/4750?type=amendment
Chronological list by year,1852,No. 1 of 1852,Vestry of Trinity Church-raising money for certain purposes,amendment,64367,https://laws.gov.tt/ttdll-web/revision/download/64367?type=amendment
Chronological list by year,1851,No. 19 of 1851,Relief to Insolvent Debtors,amendment,64369,https://laws.gov.tt/ttdll-web/revision/download/64369?type=amendment
Chronological list by year,1851,No. 18 of 1851,Supplying Port-of-Spain with water,amendment,64371,https://laws.gov.tt/ttdll-web/revision/download/64371?type=amendment
Chronological list by year,1851,No. 17 of 1851,Rabid Dogs,amendment,64373,https://laws.gov.tt/ttdll-web/revision/download/64373?type=amendment
Chronological list by year,1851,No. 16 of 1851,Establishing Petty Civil Courts,amendment,64359,https://laws.gov.tt/ttdll-web/revision/download/64359?type=amendment
Chronological list by year,1851,No. 15 of 1851,Produce Exported-repealing duties,amendment,64361,https://laws.gov.tt/ttdll-web/revision/download/64361?type=amendment
Chronological list by year,1851,No. 14 of 1851,Defraying Expenses of Government-1852,amendment,64363,https://laws.gov.tt/ttdll-web/revision/download/64363?type=amendment
Chronological list by year,1851,No. 13 of 1851,Regulating the Sale of Meat-Port-of-Spain and San Fernando,amendment,64365,https://laws.gov.tt/ttdll-web/revision/download/64365?type=amendment
Chronological list by year,1851,No. 12 of 1851,Improvement of Public Roads-not being Royal Road,amendment,64383,https://laws.gov.tt/ttdll-web/revision/download/64383?type=amendment
Chronological list by year,1851,No. 11 of 1851,Encouraging-Further terms of Industrial Residence-Immigrants,amendment,64385,https://laws.gov.tt/ttdll-web/revision/download/64385?type=amendment
Chronological list by year,1851,No. 10 of 1851,Improvement of Royal Roads,amendment,64387,https://laws.gov.tt/ttdll-web/revision/download/64387?type=amendment
Chronological list by year,1851,No. 9 of 1851,Census-1851,amendment,64389,https://laws.gov.tt/ttdll-web/revision/download/64389?type=amendment
Chronological list by year,1851,No. 8 of 1851,Encouraging Free Blacks and Coloured Immigrants from U.S. and British North America into the Colony,amendment,64375,https://laws.gov.tt/ttdll-web/revision/download/64375?type=amendment
Chronological list by year,1851,No. 7 of 1851,Natural Savannahs,amendment,64377,https://laws.gov.tt/ttdll-web/revision/download/64377?type=amendment
Chronological list by year,1851,No. 6 of 1851,Establishing Inland Post and Rates of Postage,amendment,64379,https://laws.gov.tt/ttdll-web/revision/download/64379?type=amendment
Chronological list by year,1851,No. 5 of 1851,To invest in Her Majesty the land of the Sea Shore and to enable Her Majesty to grant licences for the reclamation of land from the sea,amendment,64381,https://laws.gov.tt/ttdll-web/revision/download/64381?type=amendment
Chronological list by year,1851,No. 4 of 1851,Weights and Measures,amendment,64951,https://laws.gov.tt/ttdll-web/revision/download/64951?type=amendment
Chronological list by year,1851,No. 3 of 1851,"Sale of Land Subject to Quit Rents, Ward Rates, Rates to Roads",amendment,64953,https://laws.gov.tt/ttdll-web/revision/download/64953?type=amendment
Chronological list by year,1851,No. 2 of 1851,Establishment of Public Library,amendment,64955,https://laws.gov.tt/ttdll-web/revision/download/64955?type=amendment
Chronological list by year,1851,No. 1 of 1851,Registrar General-Surveyor General-Regulating Fees,amendment,64957,https://laws.gov.tt/ttdll-web/revision/download/64957?type=amendment
Chronological list by year,1850,No. 25 of 1850,To continue in Force-4 of 1849,amendment,64959,https://laws.gov.tt/ttdll-web/revision/download/64959?type=amendment
Chronological list by year,1850,No. 24 of 1850,Public Health,amendment,64961,https://laws.gov.tt/ttdll-web/revision/download/64961?type=amendment
Chronological list by year,1850,No. 23 of 1850,Intestate Estates-Assimilating to Law of England,amendment,64963,https://laws.gov.tt/ttdll-web/revision/download/64963?type=amendment
Chronological list by year,1850,No. 22 of 1850,"Devises, Legacies, Successions-raising duties",amendment,64965,https://laws.gov.tt/ttdll-web/revision/download/64965?type=amendment
Chronological list by year,1850,No. 21 of 1850,Colonial Produce Exported-Alter duties,amendment,64935,https://laws.gov.tt/ttdll-web/revision/download/64935?type=amendment
Chronological list by year,1850,No. 20 of 1850,Defraying Expenses of Government,amendment,64937,https://laws.gov.tt/ttdll-web/revision/download/64937?type=amendment
Chronological list by year,1850,No. 19 of 1850,Petty Sessions-to amend,amendment,64939,https://laws.gov.tt/ttdll-web/revision/download/64939?type=amendment
Chronological list by year,1850,No. 18 of 1850,Burial Grounds dangerous to Public Health-Closing,amendment,64941,https://laws.gov.tt/ttdll-web/revision/download/64941?type=amendment
Chronological list by year,1850,No. 17 of 1850,"Successions, Inheritances legacies-Recovery of Duties",amendment,64943,https://laws.gov.tt/ttdll-web/revision/download/64943?type=amendment
Chronological list by year,1850,No. 16 of 1850,Constituting Vestries for the Roman Catholic Church,amendment,64945,https://laws.gov.tt/ttdll-web/revision/download/64945?type=amendment
Chronological list by year,1850,No. 15 of 1850,Currency,amendment,64947,https://laws.gov.tt/ttdll-web/revision/download/64947?type=amendment
Chronological list by year,1850,No. 14 of 1850,Introduction of Free Labourers-raising money for,amendment,64949,https://laws.gov.tt/ttdll-web/revision/download/64949?type=amendment
Chronological list by year,1850,No. 13 of 1850,Customs duties-raising,amendment,64921,https://laws.gov.tt/ttdll-web/revision/download/64921?type=amendment
Chronological list by year,1850,No. 12 of 1850,Registration of Aliens-authorizing removal,amendment,64919,https://laws.gov.tt/ttdll-web/revision/download/64919?type=amendment
Chronological list by year,1850,No. 11 of 1850,Management of Customs,amendment,64925,https://laws.gov.tt/ttdll-web/revision/download/64925?type=amendment
Chronological list by year,1850,No. 10 of 1850,Promoting the Industry of Captured Africans introduced into Trinidad,amendment,64923,https://laws.gov.tt/ttdll-web/revision/download/64923?type=amendment
Chronological list by year,1850,No. 9 of 1850,Introduction of Chinese Labourers into the Colony,amendment,64929,https://laws.gov.tt/ttdll-web/revision/download/64929?type=amendment
Chronological list by year,1850,No. 8 of 1850,Death of Insolvents-distribution of property by Supreme Civil Court,amendment,64927,https://laws.gov.tt/ttdll-web/revision/download/64927?type=amendment
Chronological list by year,1850,No. 7 of 1850,To continue in force 4 of 1849,amendment,64933,https://laws.gov.tt/ttdll-web/revision/download/64933?type=amendment
Chronological list by year,1850,No. 6 of 1850,Employment of Convicts in places outside the Royal Gaol,amendment,64931,https://laws.gov.tt/ttdll-web/revision/download/64931?type=amendment
Chronological list by year,1850,No. 5 of 1850,Encouraging Industry of Immigrants,amendment,64905,https://laws.gov.tt/ttdll-web/revision/download/64905?type=amendment
Chronological list by year,1850,No. 4 of 1850,To protect Justices of the Peace,amendment,64903,https://laws.gov.tt/ttdll-web/revision/download/64903?type=amendment
Chronological list by year,1850,No. 3 of 1850,Removal of Defects-Criminal Law,amendment,64909,https://laws.gov.tt/ttdll-web/revision/download/64909?type=amendment
Chronological list by year,1850,No. 2 of 1850,"Assistant Constables, Special Constables, Appointment of",amendment,64907,https://laws.gov.tt/ttdll-web/revision/download/64907?type=amendment
Chronological list by year,1850,No. 1 of 1850,Recovery of Moneys-Rates for Roads,amendment,64913,https://laws.gov.tt/ttdll-web/revision/download/64913?type=amendment
Chronological list by year,1849,No. 16 of 1849,"Maintaining Roads, Bridges etc.",amendment,64911,https://laws.gov.tt/ttdll-web/revision/download/64911?type=amendment
Chronological list by year,1849,No. 15 of 1849,"Granting of Licences-Wines, beer etc.",amendment,64917,https://laws.gov.tt/ttdll-web/revision/download/64917?type=amendment
Chronological list by year,1849,No. 14 of 1849,Colonial Produce Exported-Altering duty chargeable,amendment,64915,https://laws.gov.tt/ttdll-web/revision/download/64915?type=amendment
Chronological list by year,1849,No. 13 of 1849,Granting of Licences-Wine beer etc.,amendment,65019,https://laws.gov.tt/ttdll-web/revision/download/65019?type=amendment
Chronological list by year,1849,No. 12 of 1849,To amend 15 of 1847,amendment,65021,https://laws.gov.tt/ttdll-web/revision/download/65021?type=amendment
Chronological list by year,1849,No. 11 of 1849,To continue in force-4 of 1849,amendment,65015,https://laws.gov.tt/ttdll-web/revision/download/65015?type=amendment
Chronological list by year,1849,No. 10 of 1849,Repeal of 11 of 1847,amendment,65017,https://laws.gov.tt/ttdll-web/revision/download/65017?type=amendment
Chronological list by year,1849,No. 9 of 1849,Appointment of Wardens-,amendment,65027,https://laws.gov.tt/ttdll-web/revision/download/65027?type=amendment
Chronological list by year,1849,No. 8 of 1849,"Division of Trinidad-Divisions, Counties, Districts, Wards",amendment,65029,https://laws.gov.tt/ttdll-web/revision/download/65029?type=amendment
Chronological list by year,1849,No. 7 of 1849,Defraying Expenses of Government 1850,amendment,65023,https://laws.gov.tt/ttdll-web/revision/download/65023?type=amendment
Chronological list by year,1849,No. 6 of 1849,To Consolidate and Amend-Police,amendment,65025,https://laws.gov.tt/ttdll-web/revision/download/65025?type=amendment
Chronological list by year,1849,No. 5 of 1849,Amending 33 of 1845,amendment,65003,https://laws.gov.tt/ttdll-web/revision/download/65003?type=amendment
Chronological list by year,1849,No. 4 of 1849,Holding Certain Cases before two judges (Supreme Civil Court) (Supreme Criminal Court),amendment,65005,https://laws.gov.tt/ttdll-web/revision/download/65005?type=amendment
Chronological list by year,1849,No. 3 of 1849,Promoting the Industry of Immigrants,amendment,64999,https://laws.gov.tt/ttdll-web/revision/download/64999?type=amendment
Chronological list by year,1849,No. 2 of 1849,Levying a rate on wards-appeal,amendment,65001,https://laws.gov.tt/ttdll-web/revision/download/65001?type=amendment
Chronological list by year,1849,No. 1 of 1849,Amending 15 of 1847,amendment,65011,https://laws.gov.tt/ttdll-web/revision/download/65011?type=amendment
Chronological list by year,1848,No. 17 of 1848,Constituting-Board of Health,amendment,65013,https://laws.gov.tt/ttdll-web/revision/download/65013?type=amendment
Chronological list by year,1848,No. 16 of 1848,To regulate mode of Proceeding-Recovery of Penalties under 15 of 1847,amendment,65007,https://laws.gov.tt/ttdll-web/revision/download/65007?type=amendment
Chronological list by year,1848,No. 15 of 1848,To continue in force until 31.12.1849-3 of 1846,amendment,65009,https://laws.gov.tt/ttdll-web/revision/download/65009?type=amendment
Chronological list by year,1848,No. 14 of 1848,Appointing Commissioners to revise several Orders in Council and Ordinances passed from the day of the Constitution of the Legislative Council,amendment,64989,https://laws.gov.tt/ttdll-web/revision/download/64989?type=amendment
Chronological list by year,1848,No. 13 of 1848,To correct omissions in 11 of 1848,amendment,64987,https://laws.gov.tt/ttdll-web/revision/download/64987?type=amendment
Chronological list by year,1848,No. 12 of 1848,Regulating San Fernando Harbour,amendment,64985,https://laws.gov.tt/ttdll-web/revision/download/64985?type=amendment
Chronological list by year,1848,No. 11 of 1848,Commissioners of Roads-Returns,amendment,64983,https://laws.gov.tt/ttdll-web/revision/download/64983?type=amendment
Chronological list by year,1848,No. 10 of 1848,Removal of persons in possession of lands without proper claim or title,amendment,64997,https://laws.gov.tt/ttdll-web/revision/download/64997?type=amendment
Chronological list by year,1848,No. 9 of 1848,Proceedings-Criminal Cases,amendment,64995,https://laws.gov.tt/ttdll-web/revision/download/64995?type=amendment
Chronological list by year,1848,No. 8 of 1848,Defraying Expenses of Government 1849,amendment,64993,https://laws.gov.tt/ttdll-web/revision/download/64993?type=amendment
Chronological list by year,1848,No. 7 of 1848,"To continue inforce until 31.12,1848-8 of 1845",amendment,64991,https://laws.gov.tt/ttdll-web/revision/download/64991?type=amendment
Chronological list by year,1848,No. 6 of 1848,Sittings of Court-of-Appeal-Naparima-St. Joseph,amendment,64973,https://laws.gov.tt/ttdll-web/revision/download/64973?type=amendment
Chronological list by year,1848,No. 5 of 1848,To continue in force 3 of 1846-Roads,amendment,64971,https://laws.gov.tt/ttdll-web/revision/download/64971?type=amendment
Chronological list by year,1848,No. 4 of 1848,Administrating of Justice-The Supreme Civil Court Jurisdiction and Powers,amendment,64969,https://laws.gov.tt/ttdll-web/revision/download/64969?type=amendment
Chronological list by year,1848,No. 3 of 1848,Jurors and Juries-consolidating and Amending,amendment,64967,https://laws.gov.tt/ttdll-web/revision/download/64967?type=amendment
Chronological list by year,1848,No. 2 of 1848,Vestry to Trinity Church to purchase certain parcels of land,amendment,64981,https://laws.gov.tt/ttdll-web/revision/download/64981?type=amendment
Chronological list by year,1848,No. 1 of 1848,Prevention of Accidents by Fire,amendment,64979,https://laws.gov.tt/ttdll-web/revision/download/64979?type=amendment
Chronological list by year,1847,No. 22 of 1847,To continue in force 13 of 1844,amendment,64977,https://laws.gov.tt/ttdll-web/revision/download/64977?type=amendment
Chronological list by year,1847,No. 21 of 1847,Insolvent Debtors-Extending powers of the Court,amendment,64975,https://laws.gov.tt/ttdll-web/revision/download/64975?type=amendment
Chronological list by year,1847,No. 20 of 1847,For constituting Bodies Corporate in Rural Districts,amendment,65087,https://laws.gov.tt/ttdll-web/revision/download/65087?type=amendment
Chronological list by year,1847,No. 19 of 1847,For the appointment of Justice of the Peace and the Establishment of Court of Quarter and Petty Sessions,amendment,65089,https://laws.gov.tt/ttdll-web/revision/download/65089?type=amendment
Chronological list by year,1847,No. 18 of 1847,Defraying expenses of Government 1848,amendment,65091,https://laws.gov.tt/ttdll-web/revision/download/65091?type=amendment
Chronological list by year,1847,No. 17 of 1847,To repeal certain custom duties,amendment,65093,https://laws.gov.tt/ttdll-web/revision/download/65093?type=amendment
Chronological list by year,1847,No. 16 of 1847,To raise custom duties,amendment,65079,https://laws.gov.tt/ttdll-web/revision/download/65079?type=amendment
Chronological list by year,1847,No. 15 of 1847,To raise duty on rum etc.,amendment,65081,https://laws.gov.tt/ttdll-web/revision/download/65081?type=amendment
Chronological list by year,1847,No. 14 of 1847,To correct a clerical error in 12 of 1807,amendment,65083,https://laws.gov.tt/ttdll-web/revision/download/65083?type=amendment
Chronological list by year,1847,No. 13 of 1847,"Registering Births, Marriages and Deaths",amendment,65085,https://laws.gov.tt/ttdll-web/revision/download/65085?type=amendment
Chronological list by year,1847,No. 12 of 1847,Appointment of a Registrar General,amendment,65071,https://laws.gov.tt/ttdll-web/revision/download/65071?type=amendment
Chronological list by year,1847,No. 11 of 1847,Division of Trinidad,amendment,65073,https://laws.gov.tt/ttdll-web/revision/download/65073?type=amendment
Chronological list by year,1847,No. 10 of 1847,Weights and Measures,amendment,65075,https://laws.gov.tt/ttdll-web/revision/download/65075?type=amendment
Chronological list by year,1847,No. 9 of 1847,Immigration,amendment,65077,https://laws.gov.tt/ttdll-web/revision/download/65077?type=amendment
Chronological list by year,1847,No. 8 of 1847,Contracts of Service-Term,amendment,65063,https://laws.gov.tt/ttdll-web/revision/download/65063?type=amendment
Chronological list by year,1847,No. 7 of 1847,Quit rents-recovery,amendment,65065,https://laws.gov.tt/ttdll-web/revision/download/65065?type=amendment
Chronological list by year,1847,No. 6 of 1847,Apprehension of offenders-Venezuela,amendment,65067,https://laws.gov.tt/ttdll-web/revision/download/65067?type=amendment
Chronological list by year,1847,No. 5 of 1847,Immigration,amendment,65069,https://laws.gov.tt/ttdll-web/revision/download/65069?type=amendment
Chronological list by year,1847,No. 4 of 1847,To Suspend Ordinance 3 of 1847,amendment,65057,https://laws.gov.tt/ttdll-web/revision/download/65057?type=amendment
Chronological list by year,1847,No. 3 of 1847,Immigration,amendment,65055,https://laws.gov.tt/ttdll-web/revision/download/65055?type=amendment
Chronological list by year,1847,No. 2 of 1847,Proceedings-Criminal Cases to continue inforce,amendment,65061,https://laws.gov.tt/ttdll-web/revision/download/65061?type=amendment
Chronological list by year,1847,No. 1 of 1847,Immigration from India-1847,amendment,65059,https://laws.gov.tt/ttdll-web/revision/download/65059?type=amendment
Chronological list by year,1846,No. 14 of 1846,Immigration-Agricultural Labour,amendment,65049,https://laws.gov.tt/ttdll-web/revision/download/65049?type=amendment
Chronological list by year,1846,No. 13 of 1846,Apprehension of offenders from Venezuela,amendment,65047,https://laws.gov.tt/ttdll-web/revision/download/65047?type=amendment
Chronological list by year,1846,No. 12 of 1846,Sale of Bread,amendment,65053,https://laws.gov.tt/ttdll-web/revision/download/65053?type=amendment
Chronological list by year,1846,No. 11 of 1846,Apprehension of offenders escaping to Trinidad from any other of H. M. Colonies and foreign possessions,amendment,65051,https://laws.gov.tt/ttdll-web/revision/download/65051?type=amendment
Chronological list by year,1846,No. 10 of 1846,Criminal Sessions-to alter period 1846,amendment,65041,https://laws.gov.tt/ttdll-web/revision/download/65041?type=amendment
Chronological list by year,1846,No. 9 of 1846,Defraying Expenses of Government 1847,amendment,65039,https://laws.gov.tt/ttdll-web/revision/download/65039?type=amendment
Chronological list by year,1846,No. 8 of 1846,To amend Evidence,amendment,65045,https://laws.gov.tt/ttdll-web/revision/download/65045?type=amendment
Chronological list by year,1846,No. 7 of 1846,To amend 15 of 1845-Court of Appeal-Summary Convictions,amendment,65043,https://laws.gov.tt/ttdll-web/revision/download/65043?type=amendment
Chronological list by year,1846,No. 6 of 1846,Masters and Servants,amendment,65033,https://laws.gov.tt/ttdll-web/revision/download/65033?type=amendment
Chronological list by year,1846,No. 5 of 1846,Medical Board to amend Constitution,amendment,65031,https://laws.gov.tt/ttdll-web/revision/download/65031?type=amendment
Chronological list by year,1846,No. 4 of 1846,Enabling Governor to issue money to persons unable to comply with 10 of 1840,amendment,65037,https://laws.gov.tt/ttdll-web/revision/download/65037?type=amendment
Chronological list by year,1846,No. 3 of 1846,Roads and Bridges,amendment,65035,https://laws.gov.tt/ttdll-web/revision/download/65035?type=amendment
Chronological list by year,1846,No. 2 of 1846,Amending Usury Laws,amendment,65155,https://laws.gov.tt/ttdll-web/revision/download/65155?type=amendment
Chronological list by year,1846,No. 1 of 1846,Leases and Recovery of Rent,amendment,65157,https://laws.gov.tt/ttdll-web/revision/download/65157?type=amendment
Chronological list by year,1845,No. 36 of 1845,Covenants and Warranties-Assimilating with Law of England,amendment,65151,https://laws.gov.tt/ttdll-web/revision/download/65151?type=amendment
Chronological list by year,1845,No. 35 of 1845,Regulating-Ejectment and Replevin,amendment,65153,https://laws.gov.tt/ttdll-web/revision/download/65153?type=amendment
Chronological list by year,1845,No. 34 of 1845,Recovery of penalties and forfeiture,amendment,65147,https://laws.gov.tt/ttdll-web/revision/download/65147?type=amendment
Chronological list by year,1845,No. 33 of 1845,Constituting a Corporate Body San Fernando,amendment,65149,https://laws.gov.tt/ttdll-web/revision/download/65149?type=amendment
Chronological list by year,1845,No. 32 of 1845,To amend Usury Laws,amendment,65143,https://laws.gov.tt/ttdll-web/revision/download/65143?type=amendment
Chronological list by year,1845,No. 31 of 1845,Medical Board-To amend Constitution,amendment,65145,https://laws.gov.tt/ttdll-web/revision/download/65145?type=amendment
Chronological list by year,1845,No. 30 of 1845,Preventing the introduction of persons with Leprosy in Trinidad,amendment,65139,https://laws.gov.tt/ttdll-web/revision/download/65139?type=amendment
Chronological list by year,1845,No. 29 of 1845,Limits of Port-of-Spain,amendment,65141,https://laws.gov.tt/ttdll-web/revision/download/65141?type=amendment
Chronological list by year,1845,No. 28 of 1845,Insolvent Debtors,amendment,65135,https://laws.gov.tt/ttdll-web/revision/download/65135?type=amendment
Chronological list by year,1845,No. 27 of 1845,Rules and Orders made by Judges-Civil court,amendment,65137,https://laws.gov.tt/ttdll-web/revision/download/65137?type=amendment
Chronological list by year,1845,No. 26 of 1845,Government Expenses-part of 1846,amendment,65131,https://laws.gov.tt/ttdll-web/revision/download/65131?type=amendment
Chronological list by year,1845,No. 25 of 1845,To regulate Scire Facias,amendment,65133,https://laws.gov.tt/ttdll-web/revision/download/65133?type=amendment
Chronological list by year,1845,No. 24 of 1845,Inheritance-Assimilating to Law of England,amendment,65127,https://laws.gov.tt/ttdll-web/revision/download/65127?type=amendment
Chronological list by year,1845,No. 23 of 1845,Mortages-Assimilating to law of England,amendment,65129,https://laws.gov.tt/ttdll-web/revision/download/65129?type=amendment
Chronological list by year,1845,No. 22 of 1845,Further expenses of Government 1845,amendment,65125,https://laws.gov.tt/ttdll-web/revision/download/65125?type=amendment
Chronological list by year,1845,No. 21 of 1845,Defraying expenses of Government-1844,amendment,65123,https://laws.gov.tt/ttdll-web/revision/download/65123?type=amendment
Chronological list by year,1845,No. 20 of 1845,Supreme Civil Court-sitting in vacation,amendment,65121,https://laws.gov.tt/ttdll-web/revision/download/65121?type=amendment
Chronological list by year,1845,No. 19 of 1845,Remedies of Creditors against property of debtors,amendment,65119,https://laws.gov.tt/ttdll-web/revision/download/65119?type=amendment
Chronological list by year,1845,No. 18 of 1845,To amend Laws-Savings Banks,amendment,65117,https://laws.gov.tt/ttdll-web/revision/download/65117?type=amendment
Chronological list by year,1845,No. 17 of 1845,Regulating rights-Masters and Servants,amendment,65115,https://laws.gov.tt/ttdll-web/revision/download/65115?type=amendment
Chronological list by year,1845,No. 16 of 1845,To regulate Court fees-Supreme Court for Criminal Prosecution,amendment,65113,https://laws.gov.tt/ttdll-web/revision/download/65113?type=amendment
Chronological list by year,1845,No. 15 of 1845,For establishing a Court of Appeal-Summary Conviction,amendment,65111,https://laws.gov.tt/ttdll-web/revision/download/65111?type=amendment
Chronological list by year,1845,No. 14 of 1845,Administration of estates of deceased persons and amendment of the Law in respect of Tacit Mortgages,amendment,65109,https://laws.gov.tt/ttdll-web/revision/download/65109?type=amendment
Chronological list by year,1845,No. 13 of 1845,To amend Ordinance 13 of 1839,amendment,65107,https://laws.gov.tt/ttdll-web/revision/download/65107?type=amendment
Chronological list by year,1845,No. 12 of 1845,"Assimilating the Law re Leases etc., to that of England",amendment,65105,https://laws.gov.tt/ttdll-web/revision/download/65105?type=amendment
Chronological list by year,1845,No. 11 of 1845,To amend Laws-Defamatory words and Libel,amendment,65103,https://laws.gov.tt/ttdll-web/revision/download/65103?type=amendment
Chronological list by year,1845,No. 10 of 1845,Limitation of Actions-Real Property,amendment,65101,https://laws.gov.tt/ttdll-web/revision/download/65101?type=amendment
Chronological list by year,1845,No. 9 of 1845,For shortening the time of Prescription in certain cases,amendment,65099,https://laws.gov.tt/ttdll-web/revision/download/65099?type=amendment
Chronological list by year,1845,No. 8 of 1845,Regulating form and manner-Criminal Cases,amendment,65097,https://laws.gov.tt/ttdll-web/revision/download/65097?type=amendment
Chronological list by year,1845,No. 7 of 1845,To amend and Consolidate Laws re Jury Lists,amendment,65095,https://laws.gov.tt/ttdll-web/revision/download/65095?type=amendment
Chronological list by year,1845,No. 6 of 1845,Regulating rights-Masters and Servants,amendment,64681,https://laws.gov.tt/ttdll-web/revision/download/64681?type=amendment
Chronological list by year,1845,No. 5 of 1845,For the better Administration of justice and extending the benefit of Trial by Jury to Civil Cases and assimilating proceedings in Civil Actions to that of Courts of Common Law at Westminister,amendment,64679,https://laws.gov.tt/ttdll-web/revision/download/64679?type=amendment
Chronological list by year,1845,No. 4 of 1845,Regulating Probate of Wills etc.,amendment,64685,https://laws.gov.tt/ttdll-web/revision/download/64685?type=amendment
Chronological list by year,1845,No. 3 of 1845,Establishing a court of Appeal Summary Conviction,amendment,64683,https://laws.gov.tt/ttdll-web/revision/download/64683?type=amendment
Chronological list by year,1845,No. 2 of 1845,Relief against adverse claims-Supreme Civil Court,amendment,64689,https://laws.gov.tt/ttdll-web/revision/download/64689?type=amendment
Chronological list by year,1845,No. 1 of 1845,Arbitration-Assimilating to English Law,amendment,64687,https://laws.gov.tt/ttdll-web/revision/download/64687?type=amendment
Chronological list by year,1844,No. 20 of 1844,To amend 2 of 1844,amendment,64693,https://laws.gov.tt/ttdll-web/revision/download/64693?type=amendment
Chronological list by year,1844,No. 19 of 1844,Payment of expenses-Immigrants from Asia-Extending 2 of 1843,amendment,64691,https://laws.gov.tt/ttdll-web/revision/download/64691?type=amendment
Chronological list by year,1844,No. 18 of 1844,Raising money-Immigration-Agricultural Labour from India,amendment,64697,https://laws.gov.tt/ttdll-web/revision/download/64697?type=amendment
Chronological list by year,1844,No. 17 of 1844,To amend 12 of 1844,amendment,64695,https://laws.gov.tt/ttdll-web/revision/download/64695?type=amendment
Chronological list by year,1844,No. 16 of 1844,Regulating the duties of the Clergy-United Church of England and Ireland in Trinidad,amendment,64701,https://laws.gov.tt/ttdll-web/revision/download/64701?type=amendment
Chronological list by year,1844,No. 15 of 1844,Raising duties on imports and exports,amendment,64699,https://laws.gov.tt/ttdll-web/revision/download/64699?type=amendment
Chronological list by year,1844,No. 14 of 1844,To vest in the husband on marriage the same interest in the real and personal estate of the wife as he would take according to the Law of England-to take away the right of Ganancias and to make provision for the widows in lieu these of,amendment,64705,https://laws.gov.tt/ttdll-web/revision/download/64705?type=amendment
Chronological list by year,1844,No. 13 of 1844,Regulating Proceedings in Criminal Cases,amendment,64703,https://laws.gov.tt/ttdll-web/revision/download/64703?type=amendment
Chronological list by year,1844,No. 12 of 1844,Persons to serve as jurors,amendment,64709,https://laws.gov.tt/ttdll-web/revision/download/64709?type=amendment
Chronological list by year,1844,No. 11 of 1844,To introduce Trial by Jury-Assimilating Criminal Law to English Law,amendment,64707,https://laws.gov.tt/ttdll-web/revision/download/64707?type=amendment
Chronological list by year,1844,No. 10 of 1844,For the safe custody of insane persons charged with offences,amendment,64647,https://laws.gov.tt/ttdll-web/revision/download/64647?type=amendment
Chronological list by year,1844,No. 9 of 1844,Offences Against the Person,amendment,29582,https://laws.gov.tt/ttdll-web/revision/download/29582?type=amendment
Chronological list by year,1844,No. 8 of 1844,Limitation of personal and mixed actions,amendment,64649,https://laws.gov.tt/ttdll-web/revision/download/64649?type=amendment
Chronological list by year,1844,No. 7 of 1844,Raising money to promote immigration,amendment,64651,https://laws.gov.tt/ttdll-web/revision/download/64651?type=amendment
Chronological list by year,1844,No. 6 of 1844,Riot,amendment,29204,https://laws.gov.tt/ttdll-web/revision/download/29204?type=amendment
Chronological list by year,1844,No. 5 of 1844,For the Prevention of Fraud,amendment,64653,https://laws.gov.tt/ttdll-web/revision/download/64653?type=amendment
Chronological list by year,1844,No. 4 of 1844,Port-of-Spain Town Council-Levy of Rates on houses,amendment,64655,https://laws.gov.tt/ttdll-web/revision/download/64655?type=amendment
Chronological list by year,1844,No. 3 of 1844,To repeal-9 of 1841-Periodic Accounts of Population,amendment,64657,https://laws.gov.tt/ttdll-web/revision/download/64657?type=amendment
Chronological list by year,1844,No. 2 of 1844,Consolidating and amending Laws-Roads and Bridges,amendment,64659,https://laws.gov.tt/ttdll-web/revision/download/64659?type=amendment
Chronological list by year,1844,No. 1 of 1844,Assimilating Laws re Wills to English law,amendment,64661,https://laws.gov.tt/ttdll-web/revision/download/64661?type=amendment
Chronological list by year,1843,No. 8 of 1843,To continue inforce until 31.12.1844-7 of 1832,amendment,64663,https://laws.gov.tt/ttdll-web/revision/download/64663?type=amendment
Chronological list by year,1843,No. 7 of 1843,Vesting Lands in Trustee-Greyfriars Church,amendment,64665,https://laws.gov.tt/ttdll-web/revision/download/64665?type=amendment
Chronological list by year,1843,No. 6 of 1843,To alter and amend Laws-restraining free disposition of property,amendment,64667,https://laws.gov.tt/ttdll-web/revision/download/64667?type=amendment
Chronological list by year,1843,No. 5 of 1843,To render the charter of the West India Bank-as Good Evidence,amendment,64669,https://laws.gov.tt/ttdll-web/revision/download/64669?type=amendment
Chronological list by year,1843,No. 4 of 1843,Defraying expenses of Government,amendment,64671,https://laws.gov.tt/ttdll-web/revision/download/64671?type=amendment
Chronological list by year,1843,No. 3 of 1843,To expand and amend ordinance 1 of 1843,amendment,64673,https://laws.gov.tt/ttdll-web/revision/download/64673?type=amendment
Chronological list by year,1843,No. 2 of 1843,Payment of expenses-bringing immigrants from the coast of Africa or other places under the authority of H. M. Government,amendment,64675,https://laws.gov.tt/ttdll-web/revision/download/64675?type=amendment
Chronological list by year,1843,No. 1 of 1843,To amend Laws-Duties of Imports-tonnage-wharfage,amendment,64677,https://laws.gov.tt/ttdll-web/revision/download/64677?type=amendment
Chronological list by year,1842,No. 18 of 1842,To make provision for punishment-Certain offences,amendment,64749,https://laws.gov.tt/ttdll-web/revision/download/64749?type=amendment
Chronological list by year,1842,No. 17 of 1842,To Prohibit-setting of spring guns and mantraps,amendment,64747,https://laws.gov.tt/ttdll-web/revision/download/64747?type=amendment
Chronological list by year,1842,No. 16 of 1842,Treason-Assimilating to English Law,amendment,64745,https://laws.gov.tt/ttdll-web/revision/download/64745?type=amendment
Chronological list by year,1842,No. 15 of 1842,Riot-Unlawful assembly-Assimilating to English Law,amendment,64743,https://laws.gov.tt/ttdll-web/revision/download/64743?type=amendment
Chronological list by year,1842,No. 14 of 1842,Laws relating to Coin-Assimilating to English Law,amendment,64757,https://laws.gov.tt/ttdll-web/revision/download/64757?type=amendment
Chronological list by year,1842,No. 13 of 1842,Forgery-Assimilating to English Law,amendment,64755,https://laws.gov.tt/ttdll-web/revision/download/64755?type=amendment
Chronological list by year,1842,No. 12 of 1842,Malicious Injury to Property-Assimilating to English Law,amendment,64753,https://laws.gov.tt/ttdll-web/revision/download/64753?type=amendment
Chronological list by year,1842,No. 11 of 1842,Larceny,amendment,18218,https://laws.gov.tt/ttdll-web/revision/download/18218?type=amendment
Chronological list by year,1842,No. 10 of 1842,Offences Against the Person,amendment,29580,https://laws.gov.tt/ttdll-web/revision/download/29580?type=amendment
Chronological list by year,1842,No. 9 of 1842,To amend 5 of l842,amendment,64751,https://laws.gov.tt/ttdll-web/revision/download/64751?type=amendment
Chronological list by year,1842,No. 8 of 1842,Constructing Water Works Port-of-Spain,amendment,64765,https://laws.gov.tt/ttdll-web/revision/download/64765?type=amendment
Chronological list by year,1842,No. 7 of 1842,Protection and Promotion of Industry-Liberated Africans brought to Trinidad,amendment,64763,https://laws.gov.tt/ttdll-web/revision/download/64763?type=amendment
Chronological list by year,1842,No. 6 of 1842,Defraying Expenses of Government,amendment,64761,https://laws.gov.tt/ttdll-web/revision/download/64761?type=amendment
Chronological list by year,1842,No. 5 of 1842,To amend 11 of 1839,amendment,64759,https://laws.gov.tt/ttdll-web/revision/download/64759?type=amendment
Chronological list by year,1842,No. 4 of 1842,To amend 4 of 1841,amendment,64773,https://laws.gov.tt/ttdll-web/revision/download/64773?type=amendment
Chronological list by year,1842,No. 3 of 1842,To amend 2 of 1841,amendment,64771,https://laws.gov.tt/ttdll-web/revision/download/64771?type=amendment
Chronological list by year,1842,No. 2 of 1842,To amend 5 of 1839,amendment,64769,https://laws.gov.tt/ttdll-web/revision/download/64769?type=amendment
Chronological list by year,1842,No. 1 of 1842,Regulating the storing of gun powder,amendment,64767,https://laws.gov.tt/ttdll-web/revision/download/64767?type=amendment
Chronological list by year,1841,No. 14 of 1841,To continue inforce until 13.12.1843-7 of 1832,amendment,64715,https://laws.gov.tt/ttdll-web/revision/download/64715?type=amendment
Chronological list by year,1841,No. 13 of 1841,To render copies of Charter of Colonial Bank as evidence,amendment,64717,https://laws.gov.tt/ttdll-web/revision/download/64717?type=amendment
Chronological list by year,1841,No. 12 of 1841,Births and Deaths Registration,amendment,3578,https://laws.gov.tt/ttdll-web/revision/download/3578?type=amendment
Chronological list by year,1841,No. 11 of 1841,To enable Judges to award Habeas Corpus-persons detained in Gaol,amendment,64711,https://laws.gov.tt/ttdll-web/revision/download/64711?type=amendment
Chronological list by year,1841,No. 10 of 1841,To regulate admission-Conveyancers,amendment,64713,https://laws.gov.tt/ttdll-web/revision/download/64713?type=amendment
Chronological list by year,1841,No. 9 of 1841,To take periodical counts of population,amendment,64723,https://laws.gov.tt/ttdll-web/revision/download/64723?type=amendment
Chronological list by year,1841,No. 8 of 1841,To repeal 12 of 1839,amendment,64725,https://laws.gov.tt/ttdll-web/revision/download/64725?type=amendment
Chronological list by year,1841,No. 7 of 1841,Establishment of Lepper Ayslum,amendment,64719,https://laws.gov.tt/ttdll-web/revision/download/64719?type=amendment
Chronological list by year,1841,No. 6 of 1841,Establishment of ferries,amendment,64721,https://laws.gov.tt/ttdll-web/revision/download/64721?type=amendment
Chronological list by year,1841,No. 5 of 1841,To provide for duties performed by Clerks of Police under 14 of 1839,amendment,64731,https://laws.gov.tt/ttdll-web/revision/download/64731?type=amendment
Chronological list by year,1841,No. 4 of 1841,To vest in a Commissioner powers exercised by Police and Magistrates under 19 of 1838,amendment,64733,https://laws.gov.tt/ttdll-web/revision/download/64733?type=amendment
Chronological list by year,1841,No. 3 of 1841,To declare the powers of the Council of Government to punish contempt and breach of privilege,amendment,64727,https://laws.gov.tt/ttdll-web/revision/download/64727?type=amendment
Chronological list by year,1841,No. 2 of 1841,To consolidate laws re Police,amendment,64729,https://laws.gov.tt/ttdll-web/revision/download/64729?type=amendment
Chronological list by year,1841,No. 1 of 1841,To prevent cruelty to animals,amendment,64739,https://laws.gov.tt/ttdll-web/revision/download/64739?type=amendment
Chronological list by year,1840,No. 17 of 1840,To establish a public Hospital,amendment,64741,https://laws.gov.tt/ttdll-web/revision/download/64741?type=amendment
Chronological list by year,1840,No. 16 of 1840,"To continue in force until 30.6.1841-3 of 1838, 16 of 1838, 3 of 1839-6 of 1839",amendment,64735,https://laws.gov.tt/ttdll-web/revision/download/64735?type=amendment
Chronological list by year,1840,No. 15 of 1840,To alter and amend 6 of 1840-Cabildo,amendment,64737,https://laws.gov.tt/ttdll-web/revision/download/64737?type=amendment
Chronological list by year,1840,No. 14 of 1840,Steam Navigation between England and Trinidad-Mail and passengers,amendment,64817,https://laws.gov.tt/ttdll-web/revision/download/64817?type=amendment
Chronological list by year,1840,No. 13 of 1840,To establish a rate-passengers on merchant Vessels,amendment,64815,https://laws.gov.tt/ttdll-web/revision/download/64815?type=amendment
Chronological list by year,1840,No. 12 of 1840,To facilitate recovery of possession-tenements,amendment,64821,https://laws.gov.tt/ttdll-web/revision/download/64821?type=amendment
Chronological list by year,1840,No. 11 of 1840,To revive and make permanent 13 of 1838,amendment,64819,https://laws.gov.tt/ttdll-web/revision/download/64819?type=amendment
Chronological list by year,1840,No. 10 of 1840,For regulating buildings in Port-of-Spain,amendment,64809,https://laws.gov.tt/ttdll-web/revision/download/64809?type=amendment
Chronological list by year,1840,No. 9 of 1840,To consolidate and amend Laws re Police,amendment,64807,https://laws.gov.tt/ttdll-web/revision/download/64807?type=amendment
Chronological list by year,1840,No. 8 of 1840,To continue inforce until 31.12.1840-3 of 1838; 16 of 1838; 3 of 1839; 6 of 1839,amendment,64813,https://laws.gov.tt/ttdll-web/revision/download/64813?type=amendment
Chronological list by year,1840,No. 7 of 1840,To remove doubts concerning 1 of 1838,amendment,64811,https://laws.gov.tt/ttdll-web/revision/download/64811?type=amendment
Chronological list by year,1840,No. 6 of 1840,Regulating the powers-Constitution and Elections the Corporate Body-the Illustrious Cabildo of Port-of-Spain,amendment,64833,https://laws.gov.tt/ttdll-web/revision/download/64833?type=amendment
Chronological list by year,1840,No. 5 of 1840,Regulating the Harbour of Port-of-Spain,amendment,64831,https://laws.gov.tt/ttdll-web/revision/download/64831?type=amendment
Chronological list by year,1840,No. 4 of 1840,Regulating Licensing of Hucksters etc.,amendment,64837,https://laws.gov.tt/ttdll-web/revision/download/64837?type=amendment
Chronological list by year,1840,No. 3 of 1840,"To amend 3 of 1835; 3 of 1838, 11 of 1839",amendment,64835,https://laws.gov.tt/ttdll-web/revision/download/64835?type=amendment
Chronological list by year,1840,No. 2 of 1840,To repeal the seventh clause of 15 of 1838,amendment,64825,https://laws.gov.tt/ttdll-web/revision/download/64825?type=amendment
Chronological list by year,1840,No. 1 of 1840,To revive and continue in force until 1.8.1840-13 of 1836,amendment,64823,https://laws.gov.tt/ttdll-web/revision/download/64823?type=amendment
Chronological list by year,1839,No. 14 of 1839,To establish Petty Sessions,amendment,64829,https://laws.gov.tt/ttdll-web/revision/download/64829?type=amendment
Chronological list by year,1839,No. 13 of 1839,"To continue in force until 1.8.1840-3 of 1838; 16 of 1838, 6 of 1839",amendment,64827,https://laws.gov.tt/ttdll-web/revision/download/64827?type=amendment
Chronological list by year,1839,No. 12 of 1839,"Annual returns-Births, Deaths, Marriages",amendment,64783,https://laws.gov.tt/ttdll-web/revision/download/64783?type=amendment
Chronological list by year,1839,No. 11 of 1839,"To consolidate and amend-Roads, Bridges etc.",amendment,64785,https://laws.gov.tt/ttdll-web/revision/download/64785?type=amendment
Chronological list by year,1839,No. 10 of 1839,"To continue inforce until 31,12.1841-Ordinance 7 of 1832",amendment,64787,https://laws.gov.tt/ttdll-web/revision/download/64787?type=amendment
Chronological list by year,1839,No. 9 of 1839,To explain 19 of 1838 and indemnify Magistrates etc.,amendment,64789,https://laws.gov.tt/ttdll-web/revision/download/64789?type=amendment
Chronological list by year,1839,No. 8 of 1839,Calling in Arms and Accoutrements of the Militia,amendment,64775,https://laws.gov.tt/ttdll-web/revision/download/64775?type=amendment
Chronological list by year,1839,No. 7 of 1839,Vesting the San Fernando Wharf in His Majesty,amendment,64777,https://laws.gov.tt/ttdll-web/revision/download/64777?type=amendment
Chronological list by year,1839,No. 6 of 1839,To amend 3 of 1838,amendment,64779,https://laws.gov.tt/ttdll-web/revision/download/64779?type=amendment
Chronological list by year,1839,No. 5 of 1839,Encouragement of Immigration,amendment,64781,https://laws.gov.tt/ttdll-web/revision/download/64781?type=amendment
Chronological list by year,1839,No. 4 of 1839,To amend Laws-re Savings Banks,amendment,64799,https://laws.gov.tt/ttdll-web/revision/download/64799?type=amendment
Chronological list by year,1839,No. 3 of 1839,To amend 3 of 1838,amendment,64801,https://laws.gov.tt/ttdll-web/revision/download/64801?type=amendment
Chronological list by year,1839,No. 2 of 1839,Malicious injury to property,amendment,64803,https://laws.gov.tt/ttdll-web/revision/download/64803?type=amendment
Chronological list by year,1839,No. 1 of 1839,Petty thefts-Summary punishment,amendment,64805,https://laws.gov.tt/ttdll-web/revision/download/64805?type=amendment
Chronological list by year,1838,No. 21 of 1838,To limit British Silver coins-lawful tender,amendment,64791,https://laws.gov.tt/ttdll-web/revision/download/64791?type=amendment
Chronological list by year,1838,No. 20 of 1838,To amend 2 of 1837-To continue the Militia until 30.6.1839,amendment,64793,https://laws.gov.tt/ttdll-web/revision/download/64793?type=amendment
Chronological list by year,1838,No. 19 of 1838,Improving-Petty Civil Court Actions,amendment,64795,https://laws.gov.tt/ttdll-web/revision/download/64795?type=amendment
Chronological list by year,1838,No. 18 of 1838,To continue in force until 31.12.1839-Ordinance 7 of 1832,amendment,64797,https://laws.gov.tt/ttdll-web/revision/download/64797?type=amendment
Chronological list by year,1838,No. 17 of 1838,To facilitate immigration-Agricultural Labour,amendment,64885,https://laws.gov.tt/ttdll-web/revision/download/64885?type=amendment
Chronological list by year,1838,No. 16 of 1838,To amend Ordinance 3 of 1838,amendment,64883,https://laws.gov.tt/ttdll-web/revision/download/64883?type=amendment
Chronological list by year,1838,No. 15 of 1838,Preventing Trespass-cattle and other animals,amendment,64881,https://laws.gov.tt/ttdll-web/revision/download/64881?type=amendment
Chronological list by year,1838,No. 14 of 1838,To amend 9 of 1837,amendment,64879,https://laws.gov.tt/ttdll-web/revision/download/64879?type=amendment
Chronological list by year,1838,No. 13 of 1838,"Regulation of Hucksters, pedlars and hawkers",amendment,64877,https://laws.gov.tt/ttdll-web/revision/download/64877?type=amendment
Chronological list by year,1838,No. 12 of 1838,"To consolidate and assimilate-Vagrants, rogues etc., to Law of England",amendment,64875,https://laws.gov.tt/ttdll-web/revision/download/64875?type=amendment
Chronological list by year,1838,No. 11 of 1838,To declare the meaning of the word Governor,amendment,64873,https://laws.gov.tt/ttdll-web/revision/download/64873?type=amendment
Chronological list by year,1838,No. 10 of 1838,Raising Revenue-Licences from retailing rum etc.,amendment,64871,https://laws.gov.tt/ttdll-web/revision/download/64871?type=amendment
Chronological list by year,1838,No. 9 of 1838,Preventing wilful trespass on lands,amendment,64901,https://laws.gov.tt/ttdll-web/revision/download/64901?type=amendment
Chronological list by year,1838,No. 8 of 1838,Preventing-occupying waste or uncultivated lands without authority,amendment,64899,https://laws.gov.tt/ttdll-web/revision/download/64899?type=amendment
Chronological list by year,1838,No. 7 of 1838,Malicious injury to property-summary punishment,amendment,64897,https://laws.gov.tt/ttdll-web/revision/download/64897?type=amendment
Chronological list by year,1838,No. 6 of 1838,Petty thefts-summary punishment,amendment,64895,https://laws.gov.tt/ttdll-web/revision/download/64895?type=amendment
Chronological list by year,1838,No. 5 of 1838,Common Assaults and batteries-Summary punishment,amendment,64893,https://laws.gov.tt/ttdll-web/revision/download/64893?type=amendment
Chronological list by year,1838,No. 4 of 1838,To ascertain and regulate the powers of Justices of the Peace,amendment,64891,https://laws.gov.tt/ttdll-web/revision/download/64891?type=amendment
Chronological list by year,1838,No. 3 of 1838,To establish a system of Rural Police,amendment,64889,https://laws.gov.tt/ttdll-web/revision/download/64889?type=amendment
Chronological list by year,1838,No. 2 of 1838,Abolition of praedial apprenticed labour from 1.8.1839,amendment,64887,https://laws.gov.tt/ttdll-web/revision/download/64887?type=amendment
Chronological list by year,1838,No. 1 of 1838,Appointing a Marshal-transferring duties of Alquazil Mayors to Marshal,amendment,64851,https://laws.gov.tt/ttdll-web/revision/download/64851?type=amendment
Chronological list by year,1837,No. 12 of 1837,Regulating summary procedure,amendment,64853,https://laws.gov.tt/ttdll-web/revision/download/64853?type=amendment
Chronological list by year,1837,No. 11 of 1837,Improving the Police in Port-of-Spain,amendment,64847,https://laws.gov.tt/ttdll-web/revision/download/64847?type=amendment
Chronological list by year,1837,No. 10 of 1837,"Repealing-Ordinances, Proclamations certain rules and Regulations of Police",amendment,64849,https://laws.gov.tt/ttdll-web/revision/download/64849?type=amendment
Chronological list by year,1837,No. 9 of 1837,"Licensing Huckster, porters, carters in Port-of-Spain",amendment,64843,https://laws.gov.tt/ttdll-web/revision/download/64843?type=amendment
Chronological list by year,1837,No. 8 of 1837,Raising revenue Licence to retail rum etc.,amendment,64845,https://laws.gov.tt/ttdll-web/revision/download/64845?type=amendment
Chronological list by year,1837,No. 7 of 1837,To empower the Secretary and Registrar of Deeds to perfect the registration of certain deeds etc.,amendment,64839,https://laws.gov.tt/ttdll-web/revision/download/64839?type=amendment
Chronological list by year,1837,No. 6 of 1837,Raising Revenue-Licences to retail rum,amendment,64841,https://laws.gov.tt/ttdll-web/revision/download/64841?type=amendment
Chronological list by year,1837,No. 5 of 1837,Regulating the keeping and Storing of Gunpowder,amendment,64867,https://laws.gov.tt/ttdll-web/revision/download/64867?type=amendment
Chronological list by year,1837,No. 4 of 1837,To continue in force until 31.12.1838-Ordinance 7 of 1832,amendment,64869,https://laws.gov.tt/ttdll-web/revision/download/64869?type=amendment
Chronological list by year,1837,No. 3 of 1837,To amend Laws relating to Savings Banks,amendment,64863,https://laws.gov.tt/ttdll-web/revision/download/64863?type=amendment
Chronological list by year,1837,No. 2 of 1837,Ordering and Regulating the Militia Forces,amendment,64865,https://laws.gov.tt/ttdll-web/revision/download/64865?type=amendment
Chronological list by year,1837,No. 1 of 1837,To carry into effect 17 of 1836-(without publication in the Gazette as required by the Ordinance),amendment,64859,https://laws.gov.tt/ttdll-web/revision/download/64859?type=amendment
Chronological list by year,1836,No. 20 of 1836,To continue and amend 9 of 1834,amendment,64861,https://laws.gov.tt/ttdll-web/revision/download/64861?type=amendment
Chronological list by year,1836,No. 19 of 1836,To amend and explain 17 of 1836,amendment,64855,https://laws.gov.tt/ttdll-web/revision/download/64855?type=amendment
Chronological list by year,1836,No. 18 of 1836,To continue and amend Ordinance 4 of 1835,amendment,64857,https://laws.gov.tt/ttdll-web/revision/download/64857?type=amendment
Chronological list by year,1836,No. 17 of 1836,Making and Repairing Roads and Bridges,amendment,64083,https://laws.gov.tt/ttdll-web/revision/download/64083?type=amendment
Chronological list by year,1836,No. 16 of 1836,Assimilating-Survivorship of actions and contracts,amendment,64085,https://laws.gov.tt/ttdll-web/revision/download/64085?type=amendment
Chronological list by year,1836,No. 15 of 1836,To continue in force until 1.3.1837-Ordinance 7 of 1834,amendment,64079,https://laws.gov.tt/ttdll-web/revision/download/64079?type=amendment
Chronological list by year,1836,No. 14 of 1836,Regulating deeds and Contracts by Married Women,amendment,64081,https://laws.gov.tt/ttdll-web/revision/download/64081?type=amendment
Chronological list by year,1836,No. 13 of 1836,To continue in force until 1.11.1837-Ordinance 7 of 1832,amendment,64075,https://laws.gov.tt/ttdll-web/revision/download/64075?type=amendment
Chronological list by year,1836,No. 12 of 1836,Granting a bounty to Female Immigrants,amendment,64077,https://laws.gov.tt/ttdll-web/revision/download/64077?type=amendment
Chronological list by year,1836,No. 11 of 1836,Prevention of Fraud,amendment,64071,https://laws.gov.tt/ttdll-web/revision/download/64071?type=amendment
Chronological list by year,1836,No. 10 of 1836,"To Consolidate and Assimilate-Vagrants, Rogues, Vagabonds to U. K. Law",amendment,64073,https://laws.gov.tt/ttdll-web/revision/download/64073?type=amendment
Chronological list by year,1836,No. 9 of 1836,Assimilating Bills of Exchange and Promissory Notes-to Laws of England,amendment,64099,https://laws.gov.tt/ttdll-web/revision/download/64099?type=amendment
Chronological list by year,1836,No. 8 of 1836,Proof of Deeds etc.-executed out of the Colony,amendment,64101,https://laws.gov.tt/ttdll-web/revision/download/64101?type=amendment
Chronological list by year,1836,No. 7 of 1836,"Limitation of Actions and Suits real, personal or mixed",amendment,64095,https://laws.gov.tt/ttdll-web/revision/download/64095?type=amendment
Chronological list by year,1836,No. 6 of 1836,Assimilating malicious injury to Property to Laws of England,amendment,64097,https://laws.gov.tt/ttdll-web/revision/download/64097?type=amendment
Chronological list by year,1836,No. 5 of 1836,Assimilating Laws-Larceny to Laws of England,amendment,64091,https://laws.gov.tt/ttdll-web/revision/download/64091?type=amendment
Chronological list by year,1836,No. 4 of 1836,Assimilating Laws of Colony-Offences against the Person to English Laws,amendment,64093,https://laws.gov.tt/ttdll-web/revision/download/64093?type=amendment
Chronological list by year,1836,No. 3 of 1836,To legalise all the entries made-the late Registrar of Slaves,amendment,64087,https://laws.gov.tt/ttdll-web/revision/download/64087?type=amendment
Chronological list by year,1836,No. 2 of 1836,To continue in force until 1.10.1836-Ordinance 7 of 1834,amendment,64089,https://laws.gov.tt/ttdll-web/revision/download/64089?type=amendment
Chronological list by year,1836,No. 1 of 1836,Renumeration of Alguazils,amendment,64117,https://laws.gov.tt/ttdll-web/revision/download/64117?type=amendment
Chronological list by year,1835,No. 8 of 1835,Protection of persons with claims on the Compensation Fund,amendment,64115,https://laws.gov.tt/ttdll-web/revision/download/64115?type=amendment
Chronological list by year,1835,No. 7 of 1835,To continue in force until 1.5.1836 Ordinance 7 of 1834,amendment,64113,https://laws.gov.tt/ttdll-web/revision/download/64113?type=amendment
Chronological list by year,1835,No. 6 of 1835,To explain and Amend 4 of 1835,amendment,64111,https://laws.gov.tt/ttdll-web/revision/download/64111?type=amendment
Chronological list by year,1835,No. 5 of 1835,To continue in force until 1.11.1836 Ordinance 7 of 1832,amendment,64109,https://laws.gov.tt/ttdll-web/revision/download/64109?type=amendment
Chronological list by year,1835,No. 4 of 1835,Establishing a system of Police in Port-of-Spain,amendment,64107,https://laws.gov.tt/ttdll-web/revision/download/64107?type=amendment
Chronological list by year,1835,No. 3 of 1835,To repeal certain orders of Government-making and sale of bread,amendment,64105,https://laws.gov.tt/ttdll-web/revision/download/64105?type=amendment
Chronological list by year,1835,No. 2 of 1835,To revise and continue in force Ordinance 7 of 1834,amendment,64103,https://laws.gov.tt/ttdll-web/revision/download/64103?type=amendment
Chronological list by year,1835,No. 1 of 1835,Protecting and Promoting industry-Africans transferred to the Island,amendment,64133,https://laws.gov.tt/ttdll-web/revision/download/64133?type=amendment
Chronological list by year,1834,No. 9 of 1834,Regulating the Militia Forces,amendment,64131,https://laws.gov.tt/ttdll-web/revision/download/64131?type=amendment
Chronological list by year,1834,No. 8 of 1834,Speeding up Administration of Justice-punish runaway apprentices,amendment,64129,https://laws.gov.tt/ttdll-web/revision/download/64129?type=amendment
Chronological list by year,1834,No. 7 of 1834,To provide immediate repairs to public roads,amendment,64127,https://laws.gov.tt/ttdll-web/revision/download/64127?type=amendment
Chronological list by year,1834,No. 6 of 1834,To continue Ordinance 7 of 1832 1.11.1835,amendment,64125,https://laws.gov.tt/ttdll-web/revision/download/64125?type=amendment
Chronological list by year,1834,No. 5 of 1834,Rendering Magistrates Safe in execution of duty,amendment,64123,https://laws.gov.tt/ttdll-web/revision/download/64123?type=amendment
Chronological list by year,1834,No. 4 of 1834,To induce runaway slaves to return to their owners before 31.7.1834,amendment,64121,https://laws.gov.tt/ttdll-web/revision/download/64121?type=amendment
Chronological list by year,1834,No. 3 of 1834,"Imposing duties, tonnage etc.",amendment,64119,https://laws.gov.tt/ttdll-web/revision/download/64119?type=amendment
Chronological list by year,1834,No. 2 of 1834,To Continue Ordinance 1 of 1832 until 1.8.1834,amendment,64039,https://laws.gov.tt/ttdll-web/revision/download/64039?type=amendment
Chronological list by year,1834,No. 1 of 1834,Regulating the Printing and Publishing of Newspapers,amendment,64041,https://laws.gov.tt/ttdll-web/revision/download/64041?type=amendment
Chronological list by year,1833,No. 19 of 1833,"Division of Apprentices and Labour into classes, as prescribed by the English Act 28.8.1833-Abolition of Slavery",amendment,64043,https://laws.gov.tt/ttdll-web/revision/download/64043?type=amendment
Chronological list by year,1833,No. 18 of 1833,Supplementary Appropriation-1833,amendment,64045,https://laws.gov.tt/ttdll-web/revision/download/64045?type=amendment
Chronological list by year,1833,No. 17 of 1833,Altering the Law in Criminal Cases-Form of Indictment,amendment,64031,https://laws.gov.tt/ttdll-web/revision/download/64031?type=amendment
Chronological list by year,1833,No. 16 of 1833,Appropriating sums-Payment of Salaries to Public Officers,amendment,64033,https://laws.gov.tt/ttdll-web/revision/download/64033?type=amendment
Chronological list by year,1833,No. 15 of 1833,Establishing a Board of Health,amendment,64035,https://laws.gov.tt/ttdll-web/revision/download/64035?type=amendment
Chronological list by year,1833,No. 14 of 1833,"Investing Alcaldes Ordinary with Authority, of Magistrate",amendment,64037,https://laws.gov.tt/ttdll-web/revision/download/64037?type=amendment
Chronological list by year,1833,No. 13 of 1833,Schedule of fees-Court of Complaint,amendment,64055,https://laws.gov.tt/ttdll-web/revision/download/64055?type=amendment
Chronological list by year,1833,No. 12 of 1833,Habeas Corpus,amendment,13053,https://laws.gov.tt/ttdll-web/revision/download/13053?type=amendment
Chronological list by year,1832,No. 11 of 1832,Preventing frauds on Revenue,amendment,64057,https://laws.gov.tt/ttdll-web/revision/download/64057?type=amendment
Chronological list by year,1832,No. 10 of 1832,Age of Majority,amendment,64059,https://laws.gov.tt/ttdll-web/revision/download/64059?type=amendment
Chronological list by year,1832,No. 9 of 1832,Quarantine,amendment,64061,https://laws.gov.tt/ttdll-web/revision/download/64061?type=amendment
Chronological list by year,1832,No. 8 of 1832,Ratifying Table of Fees-Civil and Criminal Court,amendment,64047,https://laws.gov.tt/ttdll-web/revision/download/64047?type=amendment
Chronological list by year,1832,No. 7 of 1832,Regulating proceedings in Criminal Cases,amendment,64049,https://laws.gov.tt/ttdll-web/revision/download/64049?type=amendment
Chronological list by year,1832,No. 6 of 1832,Prevention of frauds in the sale of rum,amendment,64051,https://laws.gov.tt/ttdll-web/revision/download/64051?type=amendment
Chronological list by year,1832,No. 5 of 1832,Imposing additional duties,amendment,64053,https://laws.gov.tt/ttdll-web/revision/download/64053?type=amendment
Chronological list by year,1832,No. 4 of 1832,Defraying expenses of Government for 1833,amendment,64065,https://laws.gov.tt/ttdll-web/revision/download/64065?type=amendment
Chronological list by year,1832,No. 3 of 1832,Imposing duties on goods and vessels for revenue for 1833,amendment,64063,https://laws.gov.tt/ttdll-web/revision/download/64063?type=amendment
Chronological list by year,1832,No. 2 of 1832,Duties of Attorney General and Public Prosecutor-Order in Council,amendment,64069,https://laws.gov.tt/ttdll-web/revision/download/64069?type=amendment
Chronological list by year,1832,No. 1 of 1832,Defining Offences committed by slaves-punishment,amendment,64067,https://laws.gov.tt/ttdll-web/revision/download/64067?type=amendment
